//! Per-circuit visual texture data: 15-bit direct colour stream.
//!
//! Generated by `tools/track_cook/build_atlas.py`. Do not edit by hand.

/// Visual image width in texels.
pub const WIDTH: usize = 320;
/// Visual image height in texels.
pub const HEIGHT: usize = 320;
/// Number of authored circuits, one texture each.
pub const COUNT: usize = 4;
/// Raw uncompressed 16-bit BGR555 halfword count per track image.
pub const RAW_HALFWORDS: usize = WIDTH * HEIGHT;
/// Raw uncompressed byte count per track image (204,800 bytes).
pub const RAW_BYTES: usize = RAW_HALFWORDS * 2;
/// Streaming ring buffer window size in bytes.
pub const STREAM_WINDOW: usize = 8192;

/// Streaming compressed 15-bit colour visual texture streams.
pub static STREAM_PACKED: [&[u8]; COUNT] = [
    &TRACK_0_15BPP,
    &TRACK_1_15BPP,
    &TRACK_2_15BPP,
    &TRACK_3_15BPP,
];

static TRACK_0_15BPP: [u8; 12253] = [
    0x2F, 0x24, 0x15, 0x24, 0x15, 0x00, 0x04, 0x0F, 0x04, 0x00, 0x14, 0x10, 0x00, 0x04, 0x03, 0x00,
    0x00, 0x1A, 0x01, 0x00, 0x1E, 0x0B, 0x00, 0x12, 0x0F, 0x00, 0x16, 0x1B, 0x00, 0x5A, 0x13, 0x00,
    0x2C, 0x21, 0x00, 0x54, 0x05, 0x00, 0x80, 0x21, 0x00, 0x00, 0x04, 0x17, 0x00, 0x58, 0x21, 0x00,
    0x6A, 0x17, 0x00, 0x66, 0x2D, 0x00, 0x58, 0x33, 0x01, 0x28, 0x1F, 0x00, 0x54, 0x0B, 0x00, 0x34,
    0x0F, 0x00, 0x01, 0x80, 0x2D, 0x00, 0x04, 0x0B, 0x02, 0x00, 0x6F, 0x00, 0x60, 0x2D, 0x01, 0x3C,
    0x2D, 0x00, 0xA2, 0x25, 0x00, 0x04, 0x17, 0x01, 0x72, 0x0F, 0x00, 0x02, 0xB8, 0x29, 0x00, 0xF8,
    0x29, 0x00, 0xC2, 0x21, 0x00, 0xBE, 0x25, 0x02, 0xCA, 0x2D, 0x01, 0xB8, 0x25, 0x03, 0x34, 0x17,
    0x00, 0x5A, 0x13, 0x00, 0x01, 0x96, 0x37, 0x02, 0x00, 0x6D, 0x03, 0x48, 0x3B, 0x01, 0x14, 0x0F,
    0x00, 0xD6, 0x1B, 0x01, 0x98, 0x29, 0x00, 0x0C, 0x03, 0x02, 0x2A, 0x1B, 0x00, 0x01, 0x40, 0x37,
    0x00, 0x92, 0x13, 0x03, 0x40, 0x3F, 0x00, 0x58, 0x31, 0x03, 0x90, 0x25, 0x05, 0xA0, 0x29, 0x02,
    0x2A, 0x33, 0x02, 0x00, 0x5D, 0x00, 0x03, 0x00, 0x59, 0x04, 0xA8, 0x1F, 0x01, 0x40, 0x33, 0x00,
    0xD6, 0x17, 0x01, 0xD2, 0x3F, 0x05, 0x6A, 0x4D, 0x00, 0xA4, 0x1B, 0x06, 0xB8, 0x37, 0x00, 0x03,
    0xC0, 0x37, 0x05, 0x00, 0x67, 0x02, 0x00, 0x21, 0x01, 0x56, 0x37, 0x04, 0x16, 0x2D, 0x02, 0x2A,
    0x3B, 0x04, 0x16, 0x3B, 0x03, 0x96, 0x1D, 0x00, 0x07, 0x7A, 0x1B, 0x03, 0x40, 0x2D, 0x0A, 0xF8,
    0x49, 0x05, 0x3E, 0x17, 0x0A, 0xF8, 0x3B, 0x00, 0x58, 0x1B, 0x00, 0x14, 0x0B, 0x02, 0x00, 0x67,
    0x00, 0x00, 0x04, 0x03, 0x03, 0x00, 0x25, 0x05, 0x9C, 0x29, 0x00, 0xAA, 0x1D, 0x03, 0x66, 0x1F,
    0x02, 0xD6, 0x3B, 0x00, 0x6A, 0x25, 0x00, 0x04, 0x17, 0x00, 0x0B, 0x76, 0x37, 0x00, 0x04, 0x0F,
    0x0B, 0xE0, 0x31, 0x0D, 0x76, 0x55, 0x00, 0x2E, 0x0F, 0x02, 0x00, 0x69, 0x0B, 0xAE, 0x37, 0x00,
    0x1C, 0x13, 0x00, 0x00, 0xD6, 0x3B, 0x04, 0xA8, 0x13, 0x05, 0x00, 0x43, 0x00, 0x2E, 0x0F, 0x05,
    0x00, 0x0F, 0x00, 0x04, 0x17, 0x02, 0xD6, 0x37, 0x0B, 0xC0, 0x3F, 0x00, 0x01, 0x54, 0x29, 0x00,
    0xC4, 0x17, 0x05, 0x00, 0x37, 0x00, 0x04, 0x0F, 0x02, 0x00, 0x55, 0x00, 0x04, 0x03, 0x01, 0xC0,
    0x3B, 0x03, 0x00, 0x25, 0x00, 0x01, 0x40, 0x29, 0x05, 0x00, 0x49, 0x10, 0xB4, 0x1B, 0x01, 0x76,
    0x17, 0x05, 0x00, 0xFF, 0x02, 0x00, 0x51, 0x04, 0x00, 0x51, 0x13, 0xF8, 0x55, 0x00, 0x00, 0x40,
    0x0F, 0x02, 0xC0, 0x37, 0x04, 0x00, 0x93, 0x06, 0x00, 0x25, 0x03, 0x2A, 0x3F, 0x06, 0x00, 0x59,
    0x01, 0x54, 0x2D, 0x0B, 0x7E, 0x1F, 0x00, 0x0F, 0x98, 0x3B, 0x0F, 0xC0, 0x37, 0x00, 0x6A, 0x3F,
    0x15, 0x22, 0x31, 0x01, 0xEC, 0x51, 0x00, 0x04, 0x0F, 0x00, 0xEA, 0x1D, 0x01, 0x96, 0x0D, 0x00,
    0x0D, 0xD6, 0x49, 0x00, 0x6A, 0x1B, 0x00, 0x04, 0x13, 0x02, 0x00, 0x53, 0x0A, 0x02, 0x0B, 0x0E,
    0x00, 0x3F, 0x02, 0xFC, 0x35, 0x00, 0x04, 0x07, 0x00, 0x02, 0xD6, 0x51, 0x02, 0x2A, 0x3F, 0x00,
    0x14, 0x0B, 0x09, 0xEE, 0x31, 0x02, 0xD6, 0x21, 0x04, 0xA8, 0x25, 0x03, 0xC0, 0x37, 0x02, 0xD6,
    0x0F, 0x00, 0x02, 0x00, 0x7B, 0x05, 0x00, 0xEB, 0x01, 0x6C, 0x0D, 0x05, 0x00, 0x99, 0x09, 0x2C,
    0x15, 0x00, 0x04, 0x0B, 0x08, 0x2E, 0x33, 0x05, 0x00, 0x87, 0x00, 0x04, 0x00, 0x41, 0x01, 0xD6,
    0x0F, 0x19, 0x58, 0x4B, 0x04, 0x00, 0x5B, 0x1D, 0xE2, 0x39, 0x06, 0x00, 0x4D, 0x01, 0x16, 0x33,
    0x06, 0x00, 0x7D, 0x00, 0x02, 0x00, 0x47, 0x17, 0xC2, 0x31, 0x00, 0x1C, 0x0D, 0x16, 0x7E, 0x4D,
    0x00, 0x6A, 0x17, 0x00, 0x04, 0x13, 0x18, 0x96, 0x3F, 0x00, 0x04, 0x13, 0x00, 0x06, 0x00, 0x8F,
    0x18, 0x7C, 0x25, 0x16, 0x7E, 0x3F, 0x02, 0x00, 0x63, 0x00, 0x04, 0x03, 0x02, 0x2A, 0x3B, 0x03,
    0x00, 0x17, 0x00, 0x04, 0x0B, 0x00, 0x01, 0x40, 0x3F, 0x00, 0x5A, 0x13, 0x01, 0x40, 0x3B, 0x0B,
    0x00, 0xD1, 0x05, 0xEA, 0x17, 0x04, 0x2A, 0x51, 0x02, 0x00, 0x3B, 0x1C, 0xC2, 0x45, 0x00, 0x00,
    0x72, 0x0F, 0x09, 0x6A, 0x37, 0x05, 0x00, 0x5F, 0x09, 0x00, 0x23, 0x00, 0x04, 0x0B, 0x05, 0x00,
    0x51, 0x01, 0xC0, 0x13, 0x05, 0x00, 0x33, 0x00, 0x1B, 0x7E, 0x4B, 0x02, 0x00, 0x57, 0x04, 0x00,
    0x33, 0x15, 0x14, 0x29, 0x15, 0x2A, 0x43, 0x00, 0x2A, 0x0F, 0x04, 0x6A, 0x2F, 0x01, 0xD6, 0x1F,
    0x00, 0x06, 0x00, 0x9D, 0x0B, 0x00, 0x3F, 0x06, 0x00, 0x43, 0x02, 0x00, 0x4B, 0x00, 0x38, 0x2D,
    0x00, 0x16, 0x3B, 0x00, 0x12, 0x1F, 0x01, 0x14, 0x07, 0x00, 0x1F, 0x60, 0x4D, 0x00, 0x12, 0x0D,
    0x1E, 0x08, 0x2F, 0x00, 0x42, 0x0F, 0x00, 0x6A, 0x0D, 0x02, 0x44, 0x17, 0x11, 0xE4, 0x3B, 0x00,
    0x6A, 0x0F, 0x00, 0x00, 0x04, 0x07, 0x17, 0xE0, 0x51, 0x02, 0x00, 0x63, 0x00, 0xD6, 0x2B, 0x00,
    0xE8, 0x29, 0x00, 0x04, 0x13, 0x18, 0x8A, 0x29, 0x00, 0x58, 0x2D, 0x00, 0x00, 0x14, 0x0B, 0x01,
    0xC0, 0x13, 0x19, 0xA0, 0x55, 0x01, 0x54, 0x25, 0x00, 0x04, 0x17, 0x1B, 0x76, 0x49, 0x05, 0x20,
    0x27, 0x02, 0x00, 0x7F, 0x00, 0x13, 0x0A, 0x2F, 0x05, 0x00, 0xA9, 0x00, 0x26, 0x0B, 0x0D, 0xAC,
    0x23, 0x03, 0x40, 0x45, 0x02, 0xE8, 0x3F, 0x03, 0x40, 0x67, 0x02, 0x00, 0x79, 0x00, 0x00, 0xC0,
    0x4D, 0x04, 0x00, 0x7F, 0x06, 0xD6, 0x55, 0x04, 0x00, 0x53, 0x0B, 0x3A, 0x41, 0x02, 0x40, 0x3B,
    0x02, 0x00, 0x81, 0x00, 0x04, 0x23, 0x00, 0x04, 0x00, 0x1F, 0x0B, 0x2A, 0x07, 0x02, 0x2A, 0x4B,
    0x0D, 0x74, 0x33, 0x04, 0x00, 0x51, 0x00, 0x04, 0x13, 0x11, 0x26, 0x43, 0x00, 0x04, 0x03, 0x00,
    0x05, 0xA8, 0x31, 0x0A, 0xEA, 0x21, 0x02, 0x14, 0x3F, 0x02, 0x00, 0x53, 0x05, 0xC0, 0x4D, 0x0C,
    0x40, 0x4F, 0x00, 0xD6, 0x2B, 0x0E, 0x20, 0x31, 0x00, 0x13, 0x20, 0x37, 0x0B, 0x00, 0x43, 0x00,
    0x2E, 0x0F, 0x05, 0x00, 0x55, 0x0F, 0x6E, 0x1F, 0x00, 0x04, 0x07, 0x02, 0x00, 0x67, 0x00, 0x04,
    0x23, 0x00, 0x01, 0xC0, 0x3F, 0x00, 0x04, 0x13, 0x05, 0x00, 0x8F, 0x16, 0xF6, 0x2D, 0x0B, 0x00,
    0x3B, 0x00, 0xEA, 0x1B, 0x05, 0x00, 0x3F, 0x00, 0x04, 0x03, 0x00, 0x05, 0x00, 0x61, 0x00, 0x04,
    0x03, 0x00, 0x6A, 0x27, 0x11, 0xCC, 0x43, 0x0C, 0x2A, 0x4D, 0x09, 0x00, 0x61, 0x04, 0x00, 0x8B,
    0x06, 0x00, 0x59, 0x00, 0x00, 0xEA, 0x0B, 0x13, 0xCC, 0x51, 0x04, 0x6C, 0x39, 0x1E, 0xE0, 0x29,
    0x04, 0x04, 0x2D, 0x00, 0x12, 0x37, 0x01, 0xC4, 0x2D, 0x0F, 0x00, 0x2D, 0x00, 0x02, 0x7E, 0x19,
    0x15, 0xE0, 0x47, 0x00, 0x04, 0x0B, 0x1B, 0xE0, 0x43, 0x0A, 0x96, 0x2D, 0x00, 0x30, 0x1D, 0x02,
    0x00, 0x7B, 0x00, 0xD6, 0x29, 0x00, 0x14, 0x00, 0x55, 0x00, 0x2A, 0x0F, 0x02, 0x7E, 0x09, 0x04,
    0xA8, 0x37, 0x1D, 0xA0, 0x6F, 0x04, 0xA8, 0x19, 0x00, 0x6A, 0x29, 0x1B, 0xE0, 0x3F, 0x00, 0x02,
    0x56, 0x2D, 0x02, 0x00, 0x75, 0x03, 0x00, 0x6D, 0x00, 0x04, 0x0F, 0x1C, 0xDE, 0x3F, 0x01, 0xC0,
    0x51, 0x00, 0x68, 0x13, 0x05, 0x00, 0xBB, 0x00, 0x02, 0x6C, 0x2D, 0x02, 0x00, 0x63, 0x04, 0x00,
    0x57, 0x01, 0x2A, 0x3F, 0x00, 0x26, 0x0B, 0x04, 0x00, 0x6B, 0x02, 0x98, 0x37, 0x02, 0xC0, 0x2D,
    0x00, 0x00, 0x2A, 0x0F, 0x06, 0x00, 0x2D, 0x00, 0x04, 0x0F, 0x0E, 0x14, 0x3F, 0x02, 0x00, 0x6B,
    0x04, 0x00, 0x4F, 0x18, 0x00, 0x4B, 0x02, 0x94, 0x33, 0x00, 0x00, 0x58, 0x49, 0x1E, 0x3A, 0x1B,
    0x0D, 0x2A, 0x3B, 0x00, 0x14, 0x0B, 0x1E, 0x50, 0x31, 0x08, 0x6C, 0x3F, 0x00, 0x04, 0x07, 0x02,
    0x00, 0x69, 0x00, 0x09, 0x00, 0x4B, 0x00, 0x04, 0x03, 0x07, 0x40, 0x59, 0x02, 0x2A, 0x3B, 0x03,
    0x40, 0x59, 0x0A, 0xA8, 0x45, 0x0F, 0x42, 0x31, 0x03, 0x68, 0x2D, 0x00, 0x02, 0xD6, 0x33, 0x02,
    0x00, 0x53, 0x09, 0x00, 0x55, 0x01, 0xC0, 0x3B, 0x05, 0x00, 0x81, 0x0E, 0x6A, 0x3B, 0x00, 0x04,
    0x13, 0x05, 0x00, 0x55, 0x00, 0x00, 0x04, 0x0B, 0x0B, 0x00, 0x81, 0x05, 0x00, 0x27, 0x04, 0x00,
    0x6B, 0x02, 0x56, 0x29, 0x0F, 0x00, 0x55, 0x01, 0xD6, 0x33, 0x10, 0xD2, 0x29, 0x00, 0x06, 0x00,
    0x85, 0x00, 0x04, 0x0B, 0x06, 0x00, 0x81, 0x08, 0xC8, 0x1B, 0x00, 0x04, 0x13, 0x00, 0xA2, 0x1D,
    0x13, 0xB2, 0x1B, 0x15, 0xE0, 0x37, 0x00, 0x1E, 0xCA, 0x1B, 0x15, 0xE0, 0x47, 0x00, 0x04, 0x07,
    0x01, 0xE0, 0x4D, 0x08, 0x08, 0x3B, 0x1B, 0xE0, 0x51, 0x02, 0x00, 0x89, 0x00, 0x04, 0x27, 0x00,
    0x01, 0xC0, 0x1D, 0x02, 0x2A, 0x1B, 0x00, 0x04, 0x0B, 0x1D, 0xA0, 0x3F, 0x02, 0xE8, 0x43, 0x07,
    0x9E, 0x37, 0x15, 0xCE, 0x31, 0x00, 0x14, 0x0B, 0x00, 0x16, 0x1A, 0x29, 0x1B, 0xE0, 0x37, 0x06,
    0x06, 0x25, 0x00, 0x04, 0x1F, 0x02, 0x00, 0x53, 0x1C, 0xE2, 0x29, 0x00, 0x14, 0x0B, 0x1D, 0xA0,
    0x3F, 0x00, 0x01, 0x40, 0x33, 0x1D, 0xA0, 0x29, 0x0C, 0x88, 0x1F, 0x05, 0x00, 0x3B, 0x1A, 0xA2,
    0x3B, 0x00, 0xFC, 0x21, 0x05, 0x00, 0x59, 0x0A, 0xE2, 0x29, 0x00, 0x02, 0x00, 0x55, 0x07, 0xF8,
    0x31, 0x00, 0xC0, 0x0F, 0x01, 0x2A, 0x1F, 0x1D, 0x36, 0x3F, 0x04, 0x00, 0x3B, 0x1D, 0xA0, 0x5D,
    0x00, 0x04, 0x03, 0x00, 0x08, 0x26, 0x43, 0x06, 0x00, 0x8B, 0x02, 0x00, 0x67, 0x00, 0x04, 0x03,
    0x01, 0x2E, 0x1D, 0x17, 0x06, 0x31, 0x0B, 0x60, 0x3B, 0x05, 0xA8, 0x29, 0x00, 0x04, 0xEA, 0x2D,
    0x09, 0x00, 0x51, 0x00, 0x04, 0x0B, 0x07, 0xC0, 0x3F, 0x00, 0xBE, 0x43, 0x06, 0x58, 0x25, 0x02,
    0x00, 0x79, 0x00, 0xAA, 0x2F, 0x00, 0x03, 0x00, 0x37, 0x08, 0x08, 0x0F, 0x12, 0x8A, 0x2D, 0x01,
    0xC0, 0x37, 0x01, 0x7A, 0x31, 0x19, 0x36, 0x37, 0x0F, 0x5E, 0x3F, 0x02, 0x7E, 0x33, 0x00, 0x17,
    0x30, 0x1F, 0x0B, 0x00, 0x3B, 0x02, 0x00, 0x49, 0x00, 0x04, 0x07, 0x0A, 0x40, 0x29, 0x04, 0xC2,
    0x3B, 0x05, 0x00, 0x87, 0x00, 0xF4, 0x1F, 0x00, 0x02, 0xD6, 0x3B, 0x05, 0x00, 0x51, 0x0B, 0xBE,
    0x2D, 0x05, 0x00, 0x45, 0x02, 0x00, 0x57, 0x04, 0x00, 0x67, 0x12, 0xA0, 0x55, 0x00, 0x04, 0x0B,
    0x00, 0x04, 0x00, 0x31, 0x0E, 0xD4, 0x2D, 0x06, 0x00, 0x51, 0x0C, 0xD6, 0x51, 0x06, 0x00, 0x8B,
    0x0F, 0x00, 0x2F, 0x00, 0x04, 0x0F, 0x1F, 0xB4, 0x3F, 0x00, 0x1C, 0xB6, 0x3B, 0x01, 0x56, 0x1D,
    0x01, 0xCE, 0x0D, 0x04, 0x00, 0x37, 0x09, 0xFC, 0x21, 0x04, 0xAC, 0x43, 0x00, 0xEA, 0x33, 0x12,
    0x40, 0x47, 0x00, 0x02, 0x00, 0x6F, 0x02, 0x2A, 0x65, 0x00, 0x14, 0x0B, 0x19, 0x20, 0x47, 0x00,
    0x04, 0x0B, 0x04, 0xA8, 0x2D, 0x04, 0x2C, 0x2F, 0x02, 0xD6, 0x0F, 0x00, 0x06, 0x46, 0x23, 0x07,
    0x68, 0x3B, 0x0F, 0x5C, 0x3B, 0x19, 0xA0, 0x6B, 0x00, 0x3C, 0x0F, 0x00, 0x28, 0x19, 0x05, 0x00,
    0xD7, 0x00, 0x30, 0x0F, 0x00, 0x04, 0xA8, 0x23, 0x00, 0x04, 0x0F, 0x05, 0x00, 0x87, 0x12, 0x38,
    0x1F, 0x05, 0x00, 0xB9, 0x06, 0xD6, 0x59, 0x00, 0x04, 0x0F, 0x1A, 0x82, 0x43, 0x00, 0x04, 0x00,
    0x41, 0x14, 0x0E, 0x23, 0x06, 0x00, 0x69, 0x05, 0xA8, 0x31, 0x06, 0x00, 0x75, 0x02, 0x00, 0x47,
    0x00, 0x04, 0x03, 0x0D, 0x92, 0x3F, 0x00, 0x0F, 0x00, 0x3B, 0x00, 0x0C, 0x03, 0x06, 0xD6, 0x1B,
    0x15, 0x68, 0x43, 0x05, 0x16, 0x13, 0x00, 0x5A, 0x13, 0x16, 0x7E, 0x3B, 0x16, 0xE8, 0x37, 0x00,
    0x02, 0xD6, 0x3F, 0x00, 0xEA, 0x17, 0x08, 0x2A, 0x51, 0x14, 0x00, 0x41, 0x00, 0x14, 0x0B, 0x00,
    0xD6, 0x29, 0x09, 0x00, 0x51, 0x19, 0x16, 0x2D, 0x00, 0x18, 0x28, 0x37, 0x06, 0x7E, 0x3B, 0x02,
    0x2A, 0x43, 0x05, 0x00, 0x45, 0x01, 0x96, 0x1F, 0x19, 0x54, 0x3B, 0x02, 0x00, 0x51, 0x00, 0x04,
    0x03, 0x00, 0x0E, 0x00, 0x37, 0x01, 0x40, 0x13, 0x00, 0x04, 0x13, 0x08, 0x2C, 0x2D, 0x05, 0x00,
    0x57, 0x00, 0x80, 0x35, 0x05, 0x00, 0x81, 0x0A, 0x54, 0x29, 0x00, 0x05, 0x00, 0x57, 0x02, 0x00,
    0x45, 0x04, 0x00, 0xDF, 0x01, 0x2A, 0x0F, 0x0B, 0x56, 0x3D, 0x0F, 0x00, 0x69, 0x01, 0xA0, 0x23,
    0x06, 0x00, 0xAB, 0x00, 0x00, 0xD6, 0x03, 0x00, 0x4E, 0x35, 0x01, 0xF0, 0x17, 0x00, 0xB8, 0x2F,
    0x04, 0x92, 0x2D, 0x00, 0x04, 0x0B, 0x01, 0xCE, 0x1F, 0x01, 0xC0, 0x07, 0x00, 0x04, 0x8E, 0x4D,
    0x02, 0x82, 0x0F, 0x01, 0x54, 0x17, 0x00, 0x04, 0x17, 0x15, 0xE0, 0x37, 0x06, 0x0E, 0x39, 0x02,
    0x00, 0x81, 0x1B, 0x0C, 0x3B, 0x00, 0x18, 0x4C, 0x43, 0x03, 0xEA, 0x31, 0x00, 0x04, 0x0B, 0x07,
    0x22, 0x37, 0x00, 0x04, 0x0F, 0x10, 0xE0, 0x27, 0x01, 0xC0, 0x2B, 0x02, 0x2A, 0x51, 0x00, 0x1B,
    0xE0, 0x55, 0x02, 0x00, 0x65, 0x01, 0x40, 0x39, 0x03, 0x00, 0x2F, 0x00, 0xC0, 0x3F, 0x00, 0x04,
    0x13, 0x05, 0x00, 0xA1, 0x11, 0xE0, 0x43, 0x00, 0x02, 0xD6, 0x4B, 0x02, 0x00, 0x83, 0x00, 0x04,
    0x27, 0x04, 0x00, 0x77, 0x01, 0x2A, 0x2B, 0x0D, 0xE2, 0x2D, 0x06, 0x00, 0x7D, 0x03, 0x2A, 0x4D,
    0x00, 0x06, 0x00, 0x3B, 0x00, 0x04, 0x17, 0x02, 0x00, 0x55, 0x05, 0xC0, 0x4B, 0x04, 0x00, 0x4F,
    0x0C, 0x40, 0x07, 0x07, 0x9C, 0x3B, 0x00, 0xAC, 0x29, 0x00, 0x18, 0xA4, 0x2D, 0x06, 0x00, 0x43,
    0x00, 0xAC, 0x19, 0x00, 0x04, 0x17, 0x16, 0x4A, 0x2F, 0x00, 0x04, 0x23, 0x02, 0x00, 0x67, 0x1D,
    0xA0, 0x4F, 0x00, 0x07, 0x94, 0x4D, 0x02, 0x2A, 0x31, 0x15, 0x4E, 0x3F, 0x00, 0xB6, 0x17, 0x02,
    0x2A, 0x21, 0x0E, 0x24, 0x33, 0x0B, 0x00, 0x4F, 0x03, 0xC0, 0x2B, 0x00, 0x02, 0x00, 0x6D, 0x0A,
    0xC0, 0x4D, 0x0E, 0xCC, 0x31, 0x09, 0x00, 0x59, 0x05, 0x00, 0xA9, 0x00, 0x04, 0x07, 0x05, 0x00,
    0x67, 0x02, 0x00, 0x7B, 0x00, 0x01, 0x6C, 0x35, 0x04, 0x00, 0x67, 0x03, 0xB4, 0x2F, 0x04, 0x00,
    0x93, 0x0B, 0x00, 0x3F, 0x1D, 0x74, 0x29, 0x06, 0x00, 0x55, 0x02, 0x00, 0x4B, 0x00, 0x17, 0xCC,
    0x2D, 0x06, 0x7E, 0x29, 0x00, 0x04, 0x0F, 0x0A, 0x16, 0x31, 0x0B, 0x36, 0x33, 0x10, 0xAA, 0x2D,
    0x00, 0x04, 0x13, 0x1B, 0xE0, 0x37, 0x00, 0x00, 0xEA, 0x3B, 0x02, 0xD6, 0x3B, 0x15, 0x50, 0x1B,
    0x19, 0xCC, 0x3B, 0x02, 0x00, 0x4D, 0x0E, 0x28, 0x41, 0x06, 0x98, 0x3B, 0x0C, 0x68, 0x43, 0x00,
    0x15, 0xAA, 0x3B, 0x00, 0x04, 0x0B, 0x05, 0x00, 0x43, 0x00, 0x40, 0x0F, 0x10, 0x00, 0x51, 0x04,
    0xA4, 0x1F, 0x02, 0xD6, 0x51, 0x00, 0x04, 0x07, 0x00, 0x02, 0x00, 0x3D, 0x03, 0x00, 0x35, 0x00,
    0x04, 0x07, 0x05, 0x00, 0x67, 0x1A, 0x22, 0x3B, 0x05, 0x00, 0x47, 0x00, 0xC2, 0x1D, 0x05, 0x00,
    0x59, 0x00, 0x00, 0x3C, 0x0F, 0x0A, 0x50, 0x2D, 0x05, 0x00, 0x43, 0x00, 0x04, 0x07, 0x05, 0x00,
    0x3D, 0x00, 0x04, 0x0F, 0x09, 0x00, 0x73, 0x01, 0x7E, 0x0F, 0x00, 0x04, 0x00, 0x67, 0x00, 0x44,
    0x0F, 0x18, 0x6A, 0x31, 0x05, 0x72, 0x33, 0x06, 0x00, 0xD5, 0x14, 0x00, 0x41, 0x00, 0x04, 0x0F,
    0x04, 0x00, 0x29, 0x00, 0x00, 0x18, 0x0B, 0x0F, 0x00, 0x67, 0x13, 0x50, 0x1B, 0x1D, 0x6A, 0x63,
    0x00, 0x04, 0x13, 0x04, 0xD4, 0x2D, 0x0F, 0x00, 0x55, 0x02, 0x0A, 0x37, 0x00, 0x02, 0x00, 0x55,
    0x05, 0x00, 0xA7, 0x00, 0x3C, 0x0B, 0x08, 0x96, 0x2D, 0x02, 0xD6, 0x51, 0x07, 0x1C, 0x2D, 0x00,
    0x14, 0x0B, 0x00, 0x12, 0x1B, 0x00, 0x0D, 0x7E, 0x45, 0x05, 0x00, 0xF1, 0x0E, 0x00, 0x8B, 0x02,
    0xD6, 0x47, 0x00, 0x04, 0x0B, 0x00, 0x58, 0x0F, 0x13, 0x50, 0x3B, 0x05, 0x00, 0x61, 0x00, 0x00,
    0x04, 0x37, 0x02, 0x00, 0x4F, 0x04, 0x00, 0x59, 0x00, 0x04, 0x0F, 0x1C, 0x28, 0x53, 0x04, 0x00,
    0xBD, 0x0B, 0x00, 0x3B, 0x06, 0x00, 0x1B, 0x00, 0x03, 0x82, 0x37, 0x00, 0x14, 0x0B, 0x02, 0x00,
    0x55, 0x00, 0x04, 0x23, 0x01, 0x0C, 0x1D, 0x1A, 0xC6, 0x35, 0x00, 0x04, 0x0B, 0x1B, 0xE0, 0x79,
    0x00, 0x01, 0x8C, 0x25, 0x07, 0x1E, 0x1B, 0x19, 0x36, 0x33, 0x13, 0xB2, 0x17, 0x0E, 0xFC, 0x31,
    0x00, 0x10, 0x07, 0x1D, 0x8A, 0x3D, 0x00, 0x04, 0x07, 0x00, 0x02, 0x00, 0x53, 0x19, 0xA2, 0x37,
    0x0E, 0x8A, 0x29, 0x06, 0x90, 0x37, 0x17, 0xDE, 0x2D, 0x00, 0x04, 0x0B, 0x04, 0x06, 0x13, 0x01,
    0x98, 0x17, 0x00, 0x01, 0x9C, 0x21, 0x02, 0x2A, 0x1B, 0x18, 0x0A, 0x37, 0x00, 0x92, 0x17, 0x01,
    0xA8, 0x2D, 0x00, 0x58, 0x55, 0x00, 0x14, 0x0B, 0x02, 0x00, 0x43, 0x00, 0x0E, 0xA0, 0x3D, 0x12,
    0x36, 0x37, 0x00, 0x04, 0x13, 0x1D, 0x8A, 0x3B, 0x04, 0xA8, 0x2D, 0x05, 0x00, 0x3B, 0x16, 0x7A,
    0x3F, 0x1B, 0x60, 0x1D, 0x00, 0x0C, 0x88, 0x1F, 0x03, 0xC0, 0x33, 0x1F, 0xA0, 0x47, 0x02, 0x00,
    0x4D, 0x03, 0x3E, 0x2B, 0x00, 0x04, 0x0F, 0x03, 0x6A, 0x29, 0x1F, 0x22, 0x37, 0x00, 0x04, 0x80,
    0x2D, 0x00, 0x58, 0x2D, 0x00, 0x04, 0x0F, 0x08, 0x02, 0x37, 0x0C, 0x9E, 0x17, 0x00, 0x16, 0x07,
    0x07, 0xD2, 0x35, 0x01, 0x16, 0x25, 0x00, 0x1F, 0x8A, 0x3B, 0x02, 0x00, 0x59, 0x05, 0xC0, 0x4B,
    0x17, 0xA4, 0x3F, 0x00, 0x04, 0x17, 0x0F, 0xE4, 0x49, 0x00, 0x8E, 0x2D, 0x19, 0x4C, 0x3B, 0x00,
    0x09, 0x28, 0x25, 0x15, 0x0A, 0x43, 0x19, 0x24, 0x43, 0x00, 0x14, 0x07, 0x02, 0x00, 0x6D, 0x02,
    0x2A, 0x3B, 0x05, 0x00, 0x3B, 0x00, 0x04, 0x17, 0x00, 0x09, 0x00, 0x3F, 0x00, 0x32, 0x13, 0x00,
    0x2C, 0x19, 0x06, 0xFE, 0x2D, 0x09, 0x00, 0x2D, 0x05, 0x00, 0x25, 0x00, 0x04, 0x13, 0x02, 0xD6,
    0x51, 0x00, 0x02, 0x00, 0x6F, 0x03, 0x00, 0x89, 0x01, 0x40, 0x29, 0x01, 0xC0, 0x3B, 0x08, 0xA8,
    0x2D, 0x05, 0x00, 0x49, 0x07, 0x2A, 0x2D, 0x05, 0x00, 0x55, 0x00, 0x01, 0x96, 0x29, 0x02, 0x00,
    0x57, 0x04, 0x00, 0xD1, 0x03, 0x80, 0x39, 0x03, 0x2A, 0x5D, 0x06, 0x00, 0x6F, 0x0B, 0x00, 0x2D,
    0x02, 0x00, 0x6B, 0x00, 0x00, 0x7E, 0x1F, 0x0D, 0x2C, 0x29, 0x01, 0xD2, 0x33, 0x00, 0xE8, 0x0D,
    0x00, 0xD6, 0x37, 0x0F, 0x6A, 0x3B, 0x07, 0xC0, 0x3F, 0x09, 0x6A, 0x3F, 0x00, 0x00, 0xB2, 0x17,
    0x05, 0x2C, 0x3B, 0x00, 0x14, 0x0B, 0x01, 0x54, 0x21, 0x02, 0x00, 0x63, 0x01, 0xEC, 0x2B, 0x0D,
    0xA8, 0x3F, 0x00, 0xD6, 0x0F, 0x00, 0x02, 0x34, 0x1F, 0x0E, 0x00, 0x29, 0x0E, 0xEA, 0x55, 0x00,
    0x14, 0x0B, 0x04, 0x80, 0x2D, 0x02, 0x2A, 0x37, 0x15, 0x16, 0x3F, 0x0A, 0x16, 0x2D, 0x00, 0x00,
    0x26, 0x0F, 0x02, 0x00, 0x59, 0x01, 0xC0, 0x29, 0x12, 0x8E, 0x31, 0x05, 0x00, 0xEF, 0x00, 0x04,
    0x0F, 0x01, 0xC0, 0x17, 0x05, 0x00, 0x99, 0x00, 0x02, 0x00, 0x67, 0x00, 0x04, 0x07, 0x00, 0xC0,
    0x3B, 0x04, 0x00, 0x59, 0x00, 0x04, 0x0B, 0x02, 0xC0, 0x1D, 0x0A, 0x50, 0x27, 0x04, 0x00, 0x3B,
    0x00, 0x03, 0x2A, 0x2F, 0x06, 0xD6, 0x1B, 0x00, 0x04, 0x13, 0x06, 0x00, 0x55, 0x12, 0xD2, 0x37,
    0x02, 0x00, 0x55, 0x0D, 0xEA, 0x3D, 0x00, 0x68, 0x07, 0x00, 0x0A, 0x5C, 0x11, 0x00, 0x10, 0x07,
    0x1C, 0x96, 0x31, 0x0E, 0x42, 0x15, 0x00, 0x6A, 0x1B, 0x1D, 0xA4, 0x47, 0x02, 0xD6, 0x0F, 0x14,
    0xFC, 0x51, 0x00, 0x19, 0xA8, 0x49, 0x05, 0x04, 0x43, 0x02, 0x00, 0x67, 0x00, 0x04, 0x03, 0x03,
    0x00, 0x3F, 0x00, 0x14, 0x0B, 0x0A, 0xC0, 0x17, 0x18, 0xA8, 0x4D, 0x00, 0x00, 0xD6, 0x07, 0x05,
    0x00, 0x3F, 0x02, 0xD6, 0x4B, 0x01, 0x16, 0x19, 0x00, 0x6A, 0x31, 0x12, 0x14, 0x51, 0x02, 0x00,
    0x7F, 0x01, 0xC0, 0x17, 0x00, 0x18, 0xA8, 0x3B, 0x05, 0x00, 0x43, 0x00, 0x04, 0x0B, 0x1B, 0x82,
    0x1B, 0x00, 0x14, 0x0B, 0x05, 0x00, 0x9D, 0x1E, 0xA8, 0x55, 0x12, 0x14, 0x37, 0x00, 0x02, 0x00,
    0x73, 0x04, 0x00, 0x1F, 0x1C, 0xA8, 0x43, 0x07, 0x40, 0x43, 0x04, 0x00, 0x97, 0x00, 0x58, 0x15,
    0x02, 0xC0, 0x35, 0x06, 0x00, 0x3F, 0x00, 0x14, 0x66, 0x2F, 0x02, 0x00, 0x65, 0x03, 0x62, 0x27,
    0x11, 0x2A, 0x1D, 0x01, 0xCE, 0x51, 0x00, 0x04, 0x13, 0x17, 0x8A, 0x3B, 0x00, 0x04, 0x1F, 0x00,
    0x00, 0xEA, 0x07, 0x0B, 0xA2, 0x3B, 0x03, 0x22, 0x1F, 0x01, 0xF0, 0x17, 0x01, 0x96, 0x2B, 0x17,
    0x7E, 0x17, 0x14, 0xA0, 0x47, 0x02, 0x00, 0x55, 0x00, 0x01, 0x2A, 0x1B, 0x13, 0x36, 0x37, 0x00,
    0x04, 0x13, 0x01, 0x40, 0x17, 0x00, 0x32, 0x13, 0x18, 0x20, 0x33, 0x06, 0x38, 0x55, 0x11, 0x72,
    0x2D, 0x00, 0x01, 0xC0, 0x13, 0x02, 0xD6, 0x3F, 0x00, 0x18, 0x0B, 0x01, 0xD2, 0x0F, 0x1C, 0x4A,
    0x31, 0x02, 0x00, 0x73, 0x05, 0x00, 0xEB, 0x00, 0x6A, 0x23, 0x00, 0x02, 0x2A, 0x19, 0x04, 0x54,
    0x3F, 0x06, 0xF0, 0x23, 0x02, 0x2A, 0x3D, 0x05, 0x00, 0xA7, 0x01, 0x44, 0x3D, 0x1F, 0x76, 0x41,
    0x04, 0x00, 0x3F, 0x00, 0x01, 0x2A, 0x25, 0x16, 0x76, 0x2D, 0x04, 0x00, 0x3B, 0x07, 0x40, 0x29,
    0x00, 0x5A, 0x13, 0x06, 0x00, 0x79, 0x02, 0x00, 0x67, 0x01, 0x68, 0x1D, 0x00, 0x08, 0x54, 0x3F,
    0x0A, 0xC0, 0x07, 0x1F, 0xF6, 0x3B, 0x00, 0x16, 0x1F, 0x00, 0xAC, 0x2F, 0x00, 0x80, 0x29, 0x01,
    0x72, 0x17, 0x15, 0xCE, 0x51, 0x00, 0x06, 0x16, 0x37, 0x02, 0x7E, 0x3B, 0x02, 0x00, 0x6F, 0x1A,
    0xE4, 0x4B, 0x04, 0x3E, 0x23, 0x06, 0x7E, 0x0B, 0x1C, 0xE2, 0x29, 0x00, 0x14, 0x0B, 0x00, 0x04,
    0xA8, 0x2D, 0x02, 0xD6, 0x37, 0x09, 0x00, 0x51, 0x05, 0x00, 0x2D, 0x1A, 0xFA, 0x3B, 0x02, 0xD2,
    0x2D, 0x02, 0x00, 0x63, 0x05, 0x2A, 0x1D, 0x00, 0x0D, 0x54, 0x55, 0x00, 0x04, 0x07, 0x14, 0x36,
    0x3B, 0x09, 0x00, 0x61, 0x05, 0x00, 0x99, 0x18, 0xB6, 0x45, 0x02, 0x00, 0x71, 0x04, 0x00, 0x61,
    0x00, 0x04, 0xEA, 0x33, 0x04, 0x00, 0xD5, 0x01, 0xD6, 0x0F, 0x01, 0x16, 0x25, 0x03, 0x2A, 0x51,
    0x02, 0x00, 0x7D, 0x04, 0x00, 0x57, 0x00, 0x46, 0x25, 0x00, 0x17, 0xC8, 0x3B, 0x18, 0x54, 0x1F,
    0x00, 0x04, 0x07, 0x07, 0x26, 0x31, 0x02, 0x18, 0x1D, 0x15, 0x76, 0x39, 0x00, 0x0C, 0x03, 0x1B,
    0x60, 0x2D, 0x00, 0x03, 0xC0, 0x4D, 0x02, 0x00, 0x7B, 0x1D, 0xA0, 0x51, 0x1C, 0xB6, 0x47, 0x0E,
    0x00, 0x3B, 0x00, 0x14, 0x0B, 0x1B, 0xE0, 0x35, 0x02, 0xD6, 0x2F, 0x00, 0x02, 0x2A, 0x29, 0x06,
    0xE4, 0x25, 0x02, 0xD6, 0x29, 0x0B, 0x00, 0x2D, 0x02, 0x00, 0x79, 0x03, 0x00, 0x69, 0x10, 0xD6,
    0x25, 0x05, 0x00, 0x89, 0x00, 0x00, 0x04, 0x07, 0x11, 0x94, 0x29, 0x1E, 0x20, 0x3B, 0x05, 0x00,
    0x59, 0x00, 0x04, 0x0F, 0x02, 0x00, 0x7D, 0x04, 0x00, 0x7B, 0x10, 0x40, 0x29, 0x00, 0x04, 0x00,
    0x5D, 0x08, 0xA8, 0x1B, 0x19, 0x50, 0x45, 0x06, 0x00, 0x55, 0x03, 0xE8, 0x2F, 0x00, 0x04, 0x17,
    0x02, 0x00, 0x6F, 0x09, 0x00, 0x1F, 0x00, 0x03, 0xD4, 0x2D, 0x05, 0xC0, 0x4D, 0x00, 0xD6, 0x3D,
    0x00, 0x04, 0x03, 0x0B, 0xD6, 0x67, 0x12, 0x2E, 0x37, 0x04, 0x20, 0x27, 0x00, 0x04, 0x07, 0x00,
    0x07, 0x40, 0x3B, 0x00, 0x04, 0x0B, 0x02, 0x00, 0x6F, 0x08, 0x96, 0x23, 0x02, 0x2A, 0x47, 0x0B,
    0x7E, 0x2F, 0x10, 0xD2, 0x43, 0x09, 0xAC, 0x43, 0x00, 0x00, 0x04, 0x0F, 0x05, 0xD8, 0x37, 0x05,
    0x00, 0x59, 0x00, 0x26, 0x0B, 0x05, 0x00, 0x35, 0x00, 0x1C, 0x0B, 0x02, 0x00, 0x4D, 0x03, 0x00,
    0x7F, 0x00, 0x1B, 0x14, 0x3F, 0x05, 0x00, 0x43, 0x06, 0xC0, 0x55, 0x00, 0x1C, 0x0B, 0x05, 0x00,
    0x43, 0x00, 0x04, 0x0F, 0x02, 0x82, 0x49, 0x02, 0x00, 0x69, 0x00, 0x04, 0x00, 0x5D, 0x00, 0x04,
    0x0B, 0x02, 0x40, 0x3F, 0x00, 0x04, 0x13, 0x04, 0x00, 0x59, 0x00, 0x58, 0x2F, 0x06, 0x00, 0x5D,
    0x0D, 0xC0, 0x3B, 0x00, 0x03, 0xD6, 0x37, 0x02, 0x00, 0x4F, 0x01, 0x5C, 0x1D, 0x0E, 0x50, 0x3F,
    0x01, 0x30, 0x1B, 0x07, 0x4E, 0x37, 0x02, 0x1A, 0x17, 0x19, 0x4C, 0x29, 0x00, 0x00, 0x2A, 0x0F,
    0x19, 0x5E, 0x29, 0x00, 0x04, 0x0F, 0x00, 0x58, 0x59, 0x00, 0x10, 0x07, 0x02, 0x60, 0x29, 0x02,
    0x38, 0x25, 0x02, 0x00, 0x73, 0x00, 0x01, 0xFA, 0x23, 0x09, 0x78, 0x37, 0x08, 0x06, 0x2D, 0x18,
    0x0A, 0x2D, 0x0F, 0xDC, 0x25, 0x0C, 0x76, 0x3B, 0x1B, 0xE0, 0x3B, 0x00, 0x80, 0x29, 0x00, 0x00,
    0x04, 0x17, 0x00, 0x80, 0x3B, 0x00, 0x04, 0x0B, 0x00, 0x4C, 0x2D, 0x02, 0x00, 0x57, 0x02, 0x9A,
    0x19, 0x04, 0xA8, 0x1B, 0x15, 0x34, 0x37, 0x00, 0x00, 0xD6, 0x3F, 0x15, 0x4A, 0x29, 0x02, 0x2A,
    0x3B, 0x02, 0x26, 0x31, 0x07, 0x5C, 0x13, 0x06, 0xF6, 0x25, 0x00, 0x5A, 0x13, 0x0F, 0x5E, 0x37,
    0x00, 0x00, 0x58, 0x31, 0x00, 0x04, 0x03, 0x02, 0x00, 0x61, 0x04, 0x00, 0xB1, 0x02, 0xC0, 0x0F,
    0x07, 0xD2, 0x2D, 0x00, 0x04, 0x13, 0x02, 0xC0, 0x3F, 0x00, 0x09, 0xB2, 0x2D, 0x0F, 0xE2, 0x3B,
    0x02, 0xC0, 0x37, 0x06, 0x00, 0x99, 0x17, 0x0A, 0x51, 0x0E, 0xB6, 0x49, 0x08, 0xA8, 0x1F, 0x16,
    0xF6, 0x4D, 0x00, 0x03, 0x40, 0x3B, 0x01, 0xC0, 0x17, 0x0E, 0xA4, 0x47, 0x00, 0x8E, 0x21, 0x00,
    0xEA, 0x49, 0x02, 0x00, 0x57, 0x1E, 0xE0, 0x49, 0x04, 0x96, 0x1F, 0x00, 0x00, 0xD6, 0x45, 0x06,
    0x2A, 0x1F, 0x0C, 0x38, 0x37, 0x07, 0x98, 0x3F, 0x04, 0xA8, 0x2D, 0x0B, 0x00, 0x33, 0x02, 0x56,
    0x2D, 0x04, 0x2A, 0x43, 0x00, 0x02, 0x00, 0x49, 0x00, 0x04, 0x03, 0x05, 0x00, 0x9D, 0x13, 0x5E,
    0x31, 0x05, 0x00, 0x51, 0x09, 0x00, 0x2D, 0x03, 0x40, 0x4D, 0x19, 0xA0, 0x3F, 0xC0, 0x05, 0x00,
    0x89, 0x0E, 0x96, 0x43, 0x00, 0x04, 0x13, 0x00, 0xC0, 0x43, 0x00, 0x14, 0x0B, 0x04, 0x00, 0x15,
    0xA5, 0x1C, 0x4F, 0xC5, 0x1C, 0xA5, 0x1C, 0x00, 0x06, 0x03, 0x00, 0x04, 0x07, 0xC5, 0x00, 0x16,
    0x12, 0x00, 0x00, 0x2C, 0x13, 0x00, 0x30, 0x03, 0x00, 0x16, 0x3B, 0x00, 0x80, 0x57, 0x02, 0xC0,
    0x43, 0x01, 0xE2, 0x1B, 0x02, 0x00, 0x69, 0x0C, 0xC2, 0x33, 0x00, 0x02, 0x56, 0x29, 0x05, 0xC0,
    0x37, 0x0D, 0x58, 0x31, 0x02, 0x40, 0x3D, 0x02, 0x2A, 0x2D, 0x02, 0xC0, 0x4D, 0x00, 0x80, 0x1D,
    0x00, 0xEC, 0x03, 0x00, 0x0F, 0x66, 0x1B, 0x1E, 0xB6, 0x3F, 0x00, 0x04, 0x0B, 0x02, 0x00, 0x59,
    0x06, 0xAA, 0x39, 0x00, 0x26, 0x0F, 0x0B, 0xBC, 0x3F, 0x00, 0xD6, 0x3B, 0x00, 0x05, 0x00, 0x15,
    0x02, 0x40, 0x51, 0x00, 0x10, 0x05, 0x00, 0x6A, 0x3B, 0x00, 0x80, 0x2D, 0x04, 0xA4, 0x0D, 0x13,
    0x42, 0x0D, 0x03, 0xD2, 0x4B, 0x00, 0x02, 0x00, 0x5F, 0x01, 0xEC, 0x2B, 0x03, 0x6A, 0x31, 0x1F,
    0x60, 0x3F, 0x05, 0x00, 0x3D, 0x02, 0x2A, 0x19, 0x02, 0x40, 0x61, 0x00, 0x80, 0x49, 0x00, 0x00,
    0xEC, 0x03, 0x05, 0x00, 0x75, 0x02, 0x00, 0x4F, 0x00, 0x2E, 0x13, 0x00, 0x68, 0x1B, 0x19, 0x82,
    0x37, 0x01, 0x2A, 0x3F, 0x04, 0x00, 0x0D, 0x7E, 0x01, 0xC0, 0x0D, 0x0B, 0x15, 0x0A, 0x15, 0x0B,
    0x15, 0x00, 0x06, 0x05, 0x20, 0x00, 0x04, 0x03, 0x00, 0x0C, 0x01, 0x00, 0x16, 0x0B, 0x00, 0x12,
    0x05, 0x00, 0x16, 0x05, 0x2B, 0x00, 0x18, 0x02, 0x00, 0x16, 0x07, 0x04, 0x00, 0x06, 0x03, 0x00,
    0x16, 0x27, 0x0B, 0x00, 0x16, 0x0C, 0x00, 0x80, 0x57, 0x02, 0x94, 0x0D, 0x01, 0x26, 0x0B, 0x17,
    0x2A, 0x37, 0x00, 0x02, 0x00, 0x81, 0x00, 0x04, 0x03, 0x05, 0xC0, 0x37, 0x19, 0xC4, 0x1D, 0x00,
    0x7E, 0x1F, 0x0E, 0xA8, 0x2F, 0x04, 0x2C, 0x0D, 0x01, 0xC0, 0x09, 0x00, 0x02, 0x18, 0x03, 0x01,
    0xD6, 0x0D, 0x02, 0x16, 0x03, 0x02, 0x40, 0x0D, 0x00, 0x04, 0x03, 0x02, 0x2A, 0x0D, 0x02, 0x56,
    0x13, 0x00, 0x54, 0x09, 0x00, 0x00, 0x16, 0x13, 0x00, 0x80, 0x57, 0x05, 0x54, 0x0D, 0x0F, 0x00,
    0x65, 0x00, 0x14, 0x0B, 0x02, 0x00, 0x53, 0x0E, 0x54, 0x07, 0x03, 0x00, 0x39, 0x00, 0x07, 0xD8,
    0x11, 0x0F, 0xD6, 0x41, 0x00, 0x04, 0x0B, 0x05, 0x00, 0x23, 0x02, 0x40, 0x8F, 0x00, 0x80, 0x3D,
    0x05, 0x00, 0x35, 0x10, 0x54, 0x2B, 0x00, 0x02, 0x00, 0x73, 0x00, 0x04, 0x03, 0x05, 0x00, 0xFF,
    0x05, 0x00, 0xA1, 0x00, 0x04, 0x05, 0x07, 0x7E, 0x4B, 0x05, 0x00, 0x83, 0x00, 0x5C, 0x13, 0x00,
    0x02, 0x40, 0x37, 0x00, 0xC0, 0x2D, 0x06, 0x2A, 0x19, 0x06, 0x7E, 0x0B, 0x02, 0x70, 0x01, 0x02,
    0x40, 0xAB, 0x00, 0x80, 0x4D, 0x06, 0x00, 0x0D, 0x00, 0x0F, 0x00, 0x59, 0x02, 0x00, 0x57, 0x1E,
    0x76, 0x25, 0x0A, 0x88, 0x2D, 0x05, 0x76, 0x1F, 0x00, 0xD6, 0x03, 0x00, 0x58, 0x27, 0x04, 0x00,
    0x0D, 0x00, 0x01, 0xE0, 0x0B, 0x00, 0x04, 0x03, 0x01, 0xAA, 0x07, 0x01, 0xAE, 0x0B, 0x00, 0x16,
    0x07, 0x02, 0x18, 0x09, 0x00, 0x16, 0x11, 0x02, 0x60, 0x09, 0x00, 0x00, 0x16, 0x11, 0x02, 0x5A,
    0x09, 0x00, 0x80, 0x7B, 0x06, 0x00, 0x0D, 0x11, 0x94, 0x13, 0x00, 0x04, 0x07, 0x13, 0xCC, 0x29,
    0x02, 0x00, 0x61, 0x00, 0x02, 0x2A, 0x2D, 0x05, 0xD4, 0x17, 0x05, 0xCE, 0x49, 0x00, 0x6A, 0x17,
    0x09, 0x00, 0x0D, 0x02, 0x40, 0xBD, 0x00, 0x80, 0x3D, 0x05, 0x00, 0x0F, 0x00, 0x01, 0x32, 0x0B,
    0x04, 0xA4, 0x3B, 0x02, 0x00, 0x63, 0x1E, 0xF6, 0x2B, 0x00, 0x80, 0x13, 0x1E, 0xE0, 0x65, 0x07,
    0x7E, 0x0B, 0x05, 0x00, 0xFF, 0x00, 0x05, 0x00, 0x2D, 0x01, 0x96, 0x3B, 0x05, 0x00, 0x63, 0x00,
    0xC0, 0x07, 0x00, 0x40, 0x25, 0x1D, 0xA0, 0x27, 0x01, 0x14, 0x35, 0x15, 0xAA, 0x05, 0xDE, 0x01,
    0xC0, 0x2D, 0x9A, 0x1C, 0x9A, 0x1C, 0x00, 0x04, 0x01, 0x63, 0x10, 0x7B, 0x63, 0x10, 0x00, 0x04,
    0x01, 0xDE, 0x7B, 0xDE, 0x7B, 0x00, 0x04, 0x01, 0xFF, 0xBD, 0x7B, 0x9C, 0x77, 0x9C, 0x77, 0x9C,
    0x77, 0xF8, 0x00, 0x20, 0x05, 0x00, 0x0C, 0x01, 0x00, 0x10, 0x39, 0x65, 0x7F, 0x65, 0x7F, 0x64,
    0x00, 0x00, 0x04, 0x04, 0x00, 0x0C, 0x01, 0x00, 0x30, 0x1D, 0x00, 0x80, 0x25, 0x02, 0xD4, 0x03,
    0x02, 0xC0, 0x27, 0x16, 0xAA, 0x05, 0x0C, 0x38, 0x39, 0x00, 0x02, 0x00, 0x71, 0x1E, 0x7E, 0x11,
    0x03, 0x04, 0x2D, 0x00, 0x04, 0x0B, 0x17, 0x8A, 0x3F, 0x00, 0x12, 0x09, 0x18, 0x00, 0x05, 0x15,
    0xDA, 0x0F, 0x00, 0x04, 0x16, 0x11, 0x01, 0x94, 0x07, 0x02, 0x80, 0x15, 0x02, 0x70, 0x3D, 0x02,
    0x80, 0x11, 0x02, 0x7E, 0x07, 0x02, 0x80, 0x1F, 0x00, 0x10, 0x25, 0x00, 0x05, 0x42, 0x09, 0x05,
    0x6A, 0x11, 0x01, 0x00, 0x0D, 0x0D, 0xA0, 0x05, 0x01, 0x80, 0x37, 0x02, 0x00, 0x73, 0x04, 0xA8,
    0x29, 0x05, 0xAA, 0x25, 0x00, 0x00, 0x1A, 0x09, 0x12, 0x16, 0x07, 0x1C, 0x3A, 0x33, 0x05, 0x00,
    0x0B, 0x0E, 0x1A, 0x09, 0x06, 0xEC, 0x0B, 0x00, 0x16, 0x03, 0x05, 0x00, 0x1F, 0x02, 0x02, 0x10,
    0x29, 0xBB, 0x05, 0x00, 0x2C, 0x00, 0x04, 0x01, 0x02, 0x80, 0x45, 0x00, 0xEA, 0x1D, 0x00, 0x16,
    0x0D, 0x05, 0x00, 0x05, 0x00, 0x1A, 0xF6, 0x2B, 0x02, 0x00, 0x7F, 0x05, 0x6C, 0x3D, 0x00, 0x52,
    0x0F, 0x07, 0x7E, 0x2D, 0x05, 0x00, 0x6D, 0x07, 0x02, 0x03, 0x05, 0x00, 0x77, 0x00, 0x00, 0x80,
    0x23, 0x05, 0x00, 0x37, 0x02, 0x56, 0x29, 0x02, 0x00, 0x7D, 0x18, 0xA0, 0x41, 0x00, 0xC0, 0x49,
    0x04, 0xF8, 0x0B, 0x02, 0x78, 0x05, 0x3C, 0x04, 0x00, 0x19, 0x09, 0x58, 0x0D, 0xC6, 0x1C, 0xC6,
    0x1C, 0x00, 0x04, 0x09, 0x02, 0x78, 0x05, 0x78, 0x02, 0x88, 0x05, 0x00, 0x20, 0x0D, 0x00, 0x04,
    0x0D, 0xDF, 0x67, 0xDF, 0x67, 0x00, 0x04, 0x01, 0x0F, 0x3F, 0x06, 0x1F, 0x06, 0x00, 0x04, 0x01,
    0x00, 0x30, 0x1D, 0x05, 0x00, 0x0D, 0x00, 0x30, 0x1D, 0x00, 0x00, 0x04, 0x2D, 0x05, 0x18, 0x0F,
    0x06, 0x00, 0x1B, 0x0C, 0x90, 0x05, 0x0F, 0x00, 0x47, 0x02, 0x00, 0x55, 0x05, 0x22, 0x09, 0x07,
    0xFC, 0x45, 0x00, 0x08, 0x50, 0x13, 0x0F, 0x00, 0x31, 0x01, 0x48, 0x05, 0x03, 0xF2, 0x03, 0x01,
    0x6C, 0x09, 0x0B, 0x86, 0x05, 0x07, 0x68, 0x0B, 0x01, 0xA0, 0x05, 0x0C, 0x02, 0x80, 0x45, 0x02,
    0x7E, 0x03, 0x3F, 0x0A, 0x02, 0x80, 0x21, 0x00, 0x04, 0x03, 0x05, 0x04, 0x03, 0x02, 0x80, 0x5F,
    0x00, 0x01, 0x00, 0x0B, 0x01, 0x16, 0x0B, 0x19, 0x28, 0x07, 0x02, 0x56, 0x27, 0x02, 0x00, 0x75,
    0x14, 0x94, 0x2B, 0x00, 0x72, 0x17, 0x00, 0xD6, 0x49, 0x80, 0x05, 0x00, 0x0F, 0x01, 0x56, 0x03,
    0x00, 0x04, 0x0B, 0x06, 0x86, 0x03, 0x05, 0x00, 0x0B, 0x02, 0x80, 0x4D, 0x05, 0x00, 0x03, 0x3F,
    0x00, 0x05, 0x00, 0x26, 0x00, 0x08, 0x05, 0x02, 0x80, 0x5D, 0x01, 0x00, 0x0D, 0x01, 0x16, 0x0D,
    0x07, 0x84, 0x01, 0x05, 0x00, 0x13, 0x00, 0x04, 0x0F, 0x00, 0x02, 0x00, 0x7B, 0x03, 0x00, 0x5D,
    0x00, 0x04, 0x07, 0x0F, 0x94, 0x17, 0x05, 0x00, 0x49, 0x07, 0x82, 0x03, 0x05, 0x00, 0x4C, 0x02,
    0x80, 0x22, 0x00, 0x00, 0x04, 0x03, 0x05, 0x00, 0xFF, 0x00, 0x04, 0x03, 0x02, 0x00, 0x25, 0x00,
    0x04, 0x0B, 0x0E, 0xA8, 0x21, 0x03, 0x16, 0x21, 0x00, 0xC0, 0x3D, 0x00, 0x09, 0xF8, 0x09, 0x0C,
    0x5A, 0x05, 0x01, 0x68, 0x09, 0x0B, 0xB0, 0x0D, 0x01, 0xC0, 0x1D, 0x0C, 0x80, 0x0D, 0x00, 0x30,
    0x1D, 0x09, 0xF8, 0x05, 0x18, 0x02, 0x88, 0x05, 0x05, 0x00, 0x7D, 0x02, 0xF0, 0x13, 0x64, 0x7F,
    0x06, 0x16, 0x1B, 0x0A, 0x08, 0x07, 0x01, 0x58, 0x03, 0x00, 0x01, 0x80, 0x1F, 0x02, 0x00, 0x85,
    0x14, 0x82, 0x1B, 0x00, 0x14, 0x0B, 0x14, 0x7E, 0x31, 0x00, 0x46, 0x1D, 0x1B, 0x60, 0x07, 0x02,
    0x82, 0x13, 0x00, 0x02, 0x80, 0x5D, 0x04, 0xF8, 0x05, 0x02, 0x80, 0x29, 0x16, 0x82, 0x09, 0x02,
    0x80, 0x61, 0x00, 0x6A, 0x01, 0x08, 0x98, 0x13, 0x00, 0x0E, 0x07, 0x00, 0x05, 0x08, 0x09, 0x09,
    0xBE, 0x3F, 0x02, 0x00, 0x59, 0x00, 0x2A, 0x23, 0x0C, 0xE6, 0x29, 0x19, 0xC0, 0x39, 0x05, 0x00,
    0x0D, 0x06, 0x68, 0x0D, 0x00, 0x05, 0x00, 0x91, 0x02, 0x82, 0x09, 0x02, 0x80, 0x5F, 0x00, 0x6A,
    0x03, 0x02, 0x7E, 0x11, 0x02, 0x94, 0x09, 0x05, 0x00, 0x2D, 0x00, 0x04, 0x03, 0x00, 0x02, 0x00,
    0x6F, 0x03, 0x00, 0x6D, 0x00, 0x04, 0x1D, 0x05, 0x00, 0xFF, 0x00, 0x04, 0x1B, 0x05, 0x00, 0xBD,
    0x00, 0x2E, 0x1B, 0x02, 0x40, 0x3F, 0x00, 0x0A, 0xD6, 0x1B, 0x00, 0x58, 0x17, 0x15, 0x40, 0x05,
    0x08, 0xD4, 0x15, 0x0E, 0xE0, 0x15, 0x00, 0x04, 0x1D, 0x14, 0x00, 0x61, 0x05, 0x00, 0x61, 0x00,
    0x00, 0x68, 0x05, 0x00, 0x6A, 0x05, 0x0C, 0xA0, 0x0D, 0x0B, 0x2C, 0x11, 0x05, 0x08, 0x05, 0x02,
    0x88, 0x03, 0x02, 0x2E, 0x21, 0x02, 0x00, 0x6B, 0x00, 0x00, 0x28, 0x0D, 0x14, 0xA2, 0x21, 0x19,
    0xE0, 0x25, 0x00, 0xCA, 0x2D, 0x02, 0x80, 0x05, 0x1F, 0x62, 0x09, 0x02, 0x88, 0x09, 0x02, 0x80,
    0x95, 0x00, 0x18, 0xFA, 0x07, 0x02, 0x1C, 0x03, 0x07, 0x78, 0x5B, 0x00, 0x6C, 0x07, 0x02, 0x80,
    0x0F, 0x01, 0x28, 0x01, 0x01, 0x3E, 0x0F, 0x02, 0x80, 0x07, 0x00, 0x01, 0x7A, 0x13, 0x02, 0x00,
    0x75, 0x02, 0x9C, 0x21, 0x07, 0xF8, 0x29, 0x00, 0x04, 0x0F, 0x00, 0x58, 0x2B, 0x1C, 0xC0, 0x05,
    0x02, 0x7E, 0x11, 0x00, 0x01, 0x56, 0x01, 0x02, 0x80, 0x6D, 0x11, 0x80, 0x2F, 0x00, 0x04, 0x03,
    0x02, 0x80, 0x55, 0x02, 0x7E, 0x0B, 0x02, 0x80, 0x0F, 0x01, 0x2C, 0x09, 0x00, 0x07, 0x88, 0x0D,
    0x0A, 0x08, 0x07, 0x00, 0x04, 0x07, 0x02, 0x00, 0x7D, 0x07, 0xF4, 0x1B, 0x0E, 0xB2, 0x29, 0x19,
    0x84, 0x31, 0x00, 0x1A, 0x0F, 0x00, 0x05, 0x00, 0xFF, 0x00, 0x04, 0x1B, 0x05, 0x00, 0x55, 0x02,
    0x00, 0x75, 0x11, 0xF0, 0x07, 0x0E, 0xA0, 0x2B, 0x14, 0xCA, 0x1D, 0x00, 0x2E, 0x0B, 0x00, 0x0E,
    0xF8, 0x2D, 0x05, 0x00, 0x0F, 0x02, 0x78, 0x35, 0x0F, 0x00, 0x37, 0x0C, 0x80, 0x31, 0x00, 0x04,
    0x07, 0x0C, 0x70, 0x55, 0x02, 0x7E, 0x05, 0x00, 0x16, 0xA8, 0x1D, 0x05, 0x00, 0x15, 0x0F, 0x10,
    0x09, 0x01, 0xC2, 0x07, 0x02, 0x00, 0x77, 0x00, 0x04, 0x27, 0x08, 0x00, 0x21, 0x05, 0x94, 0x29,
    0x10, 0x00, 0x1C, 0x13, 0x0C, 0x80, 0x07, 0x01, 0x40, 0x0B, 0x02, 0x80, 0x03, 0xBD, 0x02, 0x38,
    0x1E, 0x02, 0x80, 0x49, 0x11, 0x80, 0x31, 0x00, 0x00, 0x04, 0x03, 0x05, 0x00, 0x4F, 0x00, 0x5A,
    0x03, 0x04, 0xFC, 0x07, 0x02, 0x80, 0x1D, 0x05, 0x04, 0x01, 0x05, 0x00, 0x11, 0x19, 0x18, 0x15,
    0x00, 0x00, 0x04, 0x1F, 0x02, 0x00, 0x53, 0x03, 0x00, 0x0B, 0x00, 0x04, 0x17, 0x00, 0x6C, 0x1D,
    0x17, 0x32, 0x29, 0x05, 0x00, 0x23, 0x01, 0x40, 0x0B, 0x00, 0x05, 0x00, 0x6D, 0x11, 0x80, 0x2F,
    0x07, 0x18, 0x13, 0x05, 0x00, 0x51, 0x0F, 0x60, 0x19, 0x0F, 0x08, 0x09, 0x05, 0x00, 0x2F, 0x00,
    0x04, 0x17, 0x00, 0x02, 0x00, 0x55, 0x1E, 0x60, 0x39, 0x05, 0x00, 0x6F, 0x07, 0x80, 0x6B, 0x05,
    0x00, 0xDF, 0x11, 0x60, 0x29, 0x05, 0x00, 0x59, 0x07, 0xAC, 0x2D, 0x00, 0x04, 0xD0, 0x1B, 0x0F,
    0xC0, 0x31, 0x18, 0xF0, 0x0F, 0x01, 0x40, 0x0B, 0x16, 0x68, 0x25, 0x0F, 0x00, 0x77, 0x05, 0x00,
    0x63, 0x00, 0x28, 0x1D, 0x00, 0x03, 0xA8, 0x05, 0x15, 0x34, 0x03, 0x10, 0x42, 0x0F, 0x02, 0x82,
    0x05, 0x13, 0x8A, 0x1B, 0x02, 0x00, 0x6F, 0x1E, 0x60, 0x2D, 0x12, 0x16, 0x3B, 0x00, 0x00, 0x2C,
    0x0F, 0x18, 0xF0, 0x0B, 0x00, 0x06, 0x03, 0x0B, 0x44, 0x09, 0x02, 0x80, 0x75, 0x0F, 0x00, 0x85,
    0x02, 0xD8, 0x25, 0x02, 0x80, 0x05, 0x00, 0x17, 0xB6, 0x07, 0x19, 0x18, 0x0B, 0x05, 0x00, 0x07,
    0x04, 0xC2, 0x25, 0x02, 0x00, 0x63, 0x07, 0xFC, 0x39, 0x03, 0x00, 0x35, 0x1D, 0xF0, 0x19, 0x00,
    0x01, 0x40, 0x0D, 0x05, 0x00, 0xFF, 0x05, 0x00, 0x2D, 0x03, 0xC0, 0x0B, 0x03, 0xD6, 0x05, 0x05,
    0x00, 0x0D, 0x02, 0x00, 0x85, 0x05, 0x00, 0xFF, 0x00, 0x00, 0x04, 0x0B, 0x05, 0x00, 0xFF, 0x02,
    0x00, 0x63, 0x1B, 0xE2, 0x3B, 0x0A, 0x94, 0x25, 0x00, 0x48, 0x17, 0x00, 0x1E, 0x05, 0x05, 0x00,
    0x15, 0x00, 0x02, 0x78, 0x3D, 0x0F, 0x00, 0x39, 0x0C, 0x82, 0x01, 0x0F, 0x00, 0x7D, 0x02, 0xD6,
    0x0B, 0x00, 0x58, 0x27, 0x05, 0x08, 0x09, 0x05, 0x00, 0x15, 0x00, 0x0C, 0x82, 0x2D, 0x00, 0x04,
    0x0B, 0x02, 0x00, 0x43, 0x0D, 0x00, 0x4F, 0x00, 0x3C, 0x0F, 0x00, 0x28, 0x21, 0x05, 0x00, 0x11,
    0x02, 0x80, 0x79, 0xC0, 0x04, 0xF8, 0x03, 0x02, 0x80, 0x27, 0x1B, 0x18, 0x15, 0x1B, 0x70, 0x4B,
    0x05, 0x58, 0x27, 0x02, 0x80, 0x03, 0xBD, 0x7B, 0x40, 0x05, 0x00, 0x1B, 0x01, 0x86, 0x0B, 0x02,
    0x00, 0x71, 0x05, 0x02, 0x0B, 0x17, 0x00, 0x3F, 0x05, 0x00, 0x4B, 0x2B, 0x05, 0x00, 0xFF, 0x00,
    0x02, 0xD8, 0x34, 0x05, 0x00, 0x05, 0x10, 0x46, 0x09, 0x05, 0x00, 0x13, 0x02, 0x00, 0x7B, 0x19,
    0x7E, 0x23, 0x00, 0x04, 0x0F, 0x05, 0x00, 0xFF, 0x00, 0x00, 0x04, 0x0B, 0x05, 0x00, 0x93, 0x11,
    0x88, 0x03, 0x05, 0x00, 0x1D, 0x02, 0x00, 0x81, 0x00, 0x04, 0x07, 0x1E, 0x68, 0x33, 0x00, 0x94,
    0x09, 0x80, 0x0A, 0x56, 0x0D, 0x00, 0x2C, 0x19, 0x17, 0x96, 0x05, 0x0B, 0x2C, 0x03, 0x01, 0x2A,
    0x09, 0x05, 0x00, 0x03, 0x16, 0x78, 0x3D, 0xBD, 0x01, 0x7B, 0x00, 0x42, 0x03, 0x0C, 0x80, 0x0D,
    0x02, 0xD8, 0x05, 0x00, 0x60, 0x05, 0x00, 0x10, 0x3D, 0x05, 0x00, 0x0D, 0x00, 0x20, 0x05, 0x00,
    0x00, 0x80, 0x05, 0x00, 0x50, 0x33, 0x16, 0x70, 0x1F, 0x1E, 0x08, 0x1F, 0x05, 0x00, 0x0B, 0x0B,
    0x58, 0x05, 0x19, 0x08, 0x09, 0x00, 0x04, 0x0B, 0x00, 0x02, 0x00, 0x6B, 0x1C, 0x06, 0x31, 0x05,
    0xB2, 0x0B, 0x14, 0xCA, 0x0D, 0x16, 0xDC, 0x19, 0x00, 0x04, 0x0F, 0x17, 0x96, 0x05, 0x0D, 0xB0,
    0x0B, 0x18, 0x18, 0xF8, 0x47, 0x00, 0x40, 0x05, 0x02, 0x80, 0x4B, 0xBD, 0x7B, 0x02, 0x30, 0x0F,
    0x02, 0x32, 0x0B, 0x02, 0xD0, 0x3F, 0x00, 0x02, 0xCE, 0x07, 0x0C, 0x78, 0x29, 0x02, 0x80, 0x0D,
    0x10, 0x46, 0x09, 0x03, 0xE0, 0x09, 0x1E, 0x08, 0x35, 0x02, 0x00, 0x4D, 0x00, 0x04, 0x03, 0x00,
    0x07, 0xF8, 0x2D, 0x00, 0x14, 0x0B, 0x00, 0x12, 0x0D, 0x00, 0x94, 0x0F, 0x00, 0x04, 0x17, 0x05,
    0x00, 0x07, 0x01, 0x2A, 0x13, 0x02, 0x80, 0x69, 0x01, 0xBB, 0x02, 0x30, 0x3E, 0x02, 0x82, 0x07,
    0x02, 0x80, 0x31, 0x00, 0x80, 0x09, 0x02, 0x80, 0x07, 0x00, 0x54, 0x03, 0x02, 0x80, 0x35, 0x00,
    0x03, 0xD4, 0x03, 0x05, 0x00, 0x0B, 0x01, 0x6A, 0x01, 0x05, 0x00, 0x0B, 0x02, 0x00, 0x77, 0x03,
    0x00, 0x3D, 0x05, 0x76, 0x09, 0x00, 0xBC, 0x31, 0x00, 0x05, 0x00, 0x5F, 0x07, 0x02, 0x03, 0x07,
    0x80, 0x5F, 0x05, 0x00, 0x15, 0x00, 0x80, 0x03, 0x05, 0x00, 0xD5, 0x02, 0x00, 0x3D, 0x02, 0xAC,
    0x19, 0x00, 0x0A, 0x38, 0x29, 0x19, 0x76, 0x35, 0x05, 0x00, 0x1D, 0x04, 0xF8, 0x3D, 0x02, 0xD4,
    0x03, 0x04, 0x00, 0x0F, 0x00, 0x16, 0x1B, 0x13, 0x36, 0x09, 0x00, 0x01, 0xC0, 0x13, 0x00, 0x16,
    0x13, 0x00, 0x04, 0x03, 0x00, 0x54, 0x09, 0x00, 0x14, 0x03, 0x00, 0x80, 0x37, 0x05, 0x00, 0x35,
    0x00, 0x04, 0x05, 0x00, 0x00, 0x94, 0x03, 0x05, 0x00, 0x17, 0x02, 0x00, 0x7D, 0x0C, 0xCC, 0x1B,
    0x17, 0x0A, 0x37, 0x00, 0xC4, 0x25, 0x05, 0x00, 0x0B, 0x01, 0x82, 0x05, 0x00, 0x01, 0x2A, 0x07,
    0x02, 0x80, 0x3D, 0x02, 0x02, 0x09, 0x02, 0x2A, 0x11, 0x02, 0x56, 0x13, 0x02, 0x40, 0x0B, 0x0B,
    0xC4, 0x05, 0x00, 0x16, 0x27, 0x00, 0x1F, 0xF6, 0x0B, 0x00, 0x80, 0x39, 0x05, 0x00, 0x35, 0x00,
    0x04, 0x05, 0x00, 0x80, 0x15, 0x05, 0x00, 0x09, 0x02, 0x00, 0x79, 0x05, 0x40, 0x15, 0x00, 0x1B,
    0xC8, 0x25, 0x05, 0x00, 0x49, 0x01, 0xC0, 0x11, 0x05, 0x00, 0x41, 0x02, 0x40, 0x79, 0x00, 0x80,
    0x3D, 0x07, 0xD2, 0x05, 0x05, 0x00, 0x39, 0x00, 0x00, 0x6A, 0x11, 0x0A, 0x00, 0x07, 0x02, 0x00,
    0x7B, 0x1E, 0x34, 0x41, 0x00, 0xAE, 0x2B, 0x05, 0x00, 0xFF, 0x00, 0x7E, 0x05, 0x05, 0x00, 0x9B,
    0x00, 0x02, 0x00, 0x63, 0x00, 0x04, 0x03, 0x0D, 0x00, 0x3F, 0x00, 0xAA, 0x13, 0x0F, 0x00, 0x2B,
    0x05, 0x00, 0x41, 0x1C, 0xF8, 0x0F, 0x05, 0x00, 0xBB, 0x00, 0x1F, 0x08, 0x3D, 0x05, 0x00, 0x1F,
    0x02, 0x00, 0x7B, 0x0A, 0x68, 0x31, 0x1C, 0x0A, 0x49, 0x05, 0x00, 0x09, 0x0B, 0x86, 0x07, 0x05,
    0x00, 0x37, 0x00, 0x04, 0xF8, 0x09, 0x0B, 0xDA, 0x0D, 0x01, 0xD6, 0x0B, 0x00, 0x16, 0x19, 0x00,
    0x12, 0x0B, 0x02, 0x5A, 0x05, 0x00, 0x16, 0x0F, 0x00, 0x3E, 0x0F, 0x00, 0x00, 0x16, 0x13, 0x00,
    0x80, 0x3F, 0x02, 0x80, 0x35, 0x00, 0x6A, 0x15, 0x05, 0x00, 0x0D, 0x01, 0x98, 0x0B, 0x02, 0x00,
    0x67, 0x0A, 0x56, 0x2F, 0x00, 0x00, 0x12, 0x1B, 0x00, 0x0C, 0x03, 0x00, 0x94, 0x27, 0x05, 0x00,
    0x0B, 0x01, 0xC0, 0x0F, 0x05, 0x00, 0x3F, 0x02, 0x40, 0x83, 0x00, 0x80, 0x3D, 0x00, 0x05, 0x00,
    0x37, 0x00, 0x80, 0x13, 0x0A, 0x00, 0x0B, 0x02, 0x02, 0x17, 0x02, 0x00, 0x5D, 0x05, 0x00, 0xFF,
    0x05, 0x00, 0xFF, 0x05, 0x00, 0x7F, 0x00, 0x00, 0x56, 0x3B, 0x00, 0x30, 0x0F, 0x00, 0xC0, 0x27,
    0x05, 0x00, 0x15, 0x16, 0x78, 0x35, 0x17, 0xF8, 0x07, 0x01, 0xC0, 0x0B, 0x00, 0x64, 0x01, 0x00,
    0x00, 0x6C, 0x01, 0x03, 0xF8, 0x05, 0x00, 0x04, 0x07, 0x00, 0x12, 0x0F, 0x03, 0x14, 0x05, 0x00,
    0x16, 0x37, 0x00, 0x28, 0x11, 0x00, 0x80, 0x2B, 0x00, 0x02, 0x94, 0x0D, 0x01, 0x10, 0x3D, 0x05,
    0x00, 0x1B, 0x02, 0x00, 0x77, 0x00, 0x6C, 0x29, 0x05, 0x68, 0x0F, 0x0F, 0x82, 0x35, 0x00, 0x10,
    0x07, 0x00, 0x05, 0x00, 0x0F, 0x03, 0xA8, 0x03, 0x01, 0x70, 0x3D, 0x04, 0x42, 0x0D, 0x02, 0x40,
    0x2D, 0x02, 0x2A, 0x25, 0x02, 0xC0, 0x55, 0x03, 0x40, 0x0D, 0x00, 0x03, 0x90, 0x3F, 0x02, 0x82,
    0x0B, 0x14, 0x00, 0x23, 0x00, 0x14, 0x0B, 0x02, 0x00, 0x51, 0x14, 0x7E, 0x27, 0x03, 0x00, 0x47,
    0x0A, 0x00, 0x1D, 0x00, 0x01, 0x2A, 0x01, 0x05, 0x00, 0x53, 0x02, 0x40, 0x51, 0x02, 0xAA, 0x3B,
    0x05, 0x00, 0x23, 0x01, 0x10, 0x41, 0x05, 0x00, 0x1D, 0x01, 0xAA, 0x0B, 0x00, 0x02, 0x00, 0x65,
    0x17, 0x00, 0x4B, 0x03, 0x04, 0x21, 0x05, 0x00, 0x77, 0x02, 0x6C, 0x27, 0x02, 0x40, 0x3F, 0x00,
    0x2C, 0x3B, 0x05, 0x00, 0x85, 0x00, 0x02, 0x00, 0x5F, 0x05, 0x38, 0x27, 0x00, 0x98, 0x29, 0x0F,
    0x00, 0x3B, 0x01, 0x2A, 0x01, 0x0B, 0x70, 0x0D, 0x1F, 0xDA, 0x07, 0x00, 0x04, 0x07, 0x40, 0x1F,
    0xF0, 0x09, 0x00, 0x04, 0x03, 0x00, 0x12, 0x07, 0x05, 0x00, 0x3B, 0x05, 0x16, 0x3D, 0x00, 0x6A,
    0x3D, 0xC5, 0x03, 0x40, 0x0E, 0x00, 0x0C, 0x80, 0x35, 0x1A, 0x08, 0x09, 0x0F, 0x00, 0x31, 0x00,
    0x04, 0x0F, 0x02, 0x00, 0x4B, 0x1E, 0x76, 0x33, 0x17, 0x0A, 0x3F, 0x00, 0x28, 0x05, 0x00, 0x02,
    0x80, 0x0F, 0x00, 0x04, 0x01, 0x10, 0x70, 0x0F, 0x02, 0x70, 0x13, 0x00, 0x16, 0x17, 0x1F, 0xE2,
    0x09, 0x03, 0xF0, 0x05, 0x02, 0x6A, 0x93, 0x00, 0x00, 0x6A, 0x13, 0x02, 0x30, 0x0D, 0x02, 0x80,
    0x3F, 0x0F, 0x9C, 0x0B, 0x00, 0x6A, 0x05, 0x02, 0x00, 0x7D, 0x0F, 0x60, 0x35, 0x00, 0x9C, 0x2D,
    0x20, 0x03, 0x24, 0x15, 0x07, 0x80, 0x11, 0x01, 0x70, 0x11, 0x02, 0x58, 0x03, 0x02, 0x82, 0x25,
    0x64, 0x05, 0x00, 0x00, 0x03, 0xF0, 0x0D, 0x00, 0x01, 0xFE, 0x13, 0x07, 0x80, 0x67, 0x00, 0x80,
    0x2B, 0x03, 0x40, 0x0D, 0x02, 0x80, 0x3D, 0x03, 0xD6, 0x03, 0x00, 0x54, 0x07, 0x07, 0x80, 0x09,
    0x00, 0x02, 0x00, 0x79, 0x03, 0x00, 0x3B, 0x05, 0x7A, 0x25, 0x00, 0x2C, 0x17, 0x05, 0x00, 0x91,
    0x02, 0x2A, 0x29, 0x02, 0xC0, 0x51, 0x00, 0x06, 0x01, 0x00, 0x05, 0x00, 0xA3, 0x02, 0x00, 0x3F,
    0x07, 0xFA, 0x27, 0x03, 0x16, 0x13, 0x0A, 0xA2, 0x21, 0x00, 0x68, 0x19, 0x05, 0x00, 0x15, 0x02,
    0x6C, 0x29, 0x00, 0x1F, 0xA0, 0x09, 0x0D, 0xF0, 0x15, 0x04, 0x00, 0x0D, 0x00, 0x16, 0x33, 0x01,
    0xC2, 0x03, 0x00, 0x16, 0x0F, 0x00, 0x6A, 0x4F, 0x00, 0x16, 0x0D, 0x00, 0x0C, 0x80, 0x35, 0x00,
    0x54, 0x15, 0x05, 0x00, 0x15, 0x00, 0x04, 0x17, 0x02, 0x00, 0x53, 0x11, 0xB6, 0x35, 0x0F, 0x72,
    0x11, 0x00, 0x7E, 0x17, 0x0C, 0x00, 0x66, 0x17, 0x05, 0x00, 0x13, 0x0B, 0x15, 0x0C, 0x5E, 0x19,
    0x00, 0x16, 0x0F, 0x02, 0x80, 0x13, 0x01, 0xEC, 0x27, 0x00, 0x02, 0x68, 0x11, 0x00, 0x16, 0x29,
    0x02, 0xAA, 0x25, 0x00, 0x80, 0x37, 0x02, 0x80, 0x35, 0x00, 0x80, 0x15, 0x05, 0x00, 0x17, 0x00,
    0x04, 0x13, 0x00, 0x02, 0x00, 0x55, 0x1E, 0x0A, 0x35, 0x17, 0x36, 0x29, 0x00, 0x04, 0x19, 0x05,
    0x00, 0x19, 0x02, 0x5E, 0x07, 0x02, 0x6C, 0x0B, 0x05, 0x00, 0x23, 0x00, 0x02, 0x40, 0x8B, 0x00,
    0x80, 0x3D, 0x05, 0x00, 0x41, 0x00, 0x80, 0x09, 0x05, 0x00, 0x11, 0x02, 0x00, 0x71, 0x1E, 0x30,
    0x07, 0x00, 0x2A, 0x1B, 0x00, 0x12, 0x20, 0x37, 0x05, 0x00, 0xFF, 0x05, 0x00, 0x9F, 0x02, 0x00,
    0x77, 0x0C, 0xD4, 0x3D, 0x00, 0xC0, 0x0F, 0x08, 0x04, 0x29, 0x0F, 0x00, 0x17, 0x06, 0x01, 0xC2,
    0x03, 0x0A, 0x15, 0x01, 0x70, 0x2D, 0x16, 0x88, 0x19, 0x05, 0x00, 0xB1, 0x03, 0x6C, 0x0D, 0x05,
    0x00, 0x59, 0x00, 0x02, 0x00, 0x71, 0x00, 0x16, 0x0F, 0x0D, 0x00, 0x25, 0x19, 0x6E, 0x13, 0x12,
    0x00, 0x29, 0x05, 0x00, 0x09, 0x01, 0xDA, 0x0B, 0x01, 0x30, 0x07, 0x00, 0x02, 0x80, 0x3D, 0x01,
    0xD6, 0x09, 0x1F, 0xCC, 0x05, 0x01, 0xF0, 0x0B, 0x16, 0xF4, 0x07, 0x00, 0x80, 0x11, 0x00, 0x16,
    0x13, 0x0C, 0x7E, 0x0D, 0x00, 0x00, 0x54, 0x11, 0x00, 0x16, 0x29, 0x00, 0x80, 0x17, 0x08, 0x68,
    0x15, 0x05, 0x00, 0x31, 0x00, 0x80, 0x09, 0x16, 0x80, 0x07, 0x02, 0x00, 0x7B, 0x00, 0x05, 0x56,
    0x2D, 0x0F, 0x7A, 0x0D, 0x11, 0xC2, 0x0F, 0x0F, 0x7E, 0x2B, 0x05, 0x00, 0x05, 0x01, 0xAA, 0x15,
    0x02, 0x80, 0x3F, 0x02, 0x40, 0x7B, 0x00, 0x00, 0x80, 0x3D, 0x0A, 0xF2, 0x0D, 0x02, 0x80, 0x2F,
    0x00, 0x80, 0x13, 0x14, 0x00, 0x2B, 0x00, 0x10, 0x07, 0x02, 0x00, 0x4D, 0x0C, 0xFC, 0x45, 0x00,
    0x05, 0x00, 0xFF, 0x05, 0x00, 0xC5, 0x00, 0x04, 0x0F, 0x05, 0x00, 0x5D, 0x14, 0x4E, 0x17, 0x19,
    0x40, 0x2D, 0x02, 0xFC, 0x2F, 0x05, 0x00, 0x1D, 0x80, 0x15, 0x78, 0x35, 0x02, 0x88, 0x0D, 0x0B,
    0xC0, 0x05, 0x00, 0x10, 0x0D, 0x0C, 0xD2, 0x05, 0x00, 0x20, 0x15, 0x00, 0x10, 0x25, 0xBD, 0x01,
    0x7B, 0x00, 0x12, 0x03, 0x00, 0x10, 0x05, 0x02, 0x34, 0x03, 0x04, 0xBE, 0x07, 0x00, 0x60, 0x35,
    0x1A, 0x00, 0x0B, 0x0D, 0x70, 0x0F, 0x00, 0x1D, 0xF8, 0x29, 0x05, 0x00, 0x15, 0x02, 0x00, 0x79,
    0x05, 0x40, 0x0B, 0x19, 0x68, 0x25, 0x14, 0x7E, 0x2D, 0x0F, 0x00, 0x21, 0x01, 0x2A, 0x11, 0x30,
    0x19, 0x08, 0x0F, 0x02, 0x80, 0x4F, 0x01, 0xD2, 0x03, 0x00, 0x20, 0x13, 0xBD, 0x7B, 0x02, 0x90,
    0x35, 0x17, 0x2E, 0x0D, 0x06, 0x02, 0x80, 0x33, 0xBD, 0x7B, 0x02, 0x80, 0x0D, 0x00, 0x54, 0x05,
    0x02, 0x80, 0x25, 0x0C, 0xF0, 0x09, 0x0C, 0x88, 0x09, 0x40, 0x0F, 0x00, 0x07, 0x02, 0x00, 0x7B,
    0x19, 0x10, 0x35, 0x05, 0x00, 0x4F, 0x01, 0x2A, 0x13, 0x02, 0x80, 0x51, 0xBB, 0x02, 0x80, 0x0C,
    0x00, 0x05, 0x00, 0x41, 0x02, 0x80, 0x0F, 0x12, 0x2A, 0x0B, 0x00, 0x80, 0x15, 0x05, 0x00, 0x2B,
    0x00, 0x54, 0x07, 0x05, 0x00, 0x39, 0x01, 0x6A, 0x01, 0x00, 0x14, 0x00, 0x2F, 0x00, 0x04, 0x0B,
    0x05, 0x00, 0x47, 0x00, 0x82, 0x23, 0x05, 0x00, 0xF3, 0x00, 0x10, 0x29, 0x07, 0x82, 0x03, 0x05,
    0x00, 0x4B, 0x00, 0x07, 0x80, 0x0F, 0x05, 0x00, 0x4F, 0x02, 0x00, 0x7B, 0x0D, 0x00, 0x23, 0x1E,
    0x82, 0x19, 0x0D, 0x00, 0x43, 0x01, 0x10, 0x05, 0x01, 0x2A, 0x0D, 0x00, 0x09, 0x58, 0x05, 0x02,
    0x80, 0x35, 0x00, 0x04, 0x1D, 0x01, 0xD8, 0x03, 0x13, 0x58, 0x2F, 0x00, 0x58, 0x1F, 0x05, 0x00,
    0x0B, 0x00, 0x30, 0x1D, 0xEF, 0xDF, 0x67, 0xDF, 0x67, 0x00, 0x04, 0x01, 0x1F, 0x06, 0x3F, 0x1F,
    0x06, 0x1F, 0x06, 0x1F, 0x06, 0x00, 0x58, 0x1B, 0x0C, 0x96, 0x07, 0x10, 0x00, 0x2D, 0x00, 0x04,
    0xF8, 0x07, 0x01, 0xD8, 0x17, 0x02, 0x00, 0x71, 0x16, 0x8C, 0x39, 0x00, 0x82, 0x0F, 0x03, 0x20,
    0x13, 0x1B, 0x88, 0x1B, 0x19, 0x08, 0x09, 0x80, 0x17, 0xF8, 0x3F, 0x02, 0x80, 0x2B, 0x0E, 0x58,
    0x2F, 0x00, 0x58, 0x25, 0x0E, 0xB8, 0x25, 0x02, 0x80, 0x05, 0x02, 0x7E, 0x01, 0x3F, 0x00, 0x02,
    0x84, 0x00, 0x00, 0x58, 0x1D, 0x05, 0x08, 0x1D, 0x1A, 0x08, 0x11, 0x18, 0xF8, 0x09, 0x18, 0x8C,
    0x49, 0x02, 0x00, 0x41, 0x00, 0x04, 0x0B, 0x00, 0x05, 0x88, 0x1B, 0x0A, 0xB2, 0x0B, 0x00, 0x6C,
    0x17, 0x02, 0xF4, 0x29, 0x07, 0x88, 0x01, 0x0F, 0x08, 0x07, 0x1C, 0xF8, 0x3F, 0x02, 0x80, 0x87,
    0x00, 0x02, 0x2A, 0x03, 0x05, 0x00, 0x47, 0x0A, 0x08, 0x23, 0x1A, 0x00, 0x07, 0x11, 0xDA, 0x07,
    0x18, 0xF8, 0x1D, 0x00, 0x04, 0x07, 0x02, 0x00, 0x6F, 0x00, 0x03, 0x00, 0x61, 0x00, 0x7E, 0x19,
    0x05, 0x00, 0x17, 0x07, 0x82, 0x03, 0x05, 0x00, 0xFF, 0x00, 0x04, 0x03, 0x05, 0x00, 0xB9, 0x18,
    0xF4, 0x27, 0x00, 0x14, 0x4A, 0x29, 0x00, 0x2C, 0x31, 0x00, 0x2A, 0x0F, 0x01, 0x18, 0x05, 0x05,
    0x00, 0x0D, 0x16, 0x04, 0x03, 0x05, 0x08, 0x57, 0x05, 0x00, 0x85, 0x06, 0x02, 0x76, 0x03, 0x3F,
    0x06, 0x02, 0x88, 0x05, 0x0A, 0x60, 0x23, 0x02, 0xE6, 0x07, 0x1E, 0xF8, 0x17, 0x05, 0x00, 0x1F,
    0x00, 0x02, 0x00, 0x7B, 0x02, 0xAC, 0x17, 0x1E, 0x4A, 0x3D, 0x03, 0x54, 0x29, 0x19, 0x08, 0x07,
    0x05, 0x00, 0x0B, 0x02, 0x82, 0x05, 0x02, 0x80, 0xB7, 0x00, 0x05, 0x00, 0x23, 0x04, 0xF8, 0x05,
    0x02, 0x80, 0x25, 0x02, 0x7E, 0x05, 0x00, 0x08, 0x05, 0x19, 0xF8, 0x17, 0x12, 0xDA, 0x07, 0x05,
    0x00, 0x13, 0x00, 0x02, 0x00, 0x7F, 0x00, 0x6C, 0x2D, 0x11, 0xC6, 0x13, 0x05, 0x00, 0x57, 0x01,
    0x40, 0x01, 0x02, 0x80, 0x55, 0x01, 0xC0, 0x0D, 0x05, 0x00, 0x53, 0x00, 0x00, 0x60, 0x1F, 0x05,
    0x00, 0x33, 0x0F, 0x60, 0x0F, 0x05, 0x00, 0x0F, 0x1C, 0x46, 0x03, 0x05, 0x00, 0x2F, 0x02, 0x00,
    0x65, 0x05, 0x00, 0x83, 0x00, 0x01, 0x18, 0x05, 0x05, 0x00, 0xFF, 0x02, 0x82, 0x03, 0x05, 0x00,
    0xE9, 0x00, 0x04, 0x0F, 0x0D, 0x00, 0x27, 0x08, 0x3E, 0x2B, 0x14, 0xE0, 0x1F, 0x00, 0x01, 0x20,
    0x03, 0x0C, 0x88, 0x05, 0x01, 0x40, 0x07, 0x16, 0x88, 0x3D, 0x05, 0x00, 0x9D, 0x0C, 0x80, 0x07,
    0x0F, 0x00, 0x1B, 0x02, 0xE8, 0x1D, 0x00, 0x03, 0xC0, 0x15, 0x01, 0x58, 0x01, 0x13, 0xF8, 0x07,
    0x02, 0x00, 0x8F, 0x0D, 0x00, 0x49, 0x17, 0x20, 0x2B, 0x00, 0x34, 0x0B, 0x03, 0x9E, 0x03, 0x00,
    0x16, 0x88, 0x05, 0x0B, 0x44, 0x07, 0x02, 0x80, 0x55, 0x05, 0x00, 0x61, 0x02, 0x80, 0x2D, 0x0F,
    0x00, 0x19, 0x03, 0x40, 0x15, 0x00, 0x04, 0x05, 0x00, 0x0C, 0x70, 0x03, 0x01, 0x3E, 0x0B, 0x02,
    0x80, 0x01, 0x03, 0xD6, 0x03, 0x18, 0xF0, 0x0D, 0x00, 0x04, 0x1F, 0x02, 0x00, 0x67, 0x03, 0x00,
    0x4F, 0x00, 0x00, 0x40, 0x0F, 0x05, 0x00, 0x31, 0x1E, 0x08, 0x43, 0x05, 0x00, 0x7B, 0x14, 0x00,
    0x2B, 0x05, 0x02, 0x01, 0x05, 0x00, 0x35, 0x01, 0x2C, 0x01, 0x00, 0x05, 0x00, 0x0D, 0x02, 0x94,
    0x01, 0x05, 0x00, 0x07, 0x02, 0x00, 0x93, 0x03, 0x00, 0x2B, 0x02, 0xD8, 0x1D, 0x05, 0x00, 0xFF,
    0x05, 0x00, 0xDB, 0x00, 0x02, 0x00, 0x4B, 0x1E, 0x38, 0x25, 0x19, 0x52, 0x1B, 0x07, 0xF2, 0x37,
    0x00, 0x24, 0x09, 0x05, 0x00, 0x15, 0x01, 0x56, 0x05, 0x02, 0x88, 0x4D, 0x00, 0x05, 0x00, 0x85,
    0x18, 0xF8, 0x03, 0x0C, 0x80, 0x27, 0x00, 0x04, 0x0D, 0x09, 0xEE, 0x0B, 0x05, 0x00, 0x19, 0x04,
    0xAC, 0x29, 0x02, 0x00, 0x61, 0x80, 0x0D, 0x00, 0x29, 0x07, 0x40, 0x1F, 0x08, 0x50, 0x3D, 0x05,
    0x00, 0x13, 0x02, 0x82, 0x07, 0x02, 0x80, 0x4D, 0x0F, 0x00, 0x8B, 0x1F, 0x00, 0x02, 0x80, 0x36,
    0x01, 0x2C, 0x0B, 0x05, 0x00, 0x1B, 0x01, 0xEA, 0x13, 0x02, 0x00, 0x75, 0x1B, 0xBE, 0x2B, 0x00,
    0x16, 0x05, 0x11, 0xFC, 0x0B, 0x00, 0x07, 0xF2, 0x29, 0x00, 0x12, 0x1B, 0x05, 0x00, 0x15, 0x01,
    0x56, 0x05, 0x05, 0x00, 0xAF, 0x02, 0x82, 0x03, 0x05, 0x00, 0x69, 0x07, 0x82, 0x11, 0x00, 0x05,
    0x00, 0x1D, 0x02, 0x00, 0x77, 0x0F, 0x40, 0x3F, 0x03, 0x42, 0x0F, 0x03, 0x28, 0x29, 0x05, 0x00,
    0xFF, 0x05, 0x00, 0x83, 0x01, 0x98, 0x0B, 0x00, 0x02, 0x00, 0x67, 0x14, 0x00, 0x87, 0x00, 0xC0,
    0x09, 0x16, 0x90, 0x05, 0x08, 0xD4, 0x15, 0x02, 0x88, 0x05, 0x16, 0x98, 0x3D, 0x05, 0x00, 0x85,
    0x00, 0x0F, 0x00, 0x2D, 0x01, 0x00, 0x0D, 0x05, 0x00, 0x15, 0x16, 0x70, 0x0B, 0x07, 0x26, 0x39,
    0x00, 0x04, 0x03, 0x14, 0x00, 0x5D, 0x00, 0x38, 0x21, 0x00, 0x00, 0x0E, 0x09, 0x0F, 0x7A, 0x3B,
    0x19, 0xC2, 0x13, 0x00, 0x08, 0x01, 0x02, 0x80, 0x0B, 0x07, 0x88, 0x17, 0x02, 0x80, 0x3D, 0x0C,
    0x20, 0x25, 0x00, 0x00, 0x58, 0x33, 0x02, 0x84, 0x07, 0x02, 0x80, 0x29, 0x00, 0x04, 0x01, 0x02,
    0x80, 0x37, 0x00, 0x04, 0x01, 0x02, 0x82, 0x01, 0x02, 0x80, 0x0B, 0x00, 0x02, 0x22, 0x29, 0x02,
    0x00, 0x69, 0x02, 0xA4, 0x2F, 0x08, 0x06, 0x13, 0x1C, 0x0A, 0x3F, 0x05, 0xC6, 0x0B, 0x01, 0x38,
    0x05, 0x01, 0x56, 0x13, 0x00, 0x07, 0x88, 0x07, 0x02, 0x80, 0x3F, 0x07, 0x20, 0x23, 0x05, 0x58,
    0x31, 0x02, 0x82, 0x09, 0x11, 0x80, 0x27, 0x05, 0x02, 0x03, 0x02, 0x80, 0x2D, 0x00, 0x07, 0x72,
    0x0D, 0x01, 0x2C, 0x05, 0x1D, 0xF0, 0x07, 0x0C, 0x76, 0x21, 0x02, 0x00, 0x79, 0x00, 0x04, 0x03,
    0x03, 0x00, 0x29, 0x14, 0x7A, 0x3F, 0x00, 0x00, 0x58, 0x17, 0x05, 0x00, 0xFF, 0x00, 0x32, 0x1B,
    0x05, 0x00, 0x81, 0x02, 0x00, 0x41, 0x16, 0x22, 0x25, 0x02, 0xEA, 0x29, 0x00, 0x04, 0x0B, 0x00,
    0x0A, 0x9E, 0x17, 0x00, 0x16, 0x07, 0x05, 0xD2, 0x17, 0x05, 0x08, 0x09, 0x05, 0x00, 0x09, 0x01,
    0x6C, 0x0D, 0x01, 0x88, 0x05, 0x0C, 0xA0, 0x2D, 0x00, 0x05, 0x00, 0x85, 0x0C, 0x80, 0x1D, 0x00,
    0xE0, 0x0D, 0x06, 0x16, 0x13, 0x00, 0x04, 0x07, 0x04, 0xF8, 0x07, 0x01, 0xD8, 0x29, 0x02, 0x00,
    0x6F, 0x80, 0x14, 0x5C, 0x35, 0x00, 0x7E, 0x25, 0x0C, 0x5C, 0x11, 0x19, 0x0A, 0x21, 0x0F, 0x10,
    0x0B, 0x05, 0x08, 0x05, 0x02, 0x82, 0x15, 0x0A, 0xC0, 0x02, 0x80, 0x38, 0x02, 0x26, 0x03, 0x05,
    0x00, 0x53, 0x02, 0x82, 0x07, 0x11, 0x80, 0x3D, 0x00, 0xE0, 0x03, 0xBD, 0x7B, 0x00, 0x00, 0xE0,
    0x05, 0x01, 0x00, 0x0D, 0x06, 0x28, 0x0D, 0x0C, 0x78, 0x0B, 0x02, 0x4E, 0x3D, 0x02, 0x00, 0x57,
    0x00, 0x56, 0x19, 0x0A, 0x68, 0x1B, 0x00, 0x03, 0x3E, 0x25, 0x08, 0x12, 0x1B, 0x05, 0x00, 0x29,
    0x0D, 0xDC, 0x03, 0x01, 0x6C, 0x0F, 0x05, 0x00, 0x95, 0x00, 0x5C, 0x05, 0x05, 0x00, 0x5B, 0x00,
    0x01, 0x02, 0x03, 0x05, 0x00, 0x17, 0x02, 0x5A, 0x1F, 0x00, 0x10, 0x07, 0x02, 0x00, 0x6F, 0x0F,
    0x76, 0x4B, 0x00, 0x04, 0x13, 0x1C, 0x0A, 0x17, 0x00, 0x00, 0x98, 0x1F, 0x05, 0x00, 0xFF, 0x00,
    0x04, 0x03, 0x00, 0xE0, 0x0D, 0x05, 0x00, 0x4D, 0x02, 0x00, 0x87, 0x1E, 0x72, 0x33, 0x00, 0x42,
    0x31, 0x00, 0x00, 0xC4, 0x29, 0x17, 0xC0, 0x05, 0x05, 0x00, 0x15, 0x00, 0x16, 0x15, 0x01, 0xB8,
    0x0D, 0x00, 0x10, 0x0D, 0x04, 0xA4, 0x05, 0x00, 0x20, 0x15, 0x06, 0x00, 0x10, 0x0D, 0xBD, 0x7B,
    0x00, 0x12, 0x03, 0x00, 0x30, 0x1D, 0x05, 0x00, 0x0D, 0x00, 0x60, 0x25, 0x02, 0x68, 0x19, 0x00,
    0x06, 0x00, 0x19, 0x13, 0xF0, 0x0B, 0x09, 0xF8, 0x05, 0x04, 0xEA, 0x25, 0x02, 0x00, 0x77, 0x1E,
    0x76, 0x41, 0x00, 0x14, 0x0B, 0x0D, 0x6A, 0x37, 0x00, 0x00, 0xD6, 0x19, 0x17, 0xC0, 0x05, 0x1F,
    0x4C, 0x01, 0x02, 0x70, 0x0B, 0x15, 0x74, 0x07, 0x18, 0x02, 0x0D, 0x07, 0x98, 0x11, 0x02, 0x80,
    0x0F, 0x00, 0x04, 0xA8, 0x03, 0x02, 0x20, 0x35, 0x00, 0x10, 0x15, 0x04, 0xF8, 0x03, 0x05, 0x00,
    0x07, 0x00, 0x30, 0x1B, 0x09, 0xD8, 0x07, 0x07, 0x68, 0x17, 0x00, 0x00, 0xEA, 0x03, 0x01, 0x00,
    0x1D, 0x01, 0x26, 0x03, 0x04, 0xF8, 0x15, 0x01, 0x96, 0x35, 0x02, 0x00, 0x63, 0x00, 0x04, 0x03,
    0x1D, 0xB2, 0x2D, 0x00, 0x00, 0x04, 0x0B, 0x03, 0x58, 0x25, 0x12, 0x7C, 0x2D, 0x05, 0x00, 0x05,
    0x03, 0xF0, 0x03, 0x1A, 0x6E, 0x0D, 0x01, 0x94, 0x11, 0x00, 0x16, 0x03, 0x00, 0x05, 0x00, 0x21,
    0x04, 0xA0, 0x39, 0x05, 0x00, 0x19, 0x07, 0x82, 0x09, 0x00, 0x50, 0x35, 0x03, 0x56, 0x13, 0x01,
    0x00, 0x17, 0x05, 0x00, 0x29, 0x00, 0x01, 0x6C, 0x13, 0x02, 0x00, 0x79, 0x03, 0x00, 0x41, 0x00,
    0x04, 0x0F, 0x0C, 0x68, 0x17, 0x05, 0x00, 0xB1, 0x07, 0x82, 0x03, 0x05, 0x00, 0x4B, 0x00, 0x02,
    0x80, 0x19, 0x05, 0x00, 0x2B, 0x1F, 0x40, 0x05, 0x08, 0xD4, 0x1F, 0x05, 0x00, 0x55, 0x00, 0x04,
    0x0F, 0x02, 0x00, 0x19, 0x0C, 0xC2, 0x2B, 0x00, 0x02, 0x40, 0x31, 0x11, 0xFC, 0x1B, 0x00, 0xC0,
    0x25, 0x0C, 0x90, 0x0D, 0x0C, 0x98, 0x07, 0x05, 0x00, 0x1B, 0x01, 0xC0, 0x2D, 0x02, 0xC0, 0x0D,
    0x10, 0x04, 0x80, 0x2D, 0x00, 0x80, 0x6D, 0x06, 0x16, 0x03, 0x00, 0x04, 0x05, 0xC5, 0x16, 0x68,
    0x02, 0x01, 0xD6, 0x0B, 0x09, 0xAC, 0x29, 0x00, 0x02, 0x00, 0x6F, 0x0D, 0x16, 0x27, 0x00, 0xD6,
    0x0F, 0x16, 0xFC, 0x37, 0x0A, 0xFE, 0x37, 0x02, 0x7E, 0x0B, 0x05, 0x10, 0x01, 0x01, 0xAA, 0x19,
    0x00, 0x01, 0xD6, 0x13, 0x0B, 0xC4, 0x0B, 0x00, 0x16, 0x11, 0x1F, 0xCC, 0x09, 0x00, 0x16, 0x11,
    0x02, 0x40, 0x0F, 0x00, 0x04, 0x03, 0x00, 0x80, 0x6F, 0x00, 0x06, 0x16, 0x03, 0x00, 0x04, 0x07,
    0x07, 0x40, 0x39, 0x02, 0x00, 0x71, 0x02, 0xC2, 0x15, 0x11, 0x9C, 0x1F, 0x00, 0x7E, 0x29, 0x00,
    0x2C, 0x17, 0x00, 0x1E, 0x82, 0x0F, 0x00, 0x58, 0x1B, 0x05, 0x00, 0x13, 0x02, 0x40, 0xB7, 0x00,
    0x80, 0x3D, 0x05, 0x00, 0x0B, 0x1B, 0x68, 0x03, 0x05, 0x00, 0x41, 0x00, 0x02, 0x00, 0x65, 0x05,
    0x00, 0x81, 0x01, 0x2E, 0x1B, 0x05, 0x00, 0xFF, 0x05, 0x00, 0x25, 0x0C, 0x78, 0x03, 0x05, 0x00,
    0xAB, 0x00, 0x04, 0x0F, 0x00, 0x0D, 0x00, 0x57, 0x00, 0xC0, 0x35, 0x03, 0xA8, 0x11, 0x02, 0x82,
    0x07, 0x02, 0x90, 0x0D, 0x05, 0x00, 0xDB, 0x06, 0x00, 0x0D, 0x01, 0x00, 0x05, 0x00, 0x16, 0x14,
    0x3F, 0x02, 0x00, 0x81, 0x00, 0x04, 0x03, 0x00, 0x2A, 0x07, 0x11, 0xCC, 0x29, 0x00, 0x14, 0x0B,
    0x16, 0x60, 0x13, 0x00, 0x12, 0x0D, 0x00, 0x05, 0xF0, 0x17, 0x0D, 0xA0, 0x1D, 0x03, 0xF6, 0x09,
    0x07, 0x90, 0x0B, 0x01, 0xC0, 0x07, 0x0B, 0xF0, 0x0D, 0x01, 0xCA, 0x09, 0x00, 0x16, 0x13, 0x00,
    0x00, 0x04, 0x03, 0x02, 0x2A, 0x07, 0x02, 0x2E, 0x0B, 0x00, 0x54, 0x11, 0x00, 0x16, 0x13, 0x00,
    0x80, 0x57, 0x02, 0x7E, 0x0D, 0x01, 0x00, 0x05, 0x00, 0x02, 0x26, 0x2B, 0x00, 0x04, 0x1B, 0x02,
    0x00, 0x71, 0x03, 0x0E, 0x39, 0x00, 0x04, 0x0F, 0x00, 0x7E, 0x11, 0x00, 0xD6, 0x49, 0x0A, 0x08,
    0x09, 0x02, 0x06, 0x7E, 0x09, 0xA5, 0x0A, 0x10, 0x04, 0x02, 0x40, 0x97, 0x00, 0x80, 0x3D, 0x05,
    0x00, 0x15, 0x06, 0xE4, 0x2B, 0x1B, 0x94, 0x39, 0x00, 0x02, 0x00, 0x51, 0x00, 0x04, 0x0B, 0x00,
    0x2A, 0x1D, 0x16, 0xF4, 0x3B, 0x0A, 0xF0, 0x23, 0x1B, 0xB4, 0x1D, 0x05, 0x00, 0xFF, 0x05, 0x00,
    0x31, 0x00, 0x02, 0x90, 0x23, 0x02, 0x00, 0x6F, 0x1D, 0xA0, 0x25, 0x14, 0x88, 0x2D, 0x00, 0x98,
    0x1F, 0x00, 0xEC, 0x03, 0x14, 0xE0, 0x3B, 0x00, 0x28, 0x09, 0x00, 0x02, 0x94, 0x11, 0x02, 0xAA,
    0x13, 0x00, 0x16, 0x19, 0x05, 0x54, 0x0B, 0x0A, 0x6A, 0x13, 0x00, 0x16, 0x19, 0x00, 0x80, 0x57,
    0x01, 0x54, 0x27, 0x00, 0x01, 0x2A, 0x13, 0x16, 0x76, 0x2D, 0x02, 0x00, 0x5D, 0x1E, 0x76, 0x6B,
    0x03, 0x96, 0x39, 0x02, 0x82, 0x23, 0x02, 0x2A, 0x2D, 0x02, 0x40, 0x45, 0x00, 0x02, 0xAA, 0x35,
    0x00, 0x80, 0x2D, 0x02, 0x2A, 0x1F, 0x01, 0xB4, 0x1D, 0x02, 0x2A, 0x37, 0x02, 0x00, 0x53, 0x0A,
    0x2A, 0x1B, 0x00, 0xD6, 0x0B, 0x00, 0x04, 0xA8, 0x43, 0x1E, 0xE0, 0x4D, 0x05, 0x00, 0x2B, 0x00,
    0x1E, 0x0D, 0x02, 0x2A, 0x3B, 0x02, 0xC0, 0x2F, 0x00, 0x80, 0x3B, 0x02, 0x2A, 0x3D, 0x00, 0x04,
    0xEA, 0x29, 0x02, 0x00, 0x63, 0x05, 0x94, 0x2B, 0x00, 0x5C, 0x17, 0x05, 0x00, 0x79, 0x0C, 0x98,
    0x0D, 0x02, 0x40, 0x43, 0x02, 0x2A, 0x21, 0x00, 0x02, 0xC0, 0x59, 0x00, 0x80, 0x11, 0x02, 0x40,
    0x25, 0x09, 0xAC, 0x43, 0x02, 0x00, 0x63, 0x08, 0x2C, 0x2F, 0x0D, 0x00, 0x31, 0x1D, 0xFC, 0x19,
    0x00, 0x05, 0x16, 0x25, 0x01, 0x2A, 0x51, 0x04, 0x00, 0x61, 0x00, 0xEA, 0x2F, 0x16, 0x3C, 0x4B,
    0x00, 0x04, 0x33, 0x02, 0x00, 0x67, 0x00, 0x7A, 0x19, 0x00, 0x01, 0x2E, 0x1D, 0x19, 0x76, 0x35,
    0x0E, 0xFC, 0x19, 0x06, 0x2A, 0x31, 0x00, 0xCC, 0x13, 0x04, 0x00, 0x79, 0x00, 0x46, 0x25, 0x17,
    0x88, 0x37, 0x00, 0x1A, 0x54, 0x23, 0x00, 0x04, 0x07, 0x07, 0x26, 0x31, 0x02, 0x00, 0x5F, 0x19,
    0x76, 0x1B, 0x00, 0xD6, 0x31, 0x02, 0x2A, 0x29, 0x0B, 0x38, 0x25, 0x00, 0x00, 0xD6, 0x29, 0x09,
    0x00, 0x2D, 0x01, 0x68, 0x21, 0x02, 0x18, 0x2D, 0x03, 0x56, 0x2D, 0x00, 0x5A, 0x13, 0x10, 0x00,
    0x2D, 0x00, 0x04, 0x07, 0x00, 0x08, 0xE8, 0x3B, 0x02, 0x00, 0x67, 0x0F, 0xA6, 0x2F, 0x02, 0x2A,
    0x43, 0x00, 0x04, 0x07, 0x05, 0x00, 0x6B, 0x00, 0x04, 0x0F, 0x05, 0x00, 0x67, 0x00, 0x01, 0x42,
    0x25, 0x05, 0x00, 0x89, 0x00, 0x04, 0x07, 0x02, 0x00, 0x53, 0x02, 0xEA, 0x17, 0x03, 0x42, 0x43,
    0x00, 0x04, 0x0B, 0x04, 0x00, 0x59, 0x00, 0x01, 0xE8, 0x2F, 0x00, 0x04, 0x17, 0x04, 0x00, 0x6F,
    0x0B, 0x00, 0x3B, 0x06, 0x00, 0x43, 0x02, 0x00, 0x71, 0x0B, 0xD6, 0x57, 0x12, 0x58, 0x37, 0x00,
    0x00, 0xE8, 0x1F, 0x00, 0x34, 0x1D, 0x01, 0x40, 0x3B, 0x09, 0x00, 0x13, 0x05, 0xD4, 0x2D, 0x07,
    0xC0, 0x4D, 0x06, 0xD6, 0x3D, 0x00, 0x04, 0x03, 0x00, 0x0D, 0xD6, 0x67, 0x18, 0x82, 0x25, 0x09,
    0xAC, 0x2F, 0x00, 0x04, 0x0F, 0x03, 0xD8, 0x37, 0x05, 0x00, 0x59, 0x00, 0x26, 0x0B, 0x05, 0x00,
    0x35, 0x00, 0x00, 0x1C, 0x0B, 0x02, 0x2A, 0x43, 0x0D, 0x7E, 0x2F, 0x12, 0xD2, 0x43, 0x0B, 0xAC,
    0x43, 0x00, 0x04, 0x0F, 0x05, 0xD8, 0x39, 0x00, 0x82, 0x0F, 0x00, 0x06, 0xC0, 0x4B, 0x00, 0x1C,
    0x0B, 0x05, 0x00, 0x43, 0x00, 0x04, 0x0F, 0x02, 0x82, 0x49, 0x05, 0x00, 0x6B, 0x1B, 0x14, 0x3F,
    0x05, 0x00, 0x43, 0x00, 0x02, 0x00, 0x75, 0x09, 0x00, 0x2B, 0x04, 0x00, 0x81, 0x0B, 0xC0, 0x3B,
    0x01, 0xD6, 0x37, 0x1A, 0x00, 0x6F, 0x03, 0x7E, 0x71, 0x02, 0x00, 0x6B, 0x00, 0x15, 0x9E, 0x31,
    0x00, 0x04, 0x17, 0x17, 0x8A, 0x25, 0x00, 0x58, 0x31, 0x00, 0x10, 0x07, 0x1F, 0x60, 0x31, 0x00,
    0x32, 0x13, 0x01, 0x5C, 0x1D, 0x00, 0x0E, 0x50, 0x3F, 0x03, 0x30, 0x1B, 0x07, 0x4E, 0x37, 0x02,
    0x1A, 0x17, 0x01, 0x80, 0x29, 0x00, 0x2A, 0x0F, 0x02, 0x00, 0x6B, 0x04, 0x20, 0x35, 0x00, 0x1E,
    0xE0, 0x51, 0x00, 0x04, 0x1B, 0x00, 0x80, 0x3B, 0x00, 0x04, 0x0B, 0x00, 0x4C, 0x2D, 0x09, 0x78,
    0x37, 0x04, 0x06, 0x2D, 0x1A, 0x0A, 0x2D, 0x00, 0x07, 0x34, 0x1D, 0x0C, 0x76, 0x43, 0x02, 0x00,
    0x69, 0x08, 0x5E, 0x3F, 0x07, 0x5C, 0x13, 0x06, 0xF6, 0x25, 0x00, 0x5A, 0x13, 0x0F, 0x5E, 0x37,
    0x00, 0x00, 0x58, 0x31, 0x00, 0x04, 0x03, 0x17, 0xAE, 0x1F, 0x13, 0x0A, 0x33, 0x02, 0xD6, 0x3F,
    0x17, 0x4A, 0x29, 0x02, 0x2A, 0x3B, 0x02, 0x00, 0x5D, 0x00, 0x00, 0xC0, 0x4B, 0x09, 0xB2, 0x2D,
    0x0D, 0xE2, 0x3B, 0x02, 0xC0, 0x37, 0x04, 0x00, 0x99, 0x08, 0x2A, 0x23, 0x00, 0x42, 0x0B, 0x07,
    0xD2, 0x2D, 0x00, 0x00, 0x04, 0x13, 0x02, 0x00, 0x71, 0x08, 0x16, 0x33, 0x01, 0x40, 0x29, 0x01,
    0xC0, 0x17, 0x0E, 0xA4, 0x47, 0x00, 0x8E, 0x21, 0x00, 0xEA, 0x49, 0x00, 0x19, 0x0A, 0x2D, 0x0E,
    0xB6, 0x49, 0x0A, 0xA8, 0x1F, 0x16, 0xF6, 0x4D, 0x02, 0x00, 0x59, 0x01, 0xC0, 0x4F, 0x00, 0x04,
    0x0F, 0x04, 0xA8, 0x2D, 0x00, 0x09, 0x00, 0x33, 0x01, 0x40, 0x2D, 0x02, 0x2A, 0x43, 0x01, 0x56,
    0x19, 0x04, 0x96, 0x1F, 0x02, 0xD6, 0x45, 0x1F, 0xD8, 0x27, 0x0C, 0x38, 0x2F, 0x00, 0x02, 0x00,
    0x5B, 0x01, 0xC0, 0x49, 0x08, 0xA8, 0x1B, 0x01, 0x40, 0x4D, 0x17, 0xA0, 0x3F, 0x05, 0x00, 0xB3,
    0x15, 0x5E, 0x31, 0x05, 0x00, 0x51, 0x00, 0x02, 0x00, 0x43, 0x04, 0x00, 0xF3, 0x00, 0x8E, 0x1B,
    0x02, 0x40, 0x4D, 0x00, 0xEA, 0x43, 0x00, 0x14, 0x0B, 0x06, 0x00, 0xD1, 0x19, 0xE0, 0x45, 0x00,
    0x02, 0x14, 0x0B, 0x01, 0xD6, 0x13, 0x09, 0xFC, 0x4D, 0x1C, 0xB6, 0x4B, 0x00, 0x04, 0x0B, 0x1D,
    0x20, 0x3B, 0x01, 0xC0, 0x37, 0x0F, 0x00, 0x31, 0x00, 0x0F, 0xEA, 0x33, 0x02, 0x00, 0x85, 0x1D,
    0xA0, 0x53, 0x04, 0xA8, 0x17, 0x02, 0x2A, 0x2F, 0x00, 0xD6, 0x0F, 0x0F, 0xC6, 0x15, 0x00, 0x04,
    0x07, 0x00, 0x1B, 0x08, 0x3B, 0x01, 0xC0, 0x2D, 0x00, 0x18, 0x0F, 0x0B, 0xBC, 0x29, 0x02, 0xD6,
    0x3B, 0x02, 0xE8, 0x3B, 0x02, 0x00, 0x7D, 0x03, 0x00, 0x4B, 0x00, 0x00, 0x1A, 0x0F, 0x0C, 0xF0,
    0x1F, 0x05, 0x00, 0x9D, 0x00, 0x6A, 0x31, 0x01, 0xC0, 0x43, 0x00, 0x18, 0x0F, 0x05, 0x00, 0x9D,
    0x02, 0x00, 0x2F, 0x00, 0x0A, 0xAA, 0x3F, 0x04, 0x00, 0x33, 0x01, 0xD6, 0x47, 0x15, 0x2A, 0x37,
    0x00, 0x16, 0x0B, 0x10, 0x1A, 0x27, 0x06, 0x00, 0x7F, 0x02, 0x40, 0x47, 0x00, 0x02, 0x00, 0x75,
    0x00, 0x04, 0x07, 0x0F, 0x18, 0x15, 0x00, 0xD6, 0x4F, 0x07, 0x40, 0x3F, 0x0F, 0x00, 0x6B, 0x00,
    0x14, 0x0B, 0x06, 0xE8, 0x31, 0x00, 0x06, 0x00, 0x3B, 0x00, 0xBE, 0x29, 0x0D, 0x2A, 0x3B, 0x00,
    0x0C, 0x03, 0x02, 0x00, 0x65, 0x02, 0x2A, 0x29, 0x03, 0x00, 0x4B, 0x01, 0x04, 0x13, 0x00, 0x00,
    0xD6, 0x4F, 0x00, 0x04, 0x03, 0x02, 0xD6, 0x2B, 0x05, 0x00, 0x39, 0x04, 0xEA, 0x0F, 0x10, 0x00,
    0x43, 0x00, 0x04, 0x0B, 0x0B, 0x00, 0x67, 0x00, 0x02, 0x00, 0x69, 0x1A, 0xC0, 0x3B, 0x00, 0xD6,
    0x3F, 0x05, 0x00, 0x59, 0x00, 0x04, 0x0B, 0x05, 0x00, 0xC9, 0x1B, 0x90, 0x0D, 0x03, 0x40, 0x29,
    0x00, 0x00, 0x04, 0x0B, 0x02, 0x00, 0x6F, 0x04, 0x00, 0x3D, 0x00, 0x04, 0x0F, 0x04, 0x00, 0x19,
    0x01, 0x2A, 0x0F, 0x04, 0x00, 0x9F, 0x0D, 0x40, 0x3F, 0x00, 0x0B, 0xC0, 0x3B, 0x1C, 0xBC, 0x43,
    0x06, 0x00, 0x55, 0x00, 0x04, 0x0F, 0x02, 0x00, 0x35, 0x05, 0x68, 0x17, 0x00, 0x62, 0x0B, 0x01,
    0xCE, 0x35, 0x00, 0x00, 0xD6, 0x07, 0x1F, 0xCA, 0x51, 0x02, 0x2A, 0x17, 0x00, 0x04, 0x0B, 0x13,
    0xCC, 0x29, 0x1C, 0x38, 0x2D, 0x00, 0x18, 0x0F, 0x00, 0x6A, 0x1F, 0x00, 0x00, 0xAC, 0x03, 0x02,
    0x38, 0x35, 0x09, 0xB0, 0x17, 0x19, 0x62, 0x37, 0x02, 0x00, 0x75, 0x00, 0x04, 0x07, 0x01, 0xC0,
    0x2B, 0x1D, 0xA0, 0x2D, 0x00, 0x00, 0x5A, 0x13, 0x03, 0xE2, 0x29, 0x01, 0xC0, 0x13, 0x02, 0xD6,
    0x51, 0x01, 0x40, 0x13, 0x00, 0x04, 0x13, 0x07, 0xCE, 0x49, 0x1B, 0xE0, 0x3F, 0x00, 0x00, 0x58,
    0x31, 0x02, 0x00, 0x79, 0x09, 0x0E, 0x4F, 0x05, 0x00, 0x51, 0x01, 0x68, 0x23, 0x02, 0x2A, 0x2F,
    0x01, 0x56, 0x29, 0x00, 0x56, 0x13, 0x00, 0x1A, 0xE0, 0x67, 0x0E, 0xB0, 0x23, 0x1B, 0xF6, 0x41,
    0x02, 0x00, 0x69, 0x1F, 0x76, 0x63, 0x03, 0x96, 0x39, 0x00, 0x04, 0x07, 0x00, 0x6A, 0x51, 0x00,
    0x01, 0x2A, 0x25, 0x00, 0x6A, 0x29, 0x06, 0x00, 0xCB, 0x02, 0x00, 0x57, 0x03, 0x96, 0x21, 0x0A,
    0x56, 0x13, 0x00, 0x04, 0x07, 0x03, 0xA8, 0x29, 0x00, 0x1E, 0xE0, 0x45, 0x01, 0x40, 0x53, 0x00,
    0xAC, 0x19, 0x19, 0xA4, 0x37, 0x14, 0xA0, 0x5D, 0x02, 0x2A, 0x4D, 0x02, 0x00, 0x67, 0x00, 0x04,
    0x03, 0x00, 0x05, 0x00, 0x8B, 0x08, 0xA8, 0x25, 0x15, 0x76, 0x43, 0x1A, 0x9E, 0x25, 0x09, 0x00,
    0x39, 0x01, 0xC0, 0x07, 0x1E, 0x3A, 0x4D, 0x03, 0xC0, 0x8D, 0x00, 0x00, 0x04, 0x07, 0x05, 0x00,
    0x49, 0x00, 0x04, 0x03, 0x09, 0x00, 0x35, 0x05, 0x00, 0x71, 0x02, 0x56, 0x29, 0x07, 0xD6, 0x51,
    0x07, 0x7E, 0x2D, 0x00, 0x05, 0x00, 0x9B, 0x00, 0x04, 0x03, 0x02, 0x00, 0x51, 0x00, 0x04, 0x03,
    0x00, 0xC0, 0x1B, 0x00, 0x1E, 0x19, 0x04, 0x00, 0xFF, 0x00, 0x04, 0x03, 0x00, 0x06, 0x00, 0x67,
    0x03, 0xD6, 0x37, 0x16, 0xE0, 0x29, 0x02, 0x00, 0x6B, 0x08, 0xC6, 0x39, 0x0B, 0x7E, 0x29, 0x01,
    0x02, 0x35, 0x00, 0x04, 0x03, 0x00, 0x0C, 0x68, 0x43, 0x00, 0x6A, 0x13, 0x18, 0x54, 0x0F, 0x0D,
    0x2A, 0x3B, 0x1A, 0xB8, 0x25, 0x0F, 0x00, 0x35, 0x00, 0xAC, 0x21, 0x17, 0xE0, 0x37, 0x00, 0x02,
    0x00, 0x6F, 0x00, 0x04, 0x03, 0x04, 0xA8, 0x21, 0x19, 0x76, 0x4B, 0x00, 0x04, 0x03, 0x02, 0xD6,
    0x63, 0x00, 0x04, 0x13, 0x01, 0xC0, 0x43, 0x00, 0x02, 0xD6, 0x49, 0x1B, 0xE0, 0x33, 0x08, 0xA6,
    0x35, 0x02, 0x00, 0x81, 0x01, 0x9C, 0x23, 0x06, 0xBC, 0x2D, 0x05, 0x00, 0x55, 0x03, 0x92, 0x2F,
    0x00, 0x05, 0x00, 0x77, 0x00, 0x04, 0x07, 0x03, 0x40, 0x9B, 0x00, 0x04, 0x13, 0x02, 0x00, 0x61,
    0x00, 0x2E, 0x0F, 0x1D, 0xA0, 0x31, 0x04, 0x00, 0x75, 0x00, 0x01, 0x2A, 0x17, 0x02, 0x40, 0x31,
    0x04, 0x00, 0x87, 0x1C, 0x14, 0x29, 0x02, 0xC0, 0x43, 0x02, 0x00, 0x73, 0x08, 0xA8, 0x25, 0x06,
    0x18, 0x3F, 0x00, 0x08, 0x16, 0x37, 0x00, 0x04, 0x1F, 0x16, 0xE8, 0x4D, 0x16, 0x82, 0x1B, 0x00,
    0x14, 0x0B, 0x16, 0x7E, 0x31, 0x00, 0x46, 0x1D, 0x1A, 0xD6, 0x3B, 0x00, 0x07, 0xC0, 0x43, 0x02,
    0x00, 0x63, 0x03, 0x00, 0x45, 0x00, 0x04, 0x0B, 0x01, 0xC0, 0x3F, 0x00, 0x5A, 0x13, 0x00, 0xD6,
    0x13, 0x01, 0x40, 0x3F, 0x00, 0x00, 0x04, 0x0B, 0x02, 0x2A, 0x17, 0x18, 0xA8, 0x35, 0x00, 0x04,
    0x03, 0x0B, 0x00, 0x81, 0x00, 0x58, 0x21, 0x02, 0x00, 0x69, 0x09, 0x00, 0x43, 0x00, 0x05, 0x00,
    0x79, 0x03, 0x40, 0x93, 0x00, 0x80, 0x3F, 0x05, 0x00, 0x6F, 0x02, 0x00, 0x71, 0x09, 0x66, 0x39,
    0x04, 0x00, 0x9F, 0x00, 0x04, 0x0F, 0x00, 0x04, 0x00, 0x6F, 0x00, 0x58, 0x2F, 0x06, 0x00, 0x89,
    0x00, 0x04, 0x0B, 0x02, 0x00, 0x55, 0x15, 0xE0, 0x81, 0x00, 0x04, 0x1B, 0x0D, 0x86, 0x13, 0x00,
    0x09, 0xF8, 0x45, 0x15, 0x2C, 0x0F, 0x1D, 0xA0, 0x35, 0x00, 0x04, 0x0B, 0x02, 0xCA, 0x2D, 0x0D,
    0xA2, 0x29, 0x04, 0xB2, 0x21, 0x17, 0xE0, 0xA9, 0x00, 0x00, 0x04, 0x03, 0x0A, 0x88, 0x3F, 0x03,
    0x9C, 0x13, 0x0D, 0xCC, 0x25, 0x00, 0x5A, 0x13, 0x01, 0x68, 0x13, 0x01, 0x40, 0x49, 0x06, 0x1E,
    0x1B, 0x00, 0x03, 0x40, 0x37, 0x00, 0x58, 0x31, 0x16, 0x1A, 0x45, 0x02, 0x2A, 0x3F, 0x02, 0x00,
    0x5D, 0x03, 0x00, 0x59, 0x04, 0xA8, 0x1F, 0x01, 0x40, 0x33, 0x00, 0x00, 0xD6, 0x17, 0x01, 0xD2,
    0x3F, 0x05, 0x6A, 0x4D, 0x00, 0xA4, 0x1B, 0x1B, 0xB4, 0x3B, 0x03, 0xC0, 0x33, 0x05, 0x00, 0x67,
    0x02, 0x00, 0x21, 0x00, 0x0E, 0xA0, 0x3B, 0x04, 0x16, 0x29, 0x13, 0xF8, 0x55, 0x00, 0x04, 0x0B,
    0x05, 0x6A, 0x21, 0x02, 0xC0, 0x0F, 0x07, 0x7A, 0x1B, 0x03, 0x40, 0x2D, 0x00, 0x0A, 0xF8, 0x49,
    0x05, 0x3E, 0x17, 0x0A, 0xF8, 0x3B, 0x00, 0x58, 0x1B, 0x00, 0x14, 0x0B, 0x02, 0x00, 0x67, 0x00,
    0x04, 0x03, 0x03, 0x00, 0x25, 0x00, 0x05, 0x9C, 0x29, 0x00, 0xAA, 0x1D, 0x03, 0x66, 0x1F, 0x02,
    0xD6, 0x3B, 0x00, 0x6A, 0x25, 0x00, 0x04, 0x17, 0x0B, 0x76, 0x37, 0x00, 0x04, 0x0F, 0x00, 0x0B,
    0xE0, 0x31, 0x0D, 0x76, 0x55, 0x00, 0x2E, 0x0F, 0x02, 0x00, 0x69, 0x0B, 0xAE, 0x37, 0x00, 0x1C,
    0x13, 0x00, 0xD6, 0x3B, 0x19, 0xEE, 0x17, 0x00, 0x05, 0x00, 0x3F, 0x00, 0x2E, 0x0F, 0x05, 0x00,
    0x0F, 0x00, 0x04, 0x17, 0x02, 0xD6, 0x37, 0x13, 0xA0, 0x47, 0x00, 0x40, 0x0F, 0x18, 0xA0, 0x3B,
    0x00, 0x0F, 0x24, 0x37, 0x02, 0x00, 0x55, 0x00, 0x04, 0x03, 0x01, 0xC0, 0x3B, 0x1E, 0xFA, 0x29,
    0x0E, 0x16, 0x3B, 0x01, 0xC0, 0x37, 0x1F, 0xB4, 0x29, 0x00, 0x05, 0x00, 0xFF, 0x02, 0x00, 0x59,
    0x04, 0x00, 0x51, 0x13, 0xF8, 0x55, 0x00, 0x40, 0x0F, 0x02, 0xC0, 0x37, 0x04, 0x00, 0x93, 0x06,
    0x00, 0x25, 0x00, 0x03, 0x2A, 0x3F, 0x06, 0x00, 0x59, 0x01, 0x54, 0x2D, 0x0B, 0x7E, 0x1F, 0x0F,
    0x98, 0x3B, 0x0F, 0xC0, 0x37, 0x00, 0x6A, 0x3F, 0x15, 0x22, 0x31, 0x00, 0x01, 0xEC, 0x51, 0x00,
    0x04, 0x0F, 0x00, 0xEA, 0x1D, 0x01, 0x96, 0x0D, 0x0D, 0xD6, 0x49, 0x00, 0x6A, 0x1B, 0x00, 0x04,
    0x13, 0x02, 0x00, 0x53, 0x00, 0x0A, 0x02, 0x0B, 0x0E, 0x00, 0x3F, 0x02, 0xFC, 0x35, 0x00, 0x04,
    0x07, 0x02, 0xD6, 0x51, 0x02, 0x2A, 0x3F, 0x00, 0x14, 0x0B, 0x09, 0xEE, 0x31, 0x00, 0x02, 0xD6,
    0x21, 0x04, 0xA8, 0x25, 0x03, 0xC0, 0x37, 0x02, 0xD6, 0x0F, 0x02, 0x00, 0x7B, 0x05, 0x00, 0xEB,
    0x01, 0x6C, 0x0D, 0x05, 0x00, 0x99, 0x00, 0x09, 0x2C, 0x15, 0x00, 0x04, 0x0B, 0x08, 0x2E, 0x33,
    0x05, 0x00, 0x87, 0x04, 0x00, 0x41, 0x01, 0xD6, 0x0F, 0x19, 0x58, 0x4B, 0x04, 0x00, 0x5B, 0x00,
    0x1D, 0xE2, 0x39, 0x06, 0x00, 0x4D, 0x01, 0x16, 0x33, 0x06, 0x00, 0x7D, 0x02, 0x00, 0x47, 0x17,
    0xC2, 0x31, 0x00, 0x1C, 0x0D, 0x16, 0x7E, 0x4D, 0x00, 0x00, 0x6A, 0x17, 0x00, 0x04, 0x13, 0x18,
    0x96, 0x3F, 0x00, 0x04, 0x13, 0x06, 0x00, 0x8F, 0x18, 0x7C, 0x25, 0x16, 0x7E, 0x3F, 0x02, 0x00,
    0x63, 0x00, 0x00, 0x04, 0x03, 0x02, 0x2A, 0x3B, 0x03, 0x00, 0x17, 0x00, 0x04, 0x0B, 0x01, 0x40,
    0x3F, 0x00, 0x5A, 0x13, 0x01, 0x40, 0x3B, 0x0B, 0x00, 0xD1, 0x00, 0x05, 0xEA, 0x17, 0x04, 0x2A,
    0x51, 0x02, 0x00, 0x3B, 0x1C, 0xC2, 0x45, 0x00, 0x72, 0x0F, 0x09, 0x6A, 0x37, 0x05, 0x00, 0x5F,
    0x09, 0x00, 0x23, 0x00, 0x00, 0x04, 0x0B, 0x05, 0x00, 0x51, 0x01, 0xC0, 0x13, 0x05, 0x00, 0x33,
    0x1B, 0x7E, 0x4B, 0x02, 0x00, 0x57, 0x04, 0x00, 0x33, 0x15, 0x14, 0x29, 0x00, 0x15, 0x2A, 0x43,
    0x00, 0x2A, 0x0F, 0x04, 0x6A, 0x2F, 0x01, 0xD6, 0x1F, 0x06, 0x00, 0x9D, 0x0B, 0x00, 0x3F, 0x06,
    0x00, 0x43, 0x02, 0x00, 0x4B, 0x00, 0x00, 0x38, 0x2D, 0x00, 0x16, 0x3B, 0x00, 0x12, 0x1F, 0x01,
    0x14, 0x07, 0x1F, 0x60, 0x4D, 0x00, 0x12, 0x0D, 0x1E, 0x08, 0x2F, 0x00, 0x42, 0x0F, 0x00, 0x00,
    0x6A, 0x0D, 0x02, 0x44, 0x17, 0x11, 0xE4, 0x3B, 0x00, 0x6A, 0x0F, 0x00, 0x04, 0x07, 0x17, 0xE0,
    0x51, 0x02, 0x00, 0x63, 0x00, 0xD6, 0x2B, 0x00, 0x00, 0xE8, 0x29, 0x00, 0x04, 0x13, 0x18, 0x8A,
    0x29, 0x00, 0x58, 0x2D, 0x00, 0x14, 0x0B, 0x01, 0xC0, 0x13, 0x19, 0xA0, 0x55, 0x01, 0x54, 0x25,
    0x00, 0x00, 0x04, 0x17, 0x1B, 0x76, 0x49, 0x05, 0x20, 0x27, 0x02, 0x00, 0x7F, 0x13, 0x0A, 0x2F,
    0x05, 0x00, 0xA9, 0x00, 0x26, 0x0B, 0x0D, 0xAC, 0x23, 0x00, 0x03, 0x40, 0x45, 0x02, 0xE8, 0x3F,
    0x03, 0x40, 0x67, 0x02, 0x00, 0x79, 0x00, 0xC0, 0x4D, 0x04, 0x00, 0x7F, 0x06, 0xD6, 0x55, 0x04,
    0x00, 0x53, 0x00, 0x0B, 0x3A, 0x41, 0x02, 0x40, 0x3B, 0x02, 0x00, 0x81, 0x00, 0x04, 0x23, 0x04,
    0x00, 0x1F, 0x0B, 0x2A, 0x07, 0x02, 0x2A, 0x4B, 0x0D, 0x74, 0x33, 0x00, 0x04, 0x00, 0x51, 0x00,
    0x04, 0x13, 0x11, 0x26, 0x43, 0x00, 0x04, 0x03, 0x05, 0xA8, 0x31, 0x0A, 0xEA, 0x21, 0x02, 0x14,
    0x3F, 0x02, 0x00, 0x53, 0x00, 0x05, 0xC0, 0x4D, 0x0C, 0x40, 0x4F, 0x00, 0xD6, 0x2B, 0x0E, 0x20,
    0x31, 0x13, 0x20, 0x37, 0x0B, 0x00, 0x43, 0x00, 0x2E, 0x0F, 0x05, 0x00, 0x55, 0x00, 0x0F, 0x6E,
    0x1F, 0x00, 0x04, 0x07, 0x02, 0x00, 0x67, 0x00, 0x04, 0x23, 0x01, 0xC0, 0x3F, 0x00, 0x04, 0x13,
    0x05, 0x00, 0x8F, 0x16, 0xF6, 0x2D, 0x00, 0x0B, 0x00, 0x3B, 0x00, 0xEA, 0x1B, 0x05, 0x00, 0x3F,
    0x00, 0x04, 0x03, 0x05, 0x00, 0x61, 0x00, 0x04, 0x03, 0x00, 0x6A, 0x27, 0x11, 0xCC, 0x43, 0x00,
    0x0C, 0x2A, 0x4D, 0x09, 0x00, 0x61, 0x04, 0x00, 0x8B, 0x06, 0x00, 0x59, 0x00, 0xEA, 0x0B, 0x13,
    0xCC, 0x51, 0x04, 0x6C, 0x39, 0x1E, 0xE0, 0x29, 0x00, 0x04, 0x04, 0x2D, 0x00, 0x12, 0x37, 0x01,
    0xC4, 0x2D, 0x0F, 0x00, 0x2D, 0x02, 0x7E, 0x19, 0x15, 0xE0, 0x47, 0x00, 0x04, 0x0B, 0x1B, 0xE0,
    0x43, 0x00, 0x0A, 0x96, 0x2D, 0x00, 0x30, 0x1D, 0x02, 0x00, 0x7B, 0x00, 0xD6, 0x29, 0x14, 0x00,
    0x55, 0x00, 0x2A, 0x0F, 0x02, 0x7E, 0x09, 0x04, 0xA8, 0x37, 0x00, 0x1D, 0xA0, 0x6F, 0x04, 0xA8,
    0x19, 0x00, 0x6A, 0x29, 0x1B, 0xE0, 0x3F, 0x02, 0x56, 0x2D, 0x02, 0x00, 0x75, 0x03, 0x00, 0x6D,
    0x00, 0x04, 0x0F, 0x00, 0x1C, 0xDE, 0x3F, 0x01, 0xC0, 0x51, 0x00, 0x68, 0x13, 0x05, 0x00, 0xBB,
    0x02, 0x6C, 0x2D, 0x02, 0x00, 0x63, 0x04, 0x00, 0x57, 0x01, 0x2A, 0x3F, 0x00, 0x00, 0x26, 0x0B,
    0x04, 0x00, 0x6B, 0x02, 0x98, 0x37, 0x02, 0xC0, 0x2D, 0x00, 0x2A, 0x0F, 0x06, 0x00, 0x2D, 0x00,
    0x04, 0x0F, 0x0E, 0x14, 0x3F, 0x00, 0x02, 0x00, 0x6B, 0x04, 0x00, 0x4F, 0x18, 0x00, 0x4B, 0x02,
    0x94, 0x33, 0x00, 0x58, 0x49, 0x1E, 0x3A, 0x1B, 0x0D, 0x2A, 0x3B, 0x00, 0x14, 0x0B, 0x00, 0x1E,
    0x50, 0x31, 0x08, 0x6C, 0x3F, 0x00, 0x04, 0x07, 0x02, 0x00, 0x69, 0x09, 0x00, 0x4B, 0x00, 0x04,
    0x03, 0x07, 0x40, 0x59, 0x02, 0x2A, 0x3B, 0x00, 0x03, 0x40, 0x59, 0x0A, 0xA8, 0x45, 0x0F, 0x42,
    0x31, 0x03, 0x68, 0x2D, 0x02, 0xD6, 0x33, 0x02, 0x00, 0x53, 0x09, 0x00, 0x55, 0x01, 0xC0, 0x3B,
    0x00, 0x05, 0x00, 0x81, 0x0E, 0x6A, 0x3B, 0x00, 0x04, 0x13, 0x05, 0x00, 0x55, 0x00, 0x04, 0x0B,
    0x0B, 0x00, 0x81, 0x05, 0x00, 0x27, 0x04, 0x00, 0x6B, 0x00, 0x02, 0x56, 0x29, 0x0F, 0x00, 0x55,
    0x01, 0xD6, 0x33, 0x10, 0xD2, 0x29, 0x06, 0x00, 0x85, 0x00, 0x04, 0x0B, 0x06, 0x00, 0x81, 0x08,
    0xC8, 0x1B, 0x00, 0x00, 0x04, 0x13, 0x00, 0xA2, 0x1D, 0x13, 0xB2, 0x1B, 0x15, 0xE0, 0x37, 0x1E,
    0xCA, 0x1B, 0x15, 0xE0, 0x47, 0x00, 0x04, 0x07, 0x01, 0xE0, 0x4D, 0x00, 0x08, 0x08, 0x3B, 0x1B,
    0xE0, 0x51, 0x02, 0x00, 0x89, 0x00, 0x04, 0x27, 0x01, 0xC0, 0x1D, 0x02, 0x2A, 0x1B, 0x00, 0x04,
    0x0B, 0x1D, 0xA0, 0x3F, 0x00, 0x02, 0xE8, 0x43, 0x07, 0x9E, 0x37, 0x15, 0xCE, 0x31, 0x00, 0x14,
    0x0B, 0x16, 0x1A, 0x29, 0x1B, 0xE0, 0x37, 0x06, 0x06, 0x25, 0x00, 0x04, 0x1F, 0x00, 0x02, 0x00,
    0x53, 0x1C, 0xE2, 0x29, 0x00, 0x14, 0x0B, 0x1D, 0xA0, 0x3F, 0x01, 0x40, 0x33, 0x1D, 0xA0, 0x29,
    0x0C, 0x88, 0x1F, 0x05, 0x00, 0x3B, 0x00, 0x1A, 0xA2, 0x3B, 0x00, 0xFC, 0x21, 0x05, 0x00, 0x59,
    0x0A, 0xE2, 0x29, 0x02, 0x00, 0x55, 0x07, 0xF8, 0x31, 0x00, 0xC0, 0x0F, 0x01, 0x2A, 0x1F, 0x00,
    0x1D, 0x36, 0x3F, 0x04, 0x00, 0x3B, 0x1D, 0xA0, 0x5D, 0x00, 0x04, 0x03, 0x08, 0x26, 0x43, 0x06,
    0x00, 0x8B, 0x02, 0x00, 0x67, 0x00, 0x04, 0x03, 0x00, 0x01, 0x2E, 0x1D, 0x17, 0x06, 0x31, 0x0B,
    0x60, 0x3B, 0x05, 0xA8, 0x29, 0x04, 0xEA, 0x2D, 0x09, 0x00, 0x51, 0x00, 0x04, 0x0B, 0x07, 0xC0,
    0x3F, 0x00, 0x00, 0xBE, 0x43, 0x06, 0x58, 0x25, 0x02, 0x00, 0x79, 0x00, 0xAA, 0x2F, 0x03, 0x00,
    0x37, 0x08, 0x08, 0x0F, 0x12, 0x8A, 0x2D, 0x01, 0xC0, 0x37, 0x00, 0x01, 0x7A, 0x31, 0x19, 0x36,
    0x37, 0x0F, 0x5E, 0x3F, 0x02, 0x7E, 0x33, 0x17, 0x30, 0x1F, 0x0B, 0x00, 0x3B, 0x02, 0x00, 0x49,
    0x00, 0x04, 0x07, 0x00, 0x0A, 0x40, 0x29, 0x04, 0xC2, 0x3B, 0x05, 0x00, 0x87, 0x00, 0xF4, 0x1F,
    0x02, 0xD6, 0x3B, 0x05, 0x00, 0x51, 0x0B, 0xBE, 0x2D, 0x05, 0x00, 0x45, 0x00, 0x02, 0x00, 0x57,
    0x04, 0x00, 0x67, 0x12, 0xA0, 0x55, 0x00, 0x04, 0x0B, 0x04, 0x00, 0x31, 0x0E, 0xD4, 0x2D, 0x06,
    0x00, 0x51, 0x0C, 0xD6, 0x51, 0x00, 0x06, 0x00, 0x8B, 0x0F, 0x00, 0x2F, 0x00, 0x04, 0x0F, 0x1F,
    0xB4, 0x3F, 0x1C, 0xB6, 0x3B, 0x01, 0x56, 0x1D, 0x01, 0xCE, 0x0D, 0x04, 0x00, 0x37, 0x00, 0x09,
    0xFC, 0x21, 0x04, 0xAC, 0x43, 0x00, 0xEA, 0x33, 0x12, 0x40, 0x47, 0x02, 0x00, 0x6F, 0x02, 0x2A,
    0x65, 0x00, 0x14, 0x0B, 0x19, 0x20, 0x47, 0x00, 0x00, 0x04, 0x0B, 0x04, 0xA8, 0x2D, 0x04, 0x2C,
    0x2F, 0x02, 0xD6, 0x0F, 0x06, 0x46, 0x23, 0x07, 0x68, 0x3B, 0x0F, 0x5C, 0x3B, 0x19, 0xA0, 0x6B,
    0x00, 0x00, 0x3C, 0x0F, 0x00, 0x28, 0x19, 0x05, 0x00, 0xD7, 0x00, 0x30, 0x0F, 0x04, 0xA8, 0x23,
    0x00, 0x04, 0x0F, 0x05, 0x00, 0x87, 0x12, 0x38, 0x1F, 0x00, 0x05, 0x00, 0xB9, 0x06, 0xD6, 0x59,
    0x00, 0x04, 0x0F, 0x1A, 0x82, 0x43, 0x04, 0x00, 0x41, 0x14, 0x0E, 0x23, 0x06, 0x00, 0x69, 0x05,
    0xA8, 0x31, 0x00, 0x06, 0x00, 0x75, 0x02, 0x00, 0x47, 0x00, 0x04, 0x03, 0x0D, 0x92, 0x3F, 0x0F,
    0x00, 0x3B, 0x00, 0x0C, 0x03, 0x06, 0xD6, 0x1B, 0x15, 0x68, 0x43, 0x00, 0x05, 0x16, 0x13, 0x00,
    0x5A, 0x13, 0x16, 0x7E, 0x3B, 0x16, 0xE8, 0x37, 0x02, 0xD6, 0x3F, 0x00, 0xEA, 0x17, 0x08, 0x2A,
    0x51, 0x14, 0x00, 0x41, 0x00, 0x00, 0x14, 0x0B, 0x00, 0xD6, 0x29, 0x09, 0x00, 0x51, 0x19, 0x16,
    0x2D, 0x18, 0x28, 0x37, 0x06, 0x7E, 0x3B, 0x02, 0x2A, 0x43, 0x05, 0x00, 0x45, 0x00, 0x01, 0x96,
    0x1F, 0x19, 0x54, 0x3B, 0x02, 0x00, 0x51, 0x00, 0x04, 0x03, 0x0E, 0x00, 0x37, 0x01, 0x40, 0x13,
    0x00, 0x04, 0x13, 0x08, 0x2C, 0x2D, 0x00, 0x05, 0x00, 0x57, 0x00, 0x80, 0x35, 0x05, 0x00, 0x81,
    0x0A, 0x54, 0x29, 0x05, 0x00, 0x57, 0x02, 0x00, 0x45, 0x04, 0x00, 0xDF, 0x01, 0x2A, 0x0F, 0x00,
    0x0B, 0x56, 0x3D, 0x0F, 0x00, 0x69, 0x01, 0xA0, 0x23, 0x06, 0x00, 0xAB, 0x00, 0xD6, 0x03, 0x00,
    0x4E, 0x35, 0x01, 0xF0, 0x17, 0x00, 0xB8, 0x2F, 0x00, 0x04, 0x92, 0x2D, 0x00, 0x04, 0x0B, 0x01,
    0xCE, 0x1F, 0x01, 0xC0, 0x07, 0x04, 0x8E, 0x4D, 0x02, 0x82, 0x0F, 0x01, 0x54, 0x17, 0x00, 0x04,
    0x17, 0x00, 0x15, 0xE0, 0x37, 0x06, 0x0E, 0x39, 0x02, 0x00, 0x81, 0x1B, 0x0C, 0x3B, 0x18, 0x4C,
    0x43, 0x03, 0xEA, 0x31, 0x00, 0x04, 0x0B, 0x07, 0x22, 0x37, 0x00, 0x00, 0x04, 0x0F, 0x10, 0xE0,
    0x27, 0x01, 0xC0, 0x2B, 0x02, 0x2A, 0x51, 0x1B, 0xE0, 0x55, 0x02, 0x00, 0x65, 0x01, 0x40, 0x39,
    0x03, 0x00, 0x2F, 0x00, 0x00, 0xC0, 0x3F, 0x00, 0x04, 0x13, 0x05, 0x00, 0xA1, 0x11, 0xE0, 0x43,
    0x02, 0xD6, 0x4B, 0x02, 0x00, 0x83, 0x00, 0x04, 0x27, 0x04, 0x00, 0x77, 0x00, 0x01, 0x2A, 0x2B,
    0x0D, 0xE2, 0x2D, 0x06, 0x00, 0x7D, 0x03, 0x2A, 0x4D, 0x06, 0x00, 0x3B, 0x00, 0x04, 0x17, 0x02,
    0x00, 0x55, 0x05, 0xC0, 0x4B, 0x00, 0x04, 0x00, 0x4F, 0x0C, 0x40, 0x07, 0x07, 0x9C, 0x3B, 0x00,
    0xAC, 0x29, 0x18, 0xA4, 0x2D, 0x06, 0x00, 0x43, 0x00, 0xAC, 0x19, 0x00, 0x04, 0x17, 0x00, 0x16,
    0x4A, 0x2F, 0x00, 0x04, 0x23, 0x02, 0x00, 0x67, 0x1D, 0xA0, 0x4F, 0x07, 0x94, 0x4D, 0x02, 0x2A,
    0x31, 0x15, 0x4E, 0x3F, 0x00, 0xB6, 0x17, 0x00, 0x02, 0x2A, 0x21, 0x0E, 0x24, 0x33, 0x0B, 0x00,
    0x4F, 0x03, 0xC0, 0x2B, 0x02, 0x00, 0x6D, 0x0A, 0xC0, 0x4D, 0x0E, 0xCC, 0x31, 0x09, 0x00, 0x59,
    0x00, 0x05, 0x00, 0xA9, 0x00, 0x04, 0x07, 0x05, 0x00, 0x67, 0x02, 0x00, 0x7B, 0x01, 0x6C, 0x35,
    0x04, 0x00, 0x67, 0x03, 0xB4, 0x2F, 0x04, 0x00, 0x93, 0x00, 0x0B, 0x00, 0x3F, 0x1D, 0x74, 0x29,
    0x06, 0x00, 0x55, 0x02, 0x00, 0x4B, 0x17, 0xCC, 0x2D, 0x06, 0x7E, 0x29, 0x00, 0x04, 0x0F, 0x0A,
    0x16, 0x31, 0x00, 0x0B, 0x36, 0x33, 0x10, 0xAA, 0x2D, 0x00, 0x04, 0x13, 0x1B, 0xE0, 0x37, 0x00,
    0xEA, 0x3B, 0x02, 0xD6, 0x3B, 0x15, 0x50, 0x1B, 0x19, 0xCC, 0x3B, 0x00, 0x02, 0x00, 0x4D, 0x0E,
    0x28, 0x41, 0x06, 0x98, 0x3B, 0x0C, 0x68, 0x43, 0x15, 0xAA, 0x3B, 0x00, 0x04, 0x0B, 0x05, 0x00,
    0x43, 0x00, 0x40, 0x0F, 0x00, 0x10, 0x00, 0x51, 0x04, 0xA4, 0x1F, 0x02, 0xD6, 0x51, 0x00, 0x04,
    0x07, 0x02, 0x00, 0x3D, 0x03, 0x00, 0x35, 0x00, 0x04, 0x07, 0x05, 0x00, 0x67, 0x00, 0x1A, 0x22,
    0x3B, 0x05, 0x00, 0x47, 0x00, 0xC2, 0x1D, 0x05, 0x00, 0x59, 0x00, 0x3C, 0x0F, 0x0A, 0x50, 0x2D,
    0x05, 0x00, 0x43, 0x00, 0x04, 0x07, 0x00, 0x05, 0x00, 0x3D, 0x00, 0x04, 0x0F, 0x09, 0x00, 0x73,
    0x01, 0x7E, 0x0F, 0x04, 0x00, 0x67, 0x00, 0x44, 0x0F, 0x18, 0x6A, 0x31, 0x05, 0x72, 0x33, 0x00,
    0x06, 0x00, 0xD5, 0x14, 0x00, 0x41, 0x00, 0x04, 0x0F, 0x04, 0x00, 0x29, 0x00, 0x18, 0x0B, 0x0F,
    0x00, 0x67, 0x13, 0x50, 0x1B, 0x1D, 0x6A, 0x63, 0x00, 0x00, 0x04, 0x13, 0x04, 0xD4, 0x2D, 0x0F,
    0x00, 0x55, 0x02, 0x0A, 0x37, 0x02, 0x00, 0x55, 0x05, 0x00, 0xA7, 0x00, 0x3C, 0x0B, 0x08, 0x96,
    0x2D, 0x00, 0x02, 0xD6, 0x51, 0x07, 0x1C, 0x2D, 0x00, 0x14, 0x0B, 0x00, 0x12, 0x1B, 0x0D, 0x7E,
    0x45, 0x05, 0x00, 0xF1, 0x0E, 0x00, 0x8B, 0x02, 0xD6, 0x47, 0x00, 0x00, 0x04, 0x0B, 0x00, 0x58,
    0x0F, 0x13, 0x50, 0x3B, 0x05, 0x00, 0x61, 0x00, 0x04, 0x37, 0x02, 0x00, 0x4B,
];

static TRACK_1_15BPP: [u8; 13083] = [
    0x2F, 0x24, 0x15, 0x24, 0x15, 0x00, 0x04, 0x0F, 0x04, 0x00, 0x14, 0x10, 0x00, 0x04, 0x03, 0x00,
    0x00, 0x1A, 0x01, 0x00, 0x1E, 0x0B, 0x00, 0x12, 0x0F, 0x00, 0x16, 0x1B, 0x00, 0x5A, 0x13, 0x00,
    0x2C, 0x21, 0x00, 0x54, 0x05, 0x00, 0x80, 0x21, 0x00, 0x00, 0x04, 0x17, 0x00, 0x58, 0x21, 0x00,
    0x6A, 0x17, 0x00, 0x66, 0x2D, 0x00, 0x58, 0x33, 0x01, 0x28, 0x1F, 0x00, 0x54, 0x0B, 0x00, 0x34,
    0x0F, 0x00, 0x01, 0x80, 0x2D, 0x00, 0x04, 0x0B, 0x02, 0x00, 0x6F, 0x00, 0x60, 0x2D, 0x01, 0x3C,
    0x2D, 0x00, 0xA2, 0x25, 0x00, 0x04, 0x17, 0x01, 0x72, 0x0F, 0x00, 0x02, 0xB8, 0x29, 0x00, 0xF8,
    0x29, 0x00, 0xC2, 0x21, 0x00, 0xBE, 0x25, 0x02, 0xCA, 0x2D, 0x01, 0xB8, 0x25, 0x03, 0x34, 0x17,
    0x00, 0x5A, 0x13, 0x00, 0x01, 0x96, 0x37, 0x02, 0x00, 0x6D, 0x03, 0x48, 0x3B, 0x01, 0x14, 0x0F,
    0x00, 0xD6, 0x1B, 0x01, 0x98, 0x29, 0x00, 0x0C, 0x03, 0x02, 0x2A, 0x1B, 0x00, 0x01, 0x40, 0x37,
    0x00, 0x92, 0x13, 0x03, 0x40, 0x3F, 0x00, 0x58, 0x31, 0x03, 0x90, 0x25, 0x05, 0xA0, 0x29, 0x02,
    0x2A, 0x33, 0x02, 0x00, 0x5D, 0x00, 0x03, 0x00, 0x59, 0x04, 0xA8, 0x1F, 0x01, 0x40, 0x33, 0x00,
    0xD6, 0x17, 0x01, 0xD2, 0x3F, 0x05, 0x6A, 0x4D, 0x00, 0xA4, 0x1B, 0x06, 0xB8, 0x37, 0x00, 0x03,
    0xC0, 0x37, 0x05, 0x00, 0x67, 0x02, 0x00, 0x21, 0x01, 0x56, 0x37, 0x04, 0x16, 0x2D, 0x02, 0x2A,
    0x3B, 0x04, 0x16, 0x3B, 0x03, 0x96, 0x1D, 0x00, 0x07, 0x7A, 0x1B, 0x03, 0x40, 0x2D, 0x0A, 0xF8,
    0x49, 0x05, 0x3E, 0x17, 0x0A, 0xF8, 0x3B, 0x00, 0x58, 0x1B, 0x00, 0x14, 0x0B, 0x02, 0x00, 0x67,
    0x00, 0x00, 0x04, 0x03, 0x03, 0x00, 0x25, 0x05, 0x9C, 0x29, 0x00, 0xAA, 0x1D, 0x03, 0x66, 0x1F,
    0x02, 0xD6, 0x3B, 0x00, 0x6A, 0x25, 0x00, 0x04, 0x17, 0x00, 0x0B, 0x76, 0x37, 0x00, 0x04, 0x0F,
    0x0B, 0xE0, 0x31, 0x0D, 0x76, 0x55, 0x00, 0x2E, 0x0F, 0x02, 0x00, 0x69, 0x0B, 0xAE, 0x37, 0x00,
    0x1C, 0x13, 0x00, 0x00, 0xD6, 0x3B, 0x04, 0xA8, 0x13, 0x05, 0x00, 0x43, 0x00, 0x2E, 0x0F, 0x05,
    0x00, 0x0F, 0x00, 0x04, 0x17, 0x02, 0xD6, 0x37, 0x0B, 0xC0, 0x3F, 0x00, 0x01, 0x54, 0x29, 0x00,
    0xC4, 0x17, 0x05, 0x00, 0x37, 0x00, 0x04, 0x0F, 0x02, 0x00, 0x55, 0x00, 0x04, 0x03, 0x01, 0xC0,
    0x3B, 0x03, 0x00, 0x25, 0x00, 0x01, 0x40, 0x29, 0x05, 0x00, 0x49, 0x10, 0xB4, 0x1B, 0x01, 0x76,
    0x17, 0x05, 0x00, 0xFF, 0x02, 0x00, 0x51, 0x04, 0x00, 0x51, 0x13, 0xF8, 0x55, 0x00, 0x00, 0x40,
    0x0F, 0x02, 0xC0, 0x37, 0x04, 0x00, 0x93, 0x06, 0x00, 0x25, 0x03, 0x2A, 0x3F, 0x06, 0x00, 0x59,
    0x01, 0x54, 0x2D, 0x0B, 0x7E, 0x1F, 0x00, 0x0F, 0x98, 0x3B, 0x0F, 0xC0, 0x37, 0x00, 0x6A, 0x3F,
    0x15, 0x22, 0x31, 0x01, 0xEC, 0x51, 0x00, 0x04, 0x0F, 0x00, 0xEA, 0x1D, 0x01, 0x96, 0x0D, 0x00,
    0x0D, 0xD6, 0x49, 0x00, 0x6A, 0x1B, 0x00, 0x04, 0x13, 0x02, 0x00, 0x53, 0x0A, 0x02, 0x0B, 0x0E,
    0x00, 0x3F, 0x02, 0xFC, 0x35, 0x00, 0x04, 0x07, 0x00, 0x02, 0xD6, 0x51, 0x02, 0x2A, 0x3F, 0x00,
    0x14, 0x0B, 0x09, 0xEE, 0x31, 0x02, 0xD6, 0x21, 0x04, 0xA8, 0x25, 0x03, 0xC0, 0x37, 0x02, 0xD6,
    0x0F, 0x00, 0x02, 0x00, 0x7B, 0x05, 0x00, 0xEB, 0x01, 0x6C, 0x0D, 0x05, 0x00, 0x99, 0x09, 0x2C,
    0x15, 0x00, 0x04, 0x0B, 0x08, 0x2E, 0x33, 0x05, 0x00, 0x87, 0x00, 0x04, 0x00, 0x41, 0x01, 0xD6,
    0x0F, 0x19, 0x58, 0x4B, 0x04, 0x00, 0x5B, 0x1D, 0xE2, 0x39, 0x06, 0x00, 0x4D, 0x01, 0x16, 0x33,
    0x06, 0x00, 0x7D, 0x00, 0x02, 0x00, 0x47, 0x17, 0xC2, 0x31, 0x00, 0x1C, 0x0D, 0x16, 0x7E, 0x4D,
    0x00, 0x6A, 0x17, 0x00, 0x04, 0x13, 0x18, 0x96, 0x3F, 0x00, 0x04, 0x13, 0x00, 0x06, 0x00, 0x8F,
    0x18, 0x7C, 0x25, 0x16, 0x7E, 0x3F, 0x02, 0x00, 0x63, 0x00, 0x04, 0x03, 0x02, 0x2A, 0x3B, 0x03,
    0x00, 0x17, 0x00, 0x04, 0x0B, 0x00, 0x01, 0x40, 0x3F, 0x00, 0x5A, 0x13, 0x01, 0x40, 0x3B, 0x0B,
    0x00, 0xD1, 0x05, 0xEA, 0x17, 0x04, 0x2A, 0x51, 0x02, 0x00, 0x3B, 0x1C, 0xC2, 0x45, 0x00, 0x00,
    0x72, 0x0F, 0x09, 0x6A, 0x37, 0x05, 0x00, 0x5F, 0x09, 0x00, 0x23, 0x00, 0x04, 0x0B, 0x05, 0x00,
    0x51, 0x01, 0xC0, 0x13, 0x05, 0x00, 0x33, 0x00, 0x1B, 0x7E, 0x4B, 0x02, 0x00, 0x57, 0x04, 0x00,
    0x33, 0x15, 0x14, 0x29, 0x15, 0x2A, 0x43, 0x00, 0x2A, 0x0F, 0x04, 0x6A, 0x2F, 0x01, 0xD6, 0x1F,
    0x00, 0x06, 0x00, 0x9D, 0x0B, 0x00, 0x3F, 0x06, 0x00, 0x43, 0x02, 0x00, 0x4B, 0x00, 0x38, 0x2D,
    0x00, 0x16, 0x3B, 0x00, 0x12, 0x1F, 0x01, 0x14, 0x07, 0x00, 0x1F, 0x60, 0x4D, 0x00, 0x12, 0x0D,
    0x1E, 0x08, 0x2F, 0x00, 0x42, 0x0F, 0x00, 0x6A, 0x0D, 0x02, 0x44, 0x17, 0x11, 0xE4, 0x3B, 0x00,
    0x6A, 0x0F, 0x00, 0x00, 0x04, 0x07, 0x17, 0xE0, 0x51, 0x02, 0x00, 0x63, 0x00, 0xD6, 0x2B, 0x00,
    0xE8, 0x29, 0x00, 0x04, 0x13, 0x18, 0x8A, 0x29, 0x00, 0x58, 0x2D, 0x00, 0x00, 0x14, 0x0B, 0x01,
    0xC0, 0x13, 0x19, 0xA0, 0x55, 0x01, 0x54, 0x25, 0x00, 0x04, 0x17, 0x1B, 0x76, 0x49, 0x05, 0x20,
    0x27, 0x02, 0x00, 0x7F, 0x00, 0x13, 0x0A, 0x2F, 0x05, 0x00, 0xA9, 0x00, 0x26, 0x0B, 0x0D, 0xAC,
    0x23, 0x03, 0x40, 0x45, 0x02, 0xE8, 0x3F, 0x03, 0x40, 0x67, 0x02, 0x00, 0x79, 0x00, 0x00, 0xC0,
    0x4D, 0x04, 0x00, 0x7F, 0x06, 0xD6, 0x55, 0x04, 0x00, 0x53, 0x0B, 0x3A, 0x41, 0x02, 0x40, 0x3B,
    0x02, 0x00, 0x81, 0x00, 0x04, 0x23, 0x00, 0x04, 0x00, 0x1F, 0x0B, 0x2A, 0x07, 0x02, 0x2A, 0x4B,
    0x0D, 0x74, 0x33, 0x04, 0x00, 0x51, 0x00, 0x04, 0x13, 0x11, 0x26, 0x43, 0x00, 0x04, 0x03, 0x00,
    0x05, 0xA8, 0x31, 0x0A, 0xEA, 0x21, 0x02, 0x14, 0x3F, 0x02, 0x00, 0x53, 0x05, 0xC0, 0x4D, 0x0C,
    0x40, 0x4F, 0x00, 0xD6, 0x2B, 0x0E, 0x20, 0x31, 0x00, 0x13, 0x20, 0x37, 0x0B, 0x00, 0x43, 0x00,
    0x2E, 0x0F, 0x05, 0x00, 0x55, 0x0F, 0x6E, 0x1F, 0x00, 0x04, 0x07, 0x02, 0x00, 0x67, 0x00, 0x04,
    0x23, 0x00, 0x01, 0xC0, 0x3F, 0x00, 0x04, 0x13, 0x05, 0x00, 0x8F, 0x16, 0xF6, 0x2D, 0x0B, 0x00,
    0x3B, 0x00, 0xEA, 0x1B, 0x05, 0x00, 0x3F, 0x00, 0x04, 0x03, 0x00, 0x05, 0x00, 0x61, 0x00, 0x04,
    0x03, 0x00, 0x6A, 0x27, 0x11, 0xCC, 0x43, 0x0C, 0x2A, 0x4D, 0x09, 0x00, 0x61, 0x04, 0x00, 0x8B,
    0x06, 0x00, 0x59, 0x00, 0x00, 0xEA, 0x0B, 0x13, 0xCC, 0x51, 0x04, 0x6C, 0x39, 0x1E, 0xE0, 0x29,
    0x04, 0x04, 0x2D, 0x00, 0x12, 0x37, 0x01, 0xC4, 0x2D, 0x0F, 0x00, 0x2D, 0x00, 0x02, 0x7E, 0x19,
    0x15, 0xE0, 0x47, 0x00, 0x04, 0x0B, 0x1B, 0xE0, 0x43, 0x0A, 0x96, 0x2D, 0x00, 0x30, 0x1D, 0x02,
    0x00, 0x7B, 0x00, 0xD6, 0x29, 0x00, 0x14, 0x00, 0x55, 0x00, 0x2A, 0x0F, 0x02, 0x7E, 0x09, 0x04,
    0xA8, 0x37, 0x1D, 0xA0, 0x6F, 0x04, 0xA8, 0x19, 0x00, 0x6A, 0x29, 0x1B, 0xE0, 0x3F, 0x00, 0x02,
    0x56, 0x2D, 0x02, 0x00, 0x75, 0x03, 0x00, 0x6D, 0x00, 0x04, 0x0F, 0x1C, 0xDE, 0x3F, 0x01, 0xC0,
    0x51, 0x00, 0x68, 0x13, 0x05, 0x00, 0xBB, 0x00, 0x02, 0x6C, 0x2D, 0x02, 0x00, 0x63, 0x04, 0x00,
    0x57, 0x01, 0x2A, 0x3F, 0x00, 0x26, 0x0B, 0x04, 0x00, 0x6B, 0x02, 0x98, 0x37, 0x02, 0xC0, 0x2D,
    0x00, 0x00, 0x2A, 0x0F, 0x06, 0x00, 0x2D, 0x00, 0x04, 0x0F, 0x0E, 0x14, 0x3F, 0x02, 0x00, 0x6B,
    0x04, 0x00, 0x4F, 0x18, 0x00, 0x4B, 0x02, 0x94, 0x33, 0x00, 0x00, 0x58, 0x49, 0x1E, 0x3A, 0x1B,
    0x0D, 0x2A, 0x3B, 0x00, 0x14, 0x0B, 0x1E, 0x50, 0x31, 0x08, 0x6C, 0x3F, 0x00, 0x04, 0x07, 0x02,
    0x00, 0x69, 0x00, 0x09, 0x00, 0x4B, 0x00, 0x04, 0x03, 0x07, 0x40, 0x59, 0x02, 0x2A, 0x3B, 0x03,
    0x40, 0x59, 0x0A, 0xA8, 0x45, 0x0F, 0x42, 0x31, 0x03, 0x68, 0x2D, 0x00, 0x02, 0xD6, 0x33, 0x02,
    0x00, 0x53, 0x09, 0x00, 0x55, 0x01, 0xC0, 0x3B, 0x05, 0x00, 0x81, 0x0E, 0x6A, 0x3B, 0x00, 0x04,
    0x13, 0x05, 0x00, 0x55, 0x00, 0x00, 0x04, 0x0B, 0x0B, 0x00, 0x81, 0x05, 0x00, 0x27, 0x04, 0x00,
    0x6B, 0x02, 0x56, 0x29, 0x0F, 0x00, 0x55, 0x01, 0xD6, 0x33, 0x10, 0xD2, 0x29, 0x00, 0x06, 0x00,
    0x85, 0x00, 0x04, 0x0B, 0x06, 0x00, 0x81, 0x08, 0xC8, 0x1B, 0x00, 0x04, 0x13, 0x00, 0xA2, 0x1D,
    0x13, 0xB2, 0x1B, 0x15, 0xE0, 0x37, 0x00, 0x1E, 0xCA, 0x1B, 0x15, 0xE0, 0x47, 0x00, 0x04, 0x07,
    0x01, 0xE0, 0x4D, 0x08, 0x08, 0x3B, 0x1B, 0xE0, 0x51, 0x02, 0x00, 0x89, 0x00, 0x04, 0x27, 0x00,
    0x01, 0xC0, 0x1D, 0x02, 0x2A, 0x1B, 0x00, 0x04, 0x0B, 0x1D, 0xA0, 0x3F, 0x02, 0xE8, 0x43, 0x07,
    0x9E, 0x37, 0x15, 0xCE, 0x31, 0x00, 0x14, 0x0B, 0x00, 0x16, 0x1A, 0x29, 0x1B, 0xE0, 0x37, 0x06,
    0x06, 0x25, 0x00, 0x04, 0x1F, 0x02, 0x00, 0x53, 0x1C, 0xE2, 0x29, 0x00, 0x14, 0x0B, 0x1D, 0xA0,
    0x3F, 0x00, 0x01, 0x40, 0x33, 0x1D, 0xA0, 0x29, 0x0C, 0x88, 0x1F, 0x05, 0x00, 0x3B, 0x1A, 0xA2,
    0x3B, 0x00, 0xFC, 0x21, 0x05, 0x00, 0x59, 0x0A, 0xE2, 0x29, 0x00, 0x02, 0x00, 0x55, 0x07, 0xF8,
    0x31, 0x00, 0xC0, 0x0F, 0x01, 0x2A, 0x1F, 0x1D, 0x36, 0x3F, 0x04, 0x00, 0x3B, 0x1D, 0xA0, 0x5D,
    0x00, 0x04, 0x03, 0x00, 0x08, 0x26, 0x43, 0x06, 0x00, 0x8B, 0x02, 0x00, 0x67, 0x00, 0x04, 0x03,
    0x01, 0x2E, 0x1D, 0x17, 0x06, 0x31, 0x0B, 0x60, 0x3B, 0x05, 0xA8, 0x29, 0x00, 0x04, 0xEA, 0x2D,
    0x09, 0x00, 0x51, 0x00, 0x04, 0x0B, 0x07, 0xC0, 0x3F, 0x00, 0xBE, 0x43, 0x06, 0x58, 0x25, 0x02,
    0x00, 0x79, 0x00, 0xAA, 0x2F, 0x00, 0x03, 0x00, 0x37, 0x08, 0x08, 0x0F, 0x12, 0x8A, 0x2D, 0x01,
    0xC0, 0x37, 0x01, 0x7A, 0x31, 0x19, 0x36, 0x37, 0x0F, 0x5E, 0x3F, 0x02, 0x7E, 0x33, 0x00, 0x17,
    0x30, 0x1F, 0x0B, 0x00, 0x3B, 0x02, 0x00, 0x49, 0x00, 0x04, 0x07, 0x0A, 0x40, 0x29, 0x04, 0xC2,
    0x3B, 0x05, 0x00, 0x87, 0x00, 0xF4, 0x1F, 0x00, 0x02, 0xD6, 0x3B, 0x05, 0x00, 0x51, 0x0B, 0xBE,
    0x2D, 0x05, 0x00, 0x45, 0x02, 0x00, 0x57, 0x04, 0x00, 0x67, 0x12, 0xA0, 0x55, 0x00, 0x04, 0x0B,
    0x00, 0x04, 0x00, 0x31, 0x0E, 0xD4, 0x2D, 0x06, 0x00, 0x51, 0x0C, 0xD6, 0x51, 0x06, 0x00, 0x8B,
    0x0F, 0x00, 0x2F, 0x00, 0x04, 0x0F, 0x1F, 0xB4, 0x3F, 0x00, 0x1C, 0xB6, 0x3B, 0x01, 0x56, 0x1D,
    0x01, 0xCE, 0x0D, 0x04, 0x00, 0x37, 0x09, 0xFC, 0x21, 0x04, 0xAC, 0x43, 0x00, 0xEA, 0x33, 0x12,
    0x40, 0x47, 0x00, 0x02, 0x00, 0x6F, 0x02, 0x2A, 0x65, 0x00, 0x14, 0x0B, 0x19, 0x20, 0x47, 0x00,
    0x04, 0x0B, 0x04, 0xA8, 0x2D, 0x04, 0x2C, 0x2F, 0x02, 0xD6, 0x0F, 0x00, 0x06, 0x46, 0x23, 0x07,
    0x68, 0x3B, 0x0F, 0x5C, 0x3B, 0x19, 0xA0, 0x6B, 0x00, 0x3C, 0x0F, 0x00, 0x28, 0x19, 0x05, 0x00,
    0xD7, 0x00, 0x30, 0x0F, 0x00, 0x04, 0xA8, 0x23, 0x00, 0x04, 0x0F, 0x05, 0x00, 0x87, 0x12, 0x38,
    0x1F, 0x05, 0x00, 0xB9, 0x06, 0xD6, 0x59, 0x00, 0x04, 0x0F, 0x1A, 0x82, 0x43, 0x00, 0x04, 0x00,
    0x41, 0x14, 0x0E, 0x23, 0x06, 0x00, 0x69, 0x05, 0xA8, 0x31, 0x06, 0x00, 0x75, 0x02, 0x00, 0x47,
    0x00, 0x04, 0x03, 0x0D, 0x92, 0x3F, 0x00, 0x0F, 0x00, 0x3B, 0x00, 0x0C, 0x03, 0x06, 0xD6, 0x1B,
    0x15, 0x68, 0x43, 0x05, 0x16, 0x13, 0x00, 0x5A, 0x13, 0x16, 0x7E, 0x3B, 0x16, 0xE8, 0x37, 0x00,
    0x02, 0xD6, 0x3F, 0x00, 0xEA, 0x17, 0x08, 0x2A, 0x51, 0x14, 0x00, 0x41, 0x00, 0x14, 0x0B, 0x00,
    0xD6, 0x29, 0x09, 0x00, 0x51, 0x19, 0x16, 0x2D, 0x00, 0x18, 0x28, 0x37, 0x06, 0x7E, 0x3B, 0x02,
    0x2A, 0x43, 0x05, 0x00, 0x45, 0x01, 0x96, 0x1F, 0x19, 0x54, 0x3B, 0x02, 0x00, 0x51, 0x00, 0x04,
    0x03, 0x00, 0x0E, 0x00, 0x37, 0x01, 0x40, 0x13, 0x00, 0x04, 0x13, 0x08, 0x2C, 0x2D, 0x05, 0x00,
    0x57, 0x00, 0x80, 0x35, 0x05, 0x00, 0x81, 0x0A, 0x54, 0x29, 0x00, 0x05, 0x00, 0x57, 0x02, 0x00,
    0x45, 0x04, 0x00, 0xDF, 0x01, 0x2A, 0x0F, 0x0B, 0x56, 0x3D, 0x0F, 0x00, 0x69, 0x01, 0xA0, 0x23,
    0x06, 0x00, 0xAB, 0x00, 0x00, 0xD6, 0x03, 0x00, 0x4E, 0x35, 0x01, 0xF0, 0x17, 0x00, 0xB8, 0x2F,
    0x04, 0x92, 0x2D, 0x00, 0x04, 0x0B, 0x01, 0xCE, 0x1F, 0x01, 0xC0, 0x07, 0x00, 0x04, 0x8E, 0x4D,
    0x02, 0x82, 0x0F, 0x01, 0x54, 0x17, 0x00, 0x04, 0x17, 0x15, 0xE0, 0x37, 0x06, 0x0E, 0x39, 0x02,
    0x00, 0x81, 0x1B, 0x0C, 0x3B, 0x00, 0x18, 0x4C, 0x43, 0x03, 0xEA, 0x31, 0x00, 0x04, 0x0B, 0x07,
    0x22, 0x37, 0x00, 0x04, 0x0F, 0x10, 0xE0, 0x27, 0x01, 0xC0, 0x2B, 0x02, 0x2A, 0x51, 0x00, 0x1B,
    0xE0, 0x55, 0x02, 0x00, 0x65, 0x01, 0x40, 0x39, 0x03, 0x00, 0x2F, 0x00, 0xC0, 0x3F, 0x00, 0x04,
    0x13, 0x05, 0x00, 0xA1, 0x11, 0xE0, 0x43, 0x00, 0x02, 0xD6, 0x4B, 0x02, 0x00, 0x83, 0x00, 0x04,
    0x27, 0x04, 0x00, 0x77, 0x01, 0x2A, 0x2B, 0x0D, 0xE2, 0x2D, 0x06, 0x00, 0x7D, 0x03, 0x2A, 0x4D,
    0x00, 0x06, 0x00, 0x3B, 0x00, 0x04, 0x17, 0x02, 0x00, 0x55, 0x05, 0xC0, 0x4B, 0x04, 0x00, 0x4F,
    0x0C, 0x40, 0x07, 0x07, 0x9C, 0x3B, 0x00, 0xAC, 0x29, 0x00, 0x18, 0xA4, 0x2D, 0x06, 0x00, 0x43,
    0x00, 0xAC, 0x19, 0x00, 0x04, 0x17, 0x16, 0x4A, 0x2F, 0x00, 0x04, 0x23, 0x02, 0x00, 0x67, 0x1D,
    0xA0, 0x4F, 0x00, 0x07, 0x94, 0x4D, 0x02, 0x2A, 0x31, 0x15, 0x4E, 0x3F, 0x00, 0xB6, 0x17, 0x02,
    0x2A, 0x21, 0x0E, 0x24, 0x33, 0x0B, 0x00, 0x4F, 0x03, 0xC0, 0x2B, 0x00, 0x02, 0x00, 0x6D, 0x0A,
    0xC0, 0x4D, 0x0E, 0xCC, 0x31, 0x09, 0x00, 0x59, 0x05, 0x00, 0xA9, 0x00, 0x04, 0x07, 0x05, 0x00,
    0x67, 0x02, 0x00, 0x7B, 0x00, 0x01, 0x6C, 0x35, 0x04, 0x00, 0x67, 0x03, 0xB4, 0x2F, 0x04, 0x00,
    0x93, 0x0B, 0x00, 0x3F, 0x1D, 0x74, 0x29, 0x06, 0x00, 0x55, 0x02, 0x00, 0x4B, 0x00, 0x17, 0xCC,
    0x2D, 0x06, 0x7E, 0x29, 0x00, 0x04, 0x0F, 0x0A, 0x16, 0x31, 0x0B, 0x36, 0x33, 0x10, 0xAA, 0x2D,
    0x00, 0x04, 0x13, 0x1B, 0xE0, 0x37, 0x00, 0x00, 0xEA, 0x3B, 0x02, 0xD6, 0x3B, 0x15, 0x50, 0x1B,
    0x19, 0xCC, 0x3B, 0x02, 0x00, 0x4D, 0x0E, 0x28, 0x41, 0x06, 0x98, 0x3B, 0x0C, 0x68, 0x43, 0x00,
    0x15, 0xAA, 0x3B, 0x00, 0x04, 0x0B, 0x05, 0x00, 0x43, 0x00, 0x40, 0x0F, 0x10, 0x00, 0x51, 0x04,
    0xA4, 0x1F, 0x02, 0xD6, 0x51, 0x00, 0x04, 0x07, 0x00, 0x02, 0x00, 0x3D, 0x03, 0x00, 0x35, 0x00,
    0x04, 0x07, 0x05, 0x00, 0x67, 0x1A, 0x22, 0x3B, 0x05, 0x00, 0x47, 0x00, 0xC2, 0x1D, 0x05, 0x00,
    0x59, 0x00, 0x00, 0x3C, 0x0F, 0x0A, 0x50, 0x2D, 0x05, 0x00, 0x43, 0x00, 0x04, 0x07, 0x05, 0x00,
    0x3D, 0x00, 0x04, 0x0F, 0x09, 0x00, 0x73, 0x01, 0x7E, 0x0F, 0x00, 0x04, 0x00, 0x67, 0x00, 0x44,
    0x0F, 0x18, 0x6A, 0x31, 0x05, 0x72, 0x33, 0x06, 0x00, 0xD5, 0x14, 0x00, 0x41, 0x00, 0x04, 0x0F,
    0x04, 0x00, 0x29, 0x00, 0x00, 0x18, 0x0B, 0x0F, 0x00, 0x67, 0x13, 0x50, 0x1B, 0x1D, 0x6A, 0x63,
    0x00, 0x04, 0x13, 0x04, 0xD4, 0x2D, 0x0F, 0x00, 0x55, 0x02, 0x0A, 0x37, 0x00, 0x02, 0x00, 0x55,
    0x05, 0x00, 0xA7, 0x00, 0x3C, 0x0B, 0x08, 0x96, 0x2D, 0x02, 0xD6, 0x51, 0x07, 0x1C, 0x2D, 0x00,
    0x14, 0x0B, 0x00, 0x12, 0x1B, 0x00, 0x0D, 0x7E, 0x45, 0x05, 0x00, 0xF1, 0x0E, 0x00, 0x8B, 0x02,
    0xD6, 0x47, 0x00, 0x04, 0x0B, 0x00, 0x58, 0x0F, 0x13, 0x50, 0x3B, 0x05, 0x00, 0x61, 0x00, 0x00,
    0x04, 0x37, 0x02, 0x00, 0x4F, 0x04, 0x00, 0x59, 0x00, 0x04, 0x0F, 0x1C, 0x28, 0x53, 0x04, 0x00,
    0xBD, 0x0B, 0x00, 0x3B, 0x06, 0x00, 0x1B, 0x00, 0x03, 0x82, 0x37, 0x00, 0x14, 0x0B, 0x02, 0x00,
    0x55, 0x00, 0x04, 0x23, 0x01, 0x0C, 0x1D, 0x1A, 0xC6, 0x35, 0x00, 0x04, 0x0B, 0x1B, 0xE0, 0x79,
    0x00, 0x01, 0x8C, 0x25, 0x07, 0x1E, 0x1B, 0x19, 0x36, 0x33, 0x13, 0xB2, 0x17, 0x0E, 0xFC, 0x31,
    0x00, 0x10, 0x07, 0x1D, 0x8A, 0x3D, 0x00, 0x04, 0x07, 0x00, 0x02, 0x00, 0x53, 0x19, 0xA2, 0x37,
    0x0E, 0x8A, 0x29, 0x06, 0x90, 0x37, 0x17, 0xDE, 0x2D, 0x00, 0x04, 0x0B, 0x04, 0x06, 0x13, 0x01,
    0x98, 0x17, 0x00, 0x01, 0x9C, 0x21, 0x02, 0x2A, 0x1B, 0x18, 0x0A, 0x37, 0x00, 0x92, 0x17, 0x01,
    0xA8, 0x2D, 0x00, 0x58, 0x55, 0x00, 0x14, 0x0B, 0x02, 0x00, 0x43, 0x00, 0x0E, 0xA0, 0x3D, 0x12,
    0x36, 0x37, 0x00, 0x04, 0x13, 0x1D, 0x8A, 0x3B, 0x04, 0xA8, 0x2D, 0x05, 0x00, 0x3B, 0x16, 0x7A,
    0x3F, 0x1B, 0x60, 0x1D, 0x00, 0x0C, 0x88, 0x1F, 0x03, 0xC0, 0x33, 0x1F, 0xA0, 0x47, 0x02, 0x00,
    0x4D, 0x03, 0x3E, 0x2B, 0x00, 0x04, 0x0F, 0x03, 0x6A, 0x29, 0x1F, 0x22, 0x37, 0x00, 0x04, 0x80,
    0x2D, 0x00, 0x58, 0x2D, 0x00, 0x04, 0x0F, 0x08, 0x02, 0x37, 0x0C, 0x9E, 0x17, 0x00, 0x16, 0x07,
    0x07, 0xD2, 0x35, 0x01, 0x16, 0x25, 0x00, 0x1F, 0x8A, 0x3B, 0x02, 0x00, 0x59, 0x05, 0xC0, 0x4B,
    0x17, 0xA4, 0x3F, 0x00, 0x04, 0x17, 0x0F, 0xE4, 0x49, 0x00, 0x8E, 0x2D, 0x19, 0x4C, 0x3B, 0x00,
    0x09, 0x28, 0x25, 0x15, 0x0A, 0x43, 0x19, 0x24, 0x43, 0x00, 0x14, 0x07, 0x02, 0x00, 0x6D, 0x02,
    0x2A, 0x3B, 0x05, 0x00, 0x3B, 0x00, 0x04, 0x17, 0x00, 0x09, 0x00, 0x3F, 0x00, 0x32, 0x13, 0x00,
    0x2C, 0x19, 0x06, 0xFE, 0x2D, 0x09, 0x00, 0x2D, 0x05, 0x00, 0x25, 0x00, 0x04, 0x13, 0x02, 0xD6,
    0x51, 0x00, 0x02, 0x00, 0x6F, 0x03, 0x00, 0x89, 0x01, 0x40, 0x29, 0x01, 0xC0, 0x3B, 0x08, 0xA8,
    0x2D, 0x05, 0x00, 0x49, 0x07, 0x2A, 0x2D, 0x05, 0x00, 0x55, 0x00, 0x01, 0x96, 0x29, 0x02, 0x00,
    0x57, 0x04, 0x00, 0xD1, 0x03, 0x80, 0x39, 0x03, 0x2A, 0x5D, 0x06, 0x00, 0x6F, 0x0B, 0x00, 0x2D,
    0x02, 0x00, 0x6B, 0x00, 0x00, 0x7E, 0x1F, 0x0D, 0x2C, 0x29, 0x01, 0xD2, 0x33, 0x00, 0xE8, 0x0D,
    0x00, 0xD6, 0x37, 0x0F, 0x6A, 0x3B, 0x07, 0xC0, 0x3F, 0x09, 0x6A, 0x3F, 0x00, 0x00, 0xB2, 0x17,
    0x05, 0x2C, 0x3B, 0x00, 0x14, 0x0B, 0x01, 0x54, 0x21, 0x02, 0x00, 0x63, 0x01, 0xEC, 0x2B, 0x0D,
    0xA8, 0x3F, 0x00, 0xD6, 0x0F, 0x00, 0x02, 0x34, 0x1F, 0x0E, 0x00, 0x29, 0x0E, 0xEA, 0x55, 0x00,
    0x14, 0x0B, 0x04, 0x80, 0x2D, 0x02, 0x2A, 0x37, 0x15, 0x16, 0x3F, 0x0A, 0x16, 0x2D, 0x00, 0x00,
    0x26, 0x0F, 0x02, 0x00, 0x59, 0x01, 0xC0, 0x29, 0x12, 0x8E, 0x31, 0x05, 0x00, 0xEF, 0x00, 0x04,
    0x0F, 0x01, 0xC0, 0x17, 0x05, 0x00, 0x99, 0x00, 0x02, 0x00, 0x67, 0x00, 0x04, 0x07, 0x00, 0xC0,
    0x3B, 0x04, 0x00, 0x59, 0x00, 0x04, 0x0B, 0x02, 0xC0, 0x1D, 0x0A, 0x50, 0x27, 0x04, 0x00, 0x3B,
    0x00, 0x03, 0x2A, 0x2F, 0x06, 0xD6, 0x1B, 0x00, 0x04, 0x13, 0x06, 0x00, 0x55, 0x12, 0xD2, 0x37,
    0x02, 0x00, 0x55, 0x0D, 0xEA, 0x3D, 0x00, 0x68, 0x07, 0x00, 0x0A, 0x5C, 0x11, 0x00, 0x10, 0x07,
    0x1C, 0x96, 0x31, 0x0E, 0x42, 0x15, 0x00, 0x6A, 0x1B, 0x1D, 0xA4, 0x47, 0x02, 0xD6, 0x0F, 0x14,
    0xFC, 0x51, 0x00, 0x19, 0xA8, 0x49, 0x05, 0x04, 0x43, 0x02, 0x00, 0x67, 0x00, 0x04, 0x03, 0x03,
    0x00, 0x3F, 0x00, 0x14, 0x0B, 0x0A, 0xC0, 0x17, 0x18, 0xA8, 0x4D, 0x00, 0x00, 0xD6, 0x07, 0x05,
    0x00, 0x3F, 0x02, 0xD6, 0x4B, 0x01, 0x16, 0x19, 0x00, 0x6A, 0x31, 0x12, 0x14, 0x51, 0x02, 0x00,
    0x7F, 0x01, 0xC0, 0x17, 0x00, 0x18, 0xA8, 0x3B, 0x05, 0x00, 0x43, 0x00, 0x04, 0x0B, 0x1B, 0x82,
    0x1B, 0x00, 0x14, 0x0B, 0x05, 0x00, 0x9D, 0x1E, 0xA8, 0x55, 0x12, 0x14, 0x37, 0x00, 0x02, 0x00,
    0x73, 0x04, 0x00, 0x1F, 0x1C, 0xA8, 0x43, 0x07, 0x40, 0x43, 0x04, 0x00, 0x97, 0x00, 0x58, 0x15,
    0x02, 0xC0, 0x35, 0x06, 0x00, 0x3F, 0x00, 0x14, 0x66, 0x2F, 0x02, 0x00, 0x65, 0x03, 0x62, 0x27,
    0x11, 0x2A, 0x1D, 0x01, 0xCE, 0x51, 0x00, 0x04, 0x13, 0x17, 0x8A, 0x3B, 0x00, 0x04, 0x1F, 0x00,
    0x00, 0xEA, 0x07, 0x0B, 0xA2, 0x3B, 0x03, 0x22, 0x1F, 0x01, 0xF0, 0x17, 0x01, 0x96, 0x2B, 0x17,
    0x7E, 0x17, 0x14, 0xA0, 0x47, 0x02, 0x00, 0x55, 0x00, 0x01, 0x2A, 0x1B, 0x13, 0x36, 0x37, 0x00,
    0x04, 0x13, 0x01, 0x40, 0x17, 0x00, 0x32, 0x13, 0x18, 0x20, 0x33, 0x06, 0x38, 0x55, 0x11, 0x72,
    0x2D, 0x00, 0x01, 0xC0, 0x13, 0x02, 0xD6, 0x3F, 0x00, 0x18, 0x0B, 0x01, 0xD2, 0x0F, 0x1C, 0x4A,
    0x31, 0x02, 0x00, 0x73, 0x05, 0x00, 0xEB, 0x00, 0x6A, 0x23, 0x00, 0x02, 0x2A, 0x19, 0x04, 0x54,
    0x3F, 0x06, 0xF0, 0x23, 0x02, 0x2A, 0x3D, 0x05, 0x00, 0xA7, 0x01, 0x44, 0x3D, 0x1F, 0x76, 0x41,
    0x04, 0x00, 0x3F, 0x00, 0x01, 0x2A, 0x25, 0x16, 0x76, 0x2D, 0x04, 0x00, 0x3B, 0x07, 0x40, 0x29,
    0x00, 0x5A, 0x13, 0x06, 0x00, 0x79, 0x02, 0x00, 0x67, 0x01, 0x68, 0x1D, 0x00, 0x08, 0x54, 0x3F,
    0x0A, 0xC0, 0x07, 0x1F, 0xF6, 0x3B, 0x00, 0x16, 0x1F, 0x00, 0xAC, 0x2F, 0x00, 0x80, 0x29, 0x01,
    0x72, 0x17, 0x15, 0xCE, 0x51, 0x00, 0x06, 0x16, 0x37, 0x02, 0x7E, 0x3B, 0x02, 0x00, 0x6F, 0x1A,
    0xE4, 0x4B, 0x04, 0x3E, 0x23, 0x06, 0x7E, 0x0B, 0x1C, 0xE2, 0x29, 0x00, 0x14, 0x0B, 0x00, 0x04,
    0xA8, 0x2D, 0x02, 0xD6, 0x37, 0x09, 0x00, 0x51, 0x05, 0x00, 0x2D, 0x1A, 0xFA, 0x3B, 0x02, 0xD2,
    0x2D, 0x02, 0x00, 0x63, 0x05, 0x2A, 0x1D, 0x00, 0x0D, 0x54, 0x55, 0x00, 0x04, 0x07, 0x14, 0x36,
    0x3B, 0x09, 0x00, 0x61, 0x05, 0x00, 0x99, 0x18, 0xB6, 0x45, 0x02, 0x00, 0x71, 0x04, 0x00, 0x61,
    0x00, 0x04, 0xEA, 0x33, 0x04, 0x00, 0xD5, 0x01, 0xD6, 0x0F, 0x01, 0x16, 0x25, 0x03, 0x2A, 0x51,
    0x02, 0x00, 0x7D, 0x04, 0x00, 0x57, 0x00, 0x46, 0x25, 0x00, 0x17, 0xC8, 0x3B, 0x18, 0x54, 0x1F,
    0x00, 0x04, 0x07, 0x07, 0x26, 0x31, 0x02, 0x18, 0x1D, 0x15, 0x76, 0x39, 0x00, 0x0C, 0x03, 0x1B,
    0x60, 0x2D, 0x00, 0x03, 0xC0, 0x4D, 0x02, 0x00, 0x7B, 0x1D, 0xA0, 0x51, 0x1C, 0xB6, 0x47, 0x0E,
    0x00, 0x3B, 0x00, 0x14, 0x0B, 0x1B, 0xE0, 0x35, 0x02, 0xD6, 0x2F, 0x00, 0x02, 0x2A, 0x29, 0x06,
    0xE4, 0x25, 0x02, 0xD6, 0x29, 0x0B, 0x00, 0x2D, 0x02, 0x00, 0x79, 0x03, 0x00, 0x69, 0x10, 0xD6,
    0x25, 0x05, 0x00, 0x89, 0x00, 0x00, 0x04, 0x07, 0x11, 0x94, 0x29, 0x1E, 0x20, 0x3B, 0x05, 0x00,
    0x59, 0x00, 0x04, 0x0F, 0x02, 0x00, 0x7D, 0x04, 0x00, 0x7B, 0x10, 0x40, 0x29, 0x00, 0x04, 0x00,
    0x5D, 0x08, 0xA8, 0x1B, 0x19, 0x50, 0x45, 0x06, 0x00, 0x55, 0x03, 0xE8, 0x2F, 0x00, 0x04, 0x17,
    0x02, 0x00, 0x6F, 0x09, 0x00, 0x1F, 0x00, 0x03, 0xD4, 0x2D, 0x05, 0xC0, 0x4D, 0x00, 0xD6, 0x3D,
    0x00, 0x04, 0x03, 0x0B, 0xD6, 0x67, 0x12, 0x2E, 0x37, 0x04, 0x20, 0x27, 0x00, 0x04, 0x07, 0x00,
    0x07, 0x40, 0x3B, 0x00, 0x04, 0x0B, 0x02, 0x00, 0x6F, 0x08, 0x96, 0x23, 0x02, 0x2A, 0x47, 0x0B,
    0x7E, 0x2F, 0x10, 0xD2, 0x43, 0x09, 0xAC, 0x43, 0x00, 0x00, 0x04, 0x0F, 0x05, 0xD8, 0x37, 0x05,
    0x00, 0x59, 0x00, 0x26, 0x0B, 0x05, 0x00, 0x35, 0x00, 0x1C, 0x0B, 0x02, 0x00, 0x4D, 0x03, 0x00,
    0x7F, 0x00, 0x1B, 0x14, 0x3F, 0x05, 0x00, 0x43, 0x06, 0xC0, 0x55, 0x00, 0x1C, 0x0B, 0x05, 0x00,
    0x43, 0x00, 0x04, 0x0F, 0x02, 0x82, 0x49, 0x02, 0x00, 0x69, 0x78, 0x04, 0x00, 0x5D, 0x00, 0x04,
    0x0B, 0x02, 0x40, 0x3D, 0xA5, 0x1C, 0xC5, 0x1C, 0x00, 0x04, 0x0B, 0x02, 0x00, 0x12, 0x0F, 0xC5,
    0x00, 0x12, 0x10, 0x00, 0x16, 0x41, 0x00, 0x28, 0x11, 0x00, 0x80, 0x8D, 0x01, 0x28, 0x03, 0x1A,
    0x00, 0x47, 0x00, 0x00, 0x40, 0x0B, 0x02, 0x00, 0x4F, 0x02, 0xDE, 0x1D, 0x0E, 0x50, 0x3F, 0x03,
    0xF0, 0x1B, 0x05, 0xE0, 0x2D, 0x02, 0x6A, 0xFF, 0x00, 0x3E, 0x1B, 0x00, 0x02, 0x38, 0x37, 0x02,
    0x00, 0x73, 0x01, 0xFA, 0x23, 0x09, 0x78, 0x37, 0x08, 0x06, 0x2D, 0x03, 0x8A, 0x1D, 0x01, 0xC0,
    0x37, 0x01, 0xFE, 0x13, 0x00, 0x02, 0x56, 0x53, 0x00, 0x80, 0x77, 0x02, 0x14, 0x27, 0x00, 0x18,
    0x0F, 0x02, 0x00, 0x71, 0x02, 0x9A, 0x19, 0x04, 0xA8, 0x1B, 0x15, 0x34, 0x37, 0x00, 0x00, 0xD6,
    0x39, 0x02, 0x40, 0x61, 0x02, 0x2A, 0x29, 0x00, 0x80, 0x8D, 0x07, 0x38, 0x3B, 0x02, 0x00, 0x6F,
    0x08, 0x20, 0x35, 0x1D, 0xA0, 0x3F, 0xBC, 0x05, 0xF0, 0x1B, 0x01, 0xAA, 0x15, 0x2C, 0x39, 0x4C,
    0x3D, 0x00, 0x04, 0x07, 0x2C, 0x05, 0x39, 0x00, 0x04, 0x01, 0x4D, 0x00, 0x0A, 0x00, 0x00, 0x04,
    0x01, 0x00, 0x16, 0x07, 0x00, 0x12, 0x0D, 0x00, 0x16, 0x17, 0x03, 0x4C, 0x3D, 0x00, 0x12, 0x0F,
    0x00, 0x2C, 0x05, 0x00, 0x16, 0x1F, 0x00, 0x82, 0x03, 0x00, 0x80, 0x89, 0x02, 0xAA, 0x15, 0x00,
    0x12, 0x76, 0x3B, 0x02, 0x00, 0x69, 0x17, 0x0A, 0x51, 0x0C, 0x76, 0x2F, 0x03, 0xEA, 0x15, 0x01,
    0xE8, 0x0B, 0x01, 0xC0, 0x11, 0x01, 0x96, 0x03, 0x00, 0x00, 0x16, 0x23, 0x01, 0xEC, 0x15, 0x01,
    0xD2, 0x05, 0x00, 0x1A, 0x0B, 0x02, 0x68, 0x0F, 0x00, 0x80, 0x8F, 0x05, 0x42, 0x15, 0x01, 0x80,
    0x27, 0x00, 0x02, 0x00, 0x7B, 0x1E, 0xE0, 0x49, 0x0C, 0x68, 0x1F, 0x00, 0xD6, 0x17, 0x05, 0x00,
    0x23, 0x01, 0xC0, 0x1D, 0x01, 0xAA, 0x0F, 0x01, 0xD6, 0x13, 0x00, 0x02, 0x40, 0x55, 0x00, 0x80,
    0x6F, 0x05, 0x00, 0x27, 0x04, 0x2A, 0x43, 0x02, 0x00, 0x49, 0x00, 0x04, 0x03, 0x05, 0x00, 0xB5,
    0x07, 0x02, 0x0F, 0x00, 0x02, 0x40, 0x55, 0x00, 0x80, 0x99, 0x05, 0x00, 0xB5, 0x0E, 0x96, 0x3B,
    0x00, 0x04, 0x1B, 0x00, 0xC0, 0x21, 0x04, 0xEA, 0x0D, 0x01, 0xD6, 0x23, 0x00, 0x01, 0xC0, 0x49,
    0x02, 0x2A, 0x13, 0x00, 0x80, 0xC5, 0x05, 0x16, 0x0D, 0x16, 0x72, 0x23, 0x02, 0x00, 0x5F, 0x0C,
    0xC2, 0x33, 0x03, 0x16, 0x29, 0x30, 0x05, 0xC0, 0x23, 0x02, 0x7A, 0x07, 0x01, 0x2A, 0x03, 0x01,
    0x7E, 0x0F, 0x4C, 0x3D, 0x00, 0x0A, 0x05, 0x00, 0x16, 0x0F, 0x00, 0x01, 0x70, 0x0F, 0x00, 0x16,
    0x09, 0x00, 0x10, 0x05, 0x00, 0x3E, 0x0B, 0x00, 0x16, 0x19, 0x01, 0xFE, 0x11, 0x00, 0x80, 0xBB,
    0x05, 0x16, 0x0D, 0x00, 0x02, 0x00, 0x85, 0x07, 0xEA, 0x35, 0x14, 0x90, 0x29, 0x00, 0xBC, 0x21,
    0x05, 0x00, 0x0D, 0x01, 0x56, 0x1B, 0x01, 0xC0, 0x1D, 0x01, 0xAA, 0x13, 0x00, 0x01, 0xD6, 0x17,
    0x02, 0x2A, 0x17, 0x00, 0x80, 0xC5, 0x05, 0x00, 0x1D, 0x02, 0x00, 0x75, 0x02, 0xC2, 0x2B, 0x07,
    0xB2, 0x15, 0x00, 0x04, 0x03, 0x00, 0x05, 0x00, 0x41, 0x09, 0xEA, 0x05, 0x04, 0x00, 0x27, 0x0B,
    0xD6, 0x09, 0x01, 0xC0, 0x13, 0x01, 0xAA, 0x13, 0x01, 0xD6, 0x19, 0x04, 0x6A, 0x17, 0x00, 0x00,
    0x80, 0xB5, 0x05, 0x00, 0x43, 0x02, 0x00, 0x4F, 0x00, 0x2E, 0x13, 0x00, 0x68, 0x1B, 0x19, 0x82,
    0x37, 0x00, 0x58, 0x0F, 0x03, 0x96, 0x0B, 0xF1, 0xC5, 0x02, 0x78, 0x04, 0x01, 0x3C, 0x07, 0x06,
    0xC0, 0x1D, 0x9A, 0x1C, 0x9A, 0x1C, 0xDE, 0x00, 0x04, 0x01, 0x63, 0x10, 0x63, 0x10, 0x00, 0x04,
    0x01, 0xDE, 0x7B, 0x7B, 0xDE, 0x7B, 0x00, 0x04, 0x01, 0x9C, 0x77, 0x9C, 0x77, 0x00, 0x04, 0x01,
    0x7C, 0x00, 0x20, 0x05, 0x00, 0x10, 0x5D, 0x64, 0x7F, 0x65, 0x7F, 0x65, 0x00, 0x04, 0x06, 0x03,
    0x64, 0x7F, 0x00, 0x80, 0x65, 0x02, 0xD6, 0x13, 0x02, 0xC0, 0x17, 0x0C, 0x98, 0x0F, 0x01, 0xAE,
    0x0B, 0x02, 0x00, 0x6D, 0x00, 0x00, 0x30, 0x0F, 0x19, 0x68, 0x33, 0x19, 0xC4, 0x21, 0x00, 0x7E,
    0x11, 0x0D, 0xAC, 0x0D, 0x01, 0x40, 0x0F, 0x01, 0x62, 0x05, 0x00, 0x16, 0x13, 0x06, 0x02, 0x80,
    0x5B, 0xBD, 0x7B, 0x00, 0x30, 0x25, 0x02, 0x74, 0x01, 0x02, 0x82, 0x09, 0x00, 0x80, 0x65, 0x0A,
    0x00, 0x21, 0x00, 0x0C, 0xAA, 0x09, 0x0F, 0x1A, 0x0D, 0x01, 0xC4, 0x0F, 0x02, 0x00, 0x6B, 0x16,
    0xEA, 0x13, 0x03, 0x00, 0x39, 0x07, 0xD8, 0x11, 0x08, 0x04, 0x17, 0x10, 0x12, 0xAC, 0x0D, 0x09,
    0x00, 0x23, 0x02, 0x94, 0x07, 0x02, 0x80, 0x31, 0xBB, 0x05, 0x00, 0x5E, 0x02, 0x80, 0x1B, 0x00,
    0x80, 0x49, 0x00, 0x19, 0x58, 0x13, 0x03, 0xC0, 0x17, 0x05, 0x00, 0x19, 0x02, 0x00, 0x71, 0x00,
    0x54, 0x0F, 0x05, 0x00, 0x77, 0x0C, 0x78, 0x05, 0x03, 0xD4, 0x13, 0x00, 0x05, 0x00, 0x71, 0x00,
    0x10, 0x27, 0x05, 0x00, 0x53, 0x00, 0x10, 0x1F, 0x05, 0x00, 0x2B, 0x14, 0x20, 0x05, 0x05, 0x00,
    0x9B, 0x00, 0x5C, 0x13, 0xE0, 0x03, 0x16, 0x21, 0x0D, 0x00, 0x27, 0x07, 0x70, 0x07, 0x01, 0x40,
    0x23, 0x01, 0x78, 0x05, 0xC6, 0x1C, 0xC6, 0x80, 0x00, 0x04, 0x12, 0x02, 0x78, 0x05, 0x02, 0x88,
    0x05, 0x00, 0x28, 0x15, 0x00, 0x04, 0x55, 0x05, 0x00, 0x0D, 0x00, 0x40, 0x2D, 0xDF, 0xF7, 0x67,
    0xDF, 0x67, 0x00, 0x04, 0x01, 0x1F, 0x06, 0x3F, 0x06, 0x0F, 0x1F, 0x06, 0x1F, 0x06, 0x00, 0x40,
    0x2D, 0x05, 0x18, 0x0F, 0x05, 0x00, 0x13, 0x01, 0x6A, 0x0D, 0x00, 0x06, 0x80, 0x05, 0x02, 0x00,
    0x6D, 0x00, 0x12, 0x0B, 0x1E, 0x76, 0x25, 0x0A, 0x88, 0x2D, 0x05, 0x76, 0x17, 0x07, 0x70, 0x07,
    0x01, 0x0C, 0x07, 0x00, 0x01, 0x1C, 0x07, 0x0E, 0x20, 0x09, 0x00, 0x16, 0x03, 0x02, 0x80, 0x9D,
    0x02, 0x78, 0x03, 0x02, 0x86, 0x01, 0x02, 0x8A, 0x03, 0x02, 0x80, 0x35, 0x02, 0x02, 0x7E, 0x01,
    0x3F, 0x02, 0x84, 0x00, 0x02, 0x80, 0x3D, 0x16, 0xCE, 0x09, 0x0D, 0xB2, 0x07, 0x01, 0x6A, 0x0F,
    0x06, 0x80, 0x05, 0x00, 0x02, 0x00, 0x6D, 0x00, 0x2A, 0x2F, 0x03, 0x00, 0x0B, 0x00, 0x04, 0x0F,
    0x02, 0xFC, 0x2B, 0x05, 0x00, 0x0B, 0x01, 0x2A, 0x17, 0x00, 0x16, 0x05, 0x00, 0x02, 0x80, 0xA1,
    0x02, 0x7E, 0x07, 0x05, 0x00, 0x73, 0x0A, 0x58, 0x09, 0x01, 0x54, 0x0F, 0x03, 0xD6, 0x11, 0x05,
    0x00, 0x07, 0x02, 0x00, 0x6D, 0x00, 0x00, 0x04, 0x0B, 0x19, 0x60, 0x25, 0x05, 0x00, 0x6D, 0x01,
    0x40, 0x07, 0x05, 0x00, 0xFF, 0x00, 0x04, 0x1B, 0x05, 0x00, 0x55, 0x01, 0xC0, 0x0B, 0x00, 0x05,
    0x00, 0x63, 0x02, 0xEA, 0x07, 0x00, 0x40, 0x25, 0x00, 0x28, 0x17, 0x00, 0xD6, 0x0D, 0x04, 0xF8,
    0x05, 0x03, 0x96, 0x0F, 0x01, 0x2A, 0x0B, 0x60, 0x01, 0x48, 0x05, 0x01, 0x80, 0x25, 0x0C, 0x80,
    0x0D, 0x05, 0x00, 0xAD, 0x02, 0x76, 0x03, 0x3F, 0x06, 0x02, 0x88, 0x05, 0x00, 0x0A, 0x88, 0x45,
    0x02, 0x98, 0x05, 0x01, 0x6A, 0x15, 0x00, 0x16, 0x05, 0x0C, 0x90, 0x09, 0x02, 0x00, 0x59, 0x05,
    0x42, 0x17, 0x00, 0x74, 0x0F, 0x00, 0x03, 0x04, 0x2D, 0x00, 0x04, 0x0B, 0x00, 0x7E, 0x13, 0x04,
    0xF8, 0x07, 0x16, 0x5E, 0x07, 0x01, 0x14, 0x09, 0x05, 0x00, 0x05, 0x02, 0x80, 0xB1, 0x00, 0x0F,
    0x04, 0x09, 0x00, 0x40, 0x2D, 0x04, 0xF8, 0x05, 0x02, 0x80, 0x3D, 0x02, 0x7C, 0x09, 0x02, 0x80,
    0x09, 0x05, 0x00, 0x07, 0x17, 0xDE, 0x0F, 0x00, 0x00, 0x16, 0x01, 0x05, 0x08, 0x11, 0x02, 0x00,
    0x51, 0x1B, 0xDE, 0x39, 0x07, 0xAA, 0x2D, 0x00, 0x1A, 0x09, 0x12, 0x16, 0x05, 0x05, 0x00, 0x13,
    0x00, 0x18, 0xDC, 0x0F, 0x05, 0x00, 0xB9, 0x00, 0x04, 0x01, 0x05, 0x00, 0x79, 0x05, 0x04, 0x09,
    0x05, 0x00, 0x11, 0x19, 0x1A, 0x0B, 0x01, 0x70, 0x03, 0x00, 0x11, 0x90, 0x0B, 0x02, 0x00, 0x57,
    0x00, 0x5C, 0x17, 0x05, 0x6C, 0x3B, 0x00, 0x52, 0x0F, 0x05, 0x00, 0x21, 0x03, 0x96, 0x13, 0x05,
    0x00, 0xFF, 0x00, 0x05, 0x00, 0x59, 0x11, 0x86, 0x0D, 0x11, 0x88, 0x05, 0x16, 0x90, 0x17, 0x01,
    0xDA, 0x0B, 0x02, 0x00, 0x3B, 0x14, 0x38, 0x2B, 0x00, 0x40, 0x27, 0x10, 0x00, 0x42, 0x1D, 0x00,
    0xDE, 0x01, 0x1B, 0x60, 0x07, 0x00, 0xFE, 0x07, 0x4D, 0x05, 0x00, 0x0C, 0x02, 0x78, 0x2D, 0x0F,
    0x00, 0x91, 0x00, 0x05, 0x00, 0x31, 0x0C, 0x80, 0x07, 0x0F, 0x00, 0x33, 0x05, 0x00, 0x0D, 0x0C,
    0xA0, 0x15, 0x01, 0x80, 0x1D, 0x18, 0x0A, 0x05, 0x02, 0x00, 0x4D, 0x00, 0x00, 0x04, 0x07, 0x19,
    0x1A, 0x15, 0x00, 0x2E, 0x0B, 0x07, 0xFC, 0x3B, 0x0A, 0x50, 0x0F, 0x00, 0xD6, 0x03, 0x1B, 0x60,
    0x05, 0x00, 0xFE, 0x07, 0x00, 0x00, 0xFA, 0x01, 0x03, 0x9A, 0x09, 0x02, 0x80, 0xB9, 0x00, 0x04,
    0x03, 0x0F, 0x00, 0x3D, 0x02, 0x82, 0x01, 0x0F, 0x00, 0x2F, 0x00, 0x88, 0x07, 0x00, 0x00, 0x80,
    0x13, 0x07, 0x88, 0x09, 0x01, 0x80, 0x19, 0x05, 0x08, 0x03, 0x11, 0x90, 0x03, 0x02, 0x00, 0x49,
    0x18, 0xF8, 0x2F, 0x03, 0x00, 0x3B, 0x00, 0x02, 0xD6, 0x0D, 0x05, 0x00, 0x05, 0x06, 0x06, 0x0F,
    0x08, 0x96, 0x09, 0x07, 0x78, 0x2F, 0x05, 0x00, 0x8D, 0x00, 0x08, 0x05, 0x14, 0x00, 0x39, 0x00,
    0x05, 0x02, 0x01, 0x00, 0x88, 0x3D, 0x02, 0x80, 0x17, 0x01, 0x80, 0x1B, 0x05, 0x00, 0x45, 0x04,
    0xD6, 0x27, 0x05, 0x00, 0x5D, 0x00, 0x04, 0x03, 0x00, 0x05, 0x00, 0x0B, 0x1D, 0xCA, 0x0D, 0x05,
    0x00, 0xFF, 0x05, 0x00, 0x6B, 0x01, 0x80, 0x17, 0x05, 0x00, 0x4F, 0x00, 0x04, 0x07, 0x11, 0x94,
    0x13, 0x00, 0x00, 0x04, 0x0B, 0x0C, 0xA8, 0x1D, 0x03, 0x16, 0x25, 0x16, 0x68, 0x0D, 0x0A, 0x00,
    0x11, 0x03, 0x80, 0x09, 0x02, 0x78, 0x35, 0x0F, 0x00, 0x8D, 0x00, 0x05, 0x00, 0x35, 0x18, 0xF8,
    0x03, 0x0C, 0x80, 0x37, 0x00, 0x80, 0x25, 0x02, 0x88, 0x05, 0x01, 0x80, 0x0D, 0x05, 0x00, 0x0D,
    0x0C, 0x90, 0x11, 0x00, 0x02, 0x00, 0x31, 0x00, 0x18, 0x0B, 0x02, 0xC0, 0x27, 0x14, 0x82, 0x1B,
    0x00, 0x14, 0x0B, 0x02, 0xEA, 0x19, 0x02, 0x7E, 0x07, 0x05, 0x00, 0x17, 0x10, 0x04, 0xF8, 0x39,
    0x0F, 0x00, 0x8F, 0x05, 0x00, 0x33, 0x02, 0x7E, 0x03, 0x1F, 0x02, 0x80, 0x3A, 0x00, 0x80, 0x21,
    0x0A, 0x08, 0x0F, 0x00, 0x01, 0x92, 0x0B, 0x04, 0x2A, 0x07, 0x1B, 0x98, 0x19, 0x00, 0x14, 0x0B,
    0x16, 0x7E, 0x31, 0x07, 0xCC, 0x27, 0x02, 0xEE, 0x1D, 0x0A, 0x3E, 0x1B, 0x00, 0x05, 0x00, 0x15,
    0x05, 0x04, 0x09, 0x05, 0x00, 0xC5, 0x02, 0x02, 0x09, 0x05, 0x00, 0x71, 0x00, 0x80, 0x21, 0x0F,
    0x08, 0x09, 0x16, 0x82, 0x0B, 0x00, 0x05, 0x00, 0x15, 0x02, 0x00, 0x3B, 0x00, 0x18, 0x0B, 0x05,
    0x00, 0x89, 0x00, 0xFE, 0x0B, 0x05, 0x00, 0xFF, 0x05, 0x00, 0x6D, 0x02, 0x7E, 0x11, 0xC0, 0x05,
    0x00, 0x67, 0x00, 0x2E, 0x1B, 0x1B, 0xBE, 0x2F, 0x00, 0x94, 0x15, 0x16, 0x70, 0x0B, 0x07, 0x7E,
    0x0F, 0xBD, 0x7B, 0x00, 0x02, 0x7A, 0x03, 0x02, 0x00, 0x3D, 0x0C, 0x80, 0x85, 0x14, 0x00, 0x3D,
    0x0F, 0x00, 0x35, 0x16, 0xF8, 0x2D, 0x0A, 0x08, 0x09, 0x09, 0x14, 0x11, 0x00, 0x16, 0x90, 0x15,
    0x04, 0xC0, 0x31, 0x02, 0x58, 0x1D, 0x00, 0x28, 0x0D, 0x0A, 0x52, 0x17, 0x00, 0x10, 0x07, 0x0C,
    0xC8, 0x1D, 0x00, 0x04, 0x05, 0x20, 0x02, 0x80, 0x07, 0x17, 0x76, 0x0B, 0x0E, 0xF0, 0x3D, 0x02,
    0x80, 0x8D, 0x1F, 0xF8, 0x0B, 0x64, 0x02, 0x80, 0x3A, 0x00, 0x04, 0x01, 0x00, 0x00, 0x80, 0x35,
    0x02, 0x80, 0x2D, 0x01, 0x96, 0x13, 0x02, 0x80, 0x11, 0x02, 0x00, 0x33, 0x04, 0xCA, 0x1D, 0x02,
    0x9C, 0x21, 0x07, 0xF8, 0x29, 0x00, 0x00, 0x04, 0x0D, 0x00, 0xC8, 0x05, 0x00, 0xD6, 0x03, 0x00,
    0xE8, 0x0F, 0x02, 0x80, 0xC5, 0x1A, 0xF8, 0x0D, 0x11, 0x80, 0x37, 0x05, 0x02, 0x03, 0x0C, 0x05,
    0x00, 0x65, 0x01, 0x96, 0x11, 0x4C, 0x3D, 0x19, 0x08, 0x05, 0x1E, 0x10, 0x05, 0x02, 0x00, 0x37,
    0x11, 0x76, 0x23, 0x00, 0x00, 0x04, 0x03, 0x05, 0x00, 0x0F, 0x0C, 0xB2, 0x1B, 0x00, 0x12, 0x21,
    0x05, 0x00, 0x07, 0x00, 0xD6, 0x01, 0x05, 0x00, 0x11, 0x07, 0x82, 0x03, 0x00, 0x05, 0x00, 0xFF,
    0x02, 0x82, 0x03, 0x05, 0x00, 0x73, 0x02, 0x7E, 0x0B, 0x05, 0x00, 0x21, 0x0A, 0x0A, 0x2D, 0x00,
    0x18, 0x0B, 0x02, 0x6A, 0x07, 0x00, 0x13, 0xF0, 0x07, 0x07, 0xE2, 0x1B, 0x19, 0x20, 0x29, 0x00,
    0x08, 0x01, 0x04, 0xF8, 0x09, 0x00, 0xD6, 0x07, 0x00, 0xEC, 0x07, 0x04, 0xF8, 0x45, 0x00, 0x0F,
    0x00, 0x8D, 0x05, 0x00, 0x35, 0x0C, 0x80, 0x35, 0x0C, 0x74, 0x09, 0x00, 0x78, 0x31, 0x0A, 0x08,
    0x09, 0x01, 0xA8, 0x0B, 0x00, 0x12, 0x03, 0x00, 0x0C, 0x88, 0x1B, 0x02, 0x00, 0x17, 0x00, 0x2E,
    0x0B, 0x0A, 0x3A, 0x29, 0x19, 0x60, 0x27, 0x00, 0x94, 0x19, 0x04, 0xF8, 0x09, 0x05, 0xD6, 0x07,
    0x00, 0x02, 0x82, 0x07, 0x02, 0x80, 0xDB, 0x05, 0x00, 0x2F, 0x11, 0x80, 0x35, 0x16, 0x78, 0x09,
    0x02, 0x80, 0x39, 0x02, 0x7E, 0x09, 0x04, 0x2A, 0x09, 0x00, 0x11, 0x88, 0x19, 0x07, 0x94, 0x3B,
    0x00, 0x0C, 0x03, 0x05, 0x00, 0x0B, 0x00, 0x04, 0x17, 0x00, 0x6C, 0x1D, 0x00, 0x7A, 0x0D, 0x05,
    0x00, 0x0D, 0x40, 0x00, 0xD8, 0x03, 0x05, 0x00, 0xD9, 0x07, 0x82, 0x0B, 0x05, 0x00, 0x6B, 0x1B,
    0xF8, 0x37, 0x02, 0x7C, 0x01, 0xBB, 0x14, 0x10, 0x04, 0x00, 0x04, 0x2A, 0x11, 0x05, 0x00, 0x25,
    0x1B, 0x32, 0x29, 0x02, 0x64, 0x27, 0x05, 0x00, 0x45, 0x0F, 0xE4, 0x03, 0x05, 0x00, 0xFF, 0x00,
    0x04, 0x17, 0x80, 0x05, 0x00, 0x7F, 0x07, 0x82, 0x0F, 0x05, 0x00, 0x67, 0x07, 0xAC, 0x2D, 0x0A,
    0x28, 0x1B, 0x0A, 0x00, 0x09, 0x00, 0xD6, 0x13, 0x4C, 0x01, 0x3D, 0x01, 0xF8, 0x45, 0x02, 0xC8,
    0x05, 0x0C, 0x80, 0x0D, 0x01, 0x58, 0x05, 0x00, 0x20, 0x05, 0x00, 0x10, 0x45, 0x14, 0xB0, 0x05,
    0x00, 0x00, 0x20, 0x0D, 0x05, 0x00, 0x0D, 0x00, 0x80, 0x65, 0x04, 0xF8, 0x35, 0x00, 0x04, 0x0D,
    0x05, 0x00, 0x1B, 0x1E, 0x08, 0x0D, 0x02, 0x00, 0x1F, 0x80, 0x00, 0x1C, 0x0F, 0x11, 0xC0, 0x23,
    0x16, 0x76, 0x2D, 0x00, 0x56, 0x15, 0x0A, 0x00, 0x11, 0x14, 0xE2, 0x09, 0x02, 0x80, 0x8B, 0xBD,
    0x01, 0x7B, 0x02, 0x20, 0x3D, 0x0F, 0x00, 0x0D, 0x00, 0x80, 0x65, 0x04, 0xF8, 0x35, 0x00, 0x04,
    0x0D, 0x05, 0x00, 0x0D, 0x01, 0xA8, 0x05, 0x00, 0x16, 0x88, 0x11, 0x16, 0x16, 0x3F, 0x07, 0x98,
    0x3D, 0x07, 0xEE, 0x1F, 0x05, 0x00, 0x13, 0x00, 0xD6, 0x05, 0x05, 0x00, 0x63, 0x08, 0xD8, 0x01,
    0x00, 0x04, 0x80, 0x4D, 0x00, 0x10, 0x15, 0x05, 0x00, 0x11, 0x00, 0x80, 0x61, 0x0F, 0x00, 0x05,
    0x01, 0x48, 0x3D, 0x01, 0xA8, 0x05, 0x01, 0xA6, 0x03, 0x00, 0x04, 0x2A, 0x07, 0x14, 0x08, 0x0D,
    0x00, 0x04, 0x03, 0x09, 0xEE, 0x31, 0x1B, 0x8C, 0x2B, 0x00, 0x14, 0x07, 0x05, 0x00, 0xE1, 0x00,
    0x10, 0x29, 0x00, 0x07, 0x02, 0x03, 0x05, 0x00, 0x4B, 0x00, 0x80, 0x37, 0x05, 0x00, 0x4B, 0x04,
    0x24, 0x05, 0x05, 0x00, 0x0B, 0x07, 0x80, 0x0F, 0x00, 0x04, 0x07, 0x00, 0x05, 0x00, 0x3D, 0x1D,
    0xE2, 0x3B, 0x00, 0x7E, 0x17, 0x05, 0x00, 0x09, 0x00, 0xD6, 0x09, 0x01, 0x38, 0x05, 0x01, 0x28,
    0x35, 0x00, 0x40, 0x05, 0x00, 0x02, 0xD6, 0x0B, 0x1F, 0x4C, 0x07, 0x12, 0xC2, 0x0D, 0x01, 0x56,
    0x13, 0x03, 0xEA, 0x07, 0x00, 0x16, 0x0D, 0x03, 0x2A, 0x0F, 0x00, 0x16, 0x21, 0x00, 0x00, 0x80,
    0x7F, 0x0D, 0xD0, 0x3D, 0x0A, 0x58, 0x05, 0x00, 0x6A, 0x0D, 0x05, 0x00, 0x13, 0x02, 0x00, 0x1F,
    0x00, 0x04, 0x07, 0x02, 0x54, 0x27, 0x00, 0x0F, 0x00, 0x43, 0x00, 0x0C, 0x03, 0x1D, 0xF8, 0x09,
    0x01, 0x2A, 0x09, 0x02, 0x80, 0x45, 0x07, 0xD6, 0x11, 0x00, 0x6A, 0x0B, 0x00, 0x16, 0x29, 0x00,
    0x19, 0x9A, 0x0D, 0x00, 0x28, 0x07, 0x15, 0x98, 0x15, 0x00, 0x80, 0x8D, 0x02, 0x80, 0x3D, 0x00,
    0x40, 0x05, 0x0A, 0x00, 0x17, 0x02, 0x6C, 0x37, 0x00, 0x00, 0x28, 0x19, 0x05, 0x02, 0x0B, 0x19,
    0x00, 0x3F, 0x05, 0x00, 0x11, 0x01, 0x2A, 0x09, 0x02, 0x80, 0x41, 0x09, 0x58, 0x01, 0x01, 0xC0,
    0x33, 0x00, 0x01, 0xFE, 0x0F, 0x01, 0xD6, 0x13, 0x02, 0x40, 0x55, 0x00, 0x80, 0x57, 0x02, 0x80,
    0x45, 0x05, 0x00, 0x0F, 0x07, 0x7E, 0x01, 0x19, 0x00, 0x27, 0x00, 0x05, 0x00, 0x31, 0x1B, 0x7E,
    0x1F, 0x00, 0x04, 0x0F, 0x05, 0x00, 0x27, 0x01, 0x56, 0x0B, 0x05, 0x00, 0x67, 0x01, 0xD6, 0x29,
    0x02, 0x40, 0x3B, 0x00, 0x00, 0x80, 0x81, 0x02, 0x80, 0x3F, 0x07, 0x82, 0x03, 0x0F, 0x00, 0x25,
    0x05, 0x00, 0x45, 0x00, 0x04, 0x0F, 0x1E, 0x68, 0x33, 0x00, 0x16, 0x05, 0x00, 0x12, 0x30, 0x05,
    0x01, 0x40, 0x15, 0x01, 0x28, 0x35, 0x1C, 0xA8, 0x09, 0x09, 0x80, 0x17, 0x02, 0x40, 0x49, 0x02,
    0x56, 0x29, 0x00, 0x80, 0x87, 0x00, 0x01, 0x60, 0x3D, 0x00, 0x80, 0x15, 0x01, 0xD8, 0x01, 0x02,
    0x88, 0x07, 0x0E, 0xFC, 0x1B, 0x0C, 0x56, 0x0D, 0x11, 0x7E, 0x3B, 0x00, 0x04, 0x0B, 0x00, 0x00,
    0x38, 0x0D, 0x00, 0x6C, 0x03, 0x00, 0x16, 0x07, 0x03, 0x30, 0x03, 0x04, 0xF8, 0x09, 0x01, 0x1C,
    0x07, 0x03, 0xA8, 0x39, 0x04, 0xF8, 0x0B, 0x00, 0x01, 0x86, 0x09, 0x00, 0x6A, 0x15, 0x00, 0x16,
    0x17, 0x17, 0x0A, 0x0B, 0x00, 0x16, 0x11, 0x1D, 0x0E, 0x0B, 0x00, 0x6A, 0x19, 0x00, 0x80, 0x8D,
    0x00, 0x01, 0x60, 0x43, 0x00, 0x80, 0x0F, 0x04, 0x56, 0x03, 0x07, 0x88, 0x03, 0x02, 0x00, 0x19,
    0x18, 0xDC, 0x1B, 0x18, 0xD0, 0x33, 0x00, 0x14, 0x0B, 0x00, 0x00, 0x12, 0x1B, 0x05, 0x00, 0x09,
    0x01, 0x40, 0x11, 0x03, 0xA0, 0x43, 0x01, 0xD6, 0x1D, 0x02, 0x40, 0x45, 0x02, 0x2A, 0x13, 0x00,
    0x80, 0x99, 0x00, 0x01, 0x60, 0x39, 0x0B, 0x58, 0x01, 0x00, 0x80, 0x15, 0x05, 0x00, 0x07, 0x02,
    0x12, 0x1F, 0x02, 0x94, 0x0F, 0x00, 0x04, 0x47, 0x0A, 0x76, 0x17, 0x00, 0x05, 0x00, 0x11, 0x01,
    0x40, 0x0F, 0x05, 0x00, 0x6B, 0x04, 0x6A, 0x1F, 0x01, 0xD6, 0x13, 0x02, 0x40, 0x5B, 0x00, 0x80,
    0x59, 0x01, 0x60, 0x3F, 0x00, 0x00, 0x80, 0x13, 0x05, 0x00, 0x15, 0x02, 0x00, 0x0D, 0x04, 0xBC,
    0x2F, 0x00, 0x40, 0x3B, 0x00, 0x1A, 0x0D, 0x05, 0x00, 0x0D, 0x01, 0x56, 0x0D, 0x00, 0x15, 0x20,
    0x37, 0x01, 0xC0, 0x1B, 0x0C, 0xF0, 0x05, 0x00, 0x80, 0x05, 0x00, 0x0E, 0x09, 0x00, 0x16, 0x2F,
    0x00, 0x1C, 0x07, 0x00, 0x16, 0x11, 0x00, 0x00, 0x2C, 0x13, 0x00, 0x80, 0x6B, 0x07, 0xC0, 0x1D,
    0x19, 0x08, 0x3B, 0x05, 0x00, 0x19, 0x02, 0x02, 0x13, 0x1B, 0x76, 0x39, 0x02, 0x7E, 0x17, 0x00,
    0x19, 0x0A, 0x2F, 0x0A, 0x00, 0x13, 0x01, 0x2A, 0x07, 0x1F, 0x20, 0x39, 0x01, 0x14, 0x0B, 0x04,
    0x2C, 0x0B, 0x02, 0x2A, 0x35, 0x02, 0x40, 0x45, 0x00, 0x00, 0x80, 0x6D, 0x01, 0x00, 0x0D, 0x11,
    0xC8, 0x0B, 0x03, 0xE8, 0x3B, 0x00, 0x54, 0x09, 0x19, 0x08, 0x0B, 0x16, 0x88, 0x11, 0x0E, 0xFC,
    0x3D, 0x00, 0x05, 0x00, 0x13, 0x1B, 0xC8, 0x25, 0x05, 0x00, 0x25, 0x00, 0xD6, 0x05, 0x05, 0x00,
    0x41, 0x02, 0xD6, 0x0F, 0x02, 0x80, 0x01, 0x02, 0x2A, 0x33, 0x40, 0x04, 0x80, 0x1B, 0x02, 0x40,
    0x51, 0x00, 0x80, 0x43, 0x01, 0x00, 0x0D, 0x01, 0x6A, 0x0D, 0x05, 0x00, 0x39, 0x4D, 0x01, 0x6A,
    0x10, 0x00, 0x0A, 0x00, 0x19, 0x05, 0x00, 0x53, 0x1E, 0x34, 0x27, 0x0F, 0x00, 0x1F, 0x00, 0x08,
    0x03, 0x05, 0x00, 0x43, 0x09, 0x00, 0x13, 0x02, 0x40, 0x51, 0x00, 0x02, 0x2A, 0x21, 0x02, 0xC0,
    0x59, 0x00, 0x80, 0x19, 0x01, 0x00, 0x0D, 0x05, 0x00, 0x7B, 0x04, 0xAE, 0x29, 0x00, 0x28, 0x11,
    0x0F, 0x00, 0x3F, 0x00, 0x05, 0x00, 0x11, 0x00, 0xC0, 0x09, 0x16, 0x78, 0x35, 0x1A, 0x18, 0x09,
    0x05, 0x00, 0x11, 0x01, 0xC0, 0x03, 0x08, 0x98, 0x0D, 0x03, 0x62, 0x11, 0x00, 0x00, 0x0C, 0x03,
    0x0B, 0x40, 0x25, 0x08, 0x94, 0x25, 0x1F, 0x3A, 0x35, 0x00, 0x10, 0x07, 0x00, 0x54, 0x1B, 0x00,
    0x58, 0x15, 0x05, 0x08, 0x07, 0x00, 0x05, 0x00, 0x13, 0x01, 0x70, 0x35, 0x1E, 0x08, 0x05, 0x05,
    0x00, 0x29, 0x09, 0xAA, 0x17, 0x01, 0x16, 0x23, 0x0C, 0x68, 0x2D, 0x01, 0x40, 0x19, 0x00, 0x05,
    0x00, 0x07, 0x04, 0xB0, 0x0B, 0x02, 0x80, 0x3D, 0x0D, 0x96, 0x0B, 0x05, 0x54, 0x07, 0x04, 0x16,
    0x05, 0x00, 0xB0, 0x2B, 0x00, 0x26, 0x0B, 0x00, 0x01, 0xFE, 0x25, 0x10, 0x52, 0x1B, 0x0E, 0x04,
    0x39, 0x00, 0x4C, 0x19, 0x00, 0x72, 0x13, 0x1F, 0x60, 0x0B, 0x1E, 0x12, 0x0B, 0x02, 0x94, 0x01,
    0x00, 0x01, 0x70, 0x3D, 0x00, 0x50, 0x09, 0x06, 0x60, 0x05, 0x0F, 0x00, 0x1B, 0x00, 0xA2, 0x0B,
    0x03, 0xA6, 0x27, 0x0C, 0x56, 0x21, 0x14, 0x00, 0x37, 0x00, 0x00, 0x04, 0x05, 0x05, 0x00, 0x3F,
    0x03, 0xEA, 0x0B, 0x06, 0x18, 0x07, 0x01, 0x88, 0x03, 0x00, 0x94, 0x0B, 0x04, 0x54, 0x29, 0x05,
    0x00, 0x17, 0x00, 0x00, 0x40, 0x0F, 0x06, 0x28, 0x29, 0x00, 0x04, 0x13, 0x00, 0x6A, 0x2D, 0x00,
    0x30, 0x0B, 0x03, 0xE8, 0x0D, 0x05, 0x00, 0x05, 0x06, 0x1A, 0x0D, 0x00, 0x01, 0x70, 0x41, 0x01,
    0x6A, 0x0B, 0x14, 0x00, 0x25, 0x00, 0x0C, 0x03, 0x1E, 0x0A, 0x2B, 0x05, 0x00, 0x53, 0x09, 0xAC,
    0x0B, 0x05, 0x00, 0x43, 0x00, 0x03, 0xEA, 0x0F, 0x02, 0xEC, 0x01, 0x07, 0x80, 0x0F, 0x00, 0x04,
    0x07, 0x01, 0xC0, 0x0F, 0x02, 0x02, 0x29, 0x05, 0x00, 0x51, 0x00, 0x04, 0x0F, 0x00, 0x07, 0xE8,
    0x25, 0x03, 0xE8, 0x0F, 0x05, 0x00, 0x51, 0x07, 0x82, 0x03, 0x05, 0x00, 0x6B, 0x00, 0x56, 0x3B,
    0x00, 0x30, 0x09, 0x05, 0x00, 0x15, 0x00, 0x08, 0x58, 0x05, 0x15, 0x18, 0x39, 0x01, 0x10, 0x0D,
    0x07, 0x78, 0x19, 0x02, 0x40, 0x2F, 0x00, 0x04, 0x13, 0x06, 0x00, 0x2D, 0x04, 0x00, 0x0B, 0x00,
    0x12, 0xC0, 0x2D, 0x0A, 0xA8, 0x19, 0x00, 0x42, 0x13, 0x06, 0x00, 0x05, 0x05, 0x00, 0x0D, 0x16,
    0x88, 0x3F, 0x05, 0x00, 0x15, 0x00, 0xC0, 0x13, 0x00, 0x05, 0xA8, 0x15, 0x14, 0x00, 0x3B, 0x00,
    0x14, 0x0B, 0x01, 0x68, 0x0F, 0x14, 0x00, 0x21, 0x00, 0xC0, 0x03, 0x01, 0x10, 0x3D, 0x0A, 0x00,
    0x0B, 0x00, 0x16, 0x70, 0x07, 0x00, 0x82, 0x07, 0x03, 0x40, 0x3B, 0x00, 0x04, 0x0B, 0x06, 0x00,
    0x37, 0x03, 0xC0, 0x39, 0x00, 0x14, 0x0B, 0x00, 0x6A, 0x23, 0x00, 0x0B, 0x00, 0x05, 0x05, 0x00,
    0x0D, 0x02, 0x80, 0x41, 0x05, 0x00, 0x11, 0x07, 0x34, 0x31, 0x00, 0x04, 0x0B, 0x16, 0x7E, 0x35,
    0x05, 0x00, 0x2B, 0x00, 0x1A, 0x18, 0x51, 0x05, 0x00, 0x19, 0x01, 0xC0, 0x2D, 0x1F, 0x26, 0x25,
    0x0C, 0x40, 0x3F, 0x00, 0x04, 0x07, 0x00, 0x6A, 0x29, 0x01, 0x96, 0x25, 0x00, 0x02, 0x18, 0x05,
    0x05, 0x00, 0x49, 0x1E, 0x08, 0x01, 0x08, 0xE8, 0x0F, 0x05, 0x00, 0x47, 0x01, 0x2E, 0x27, 0x06,
    0x40, 0x2F, 0x05, 0x00, 0x17, 0x00, 0x07, 0x82, 0x03, 0x05, 0x00, 0x57, 0x00, 0x04, 0x0B, 0x08,
    0x96, 0x3B, 0x05, 0x00, 0x73, 0x0A, 0xA8, 0x21, 0x05, 0x00, 0x23, 0x07, 0x80, 0x43, 0x00, 0x05,
    0x00, 0x19, 0x00, 0x04, 0x0F, 0x08, 0xDE, 0x25, 0x13, 0x1C, 0x17, 0x00, 0x04, 0x23, 0x02, 0x98,
    0x1B, 0x0F, 0x00, 0x4D, 0x1F, 0x98, 0x15, 0x00, 0x05, 0x00, 0x09, 0x02, 0x40, 0x93, 0x00, 0x2A,
    0x13, 0x0B, 0x6A, 0x2D, 0x00, 0x58, 0x1D, 0x0A, 0x00, 0x15, 0x15, 0x70, 0x41, 0x0F, 0x00, 0x17,
    0x00, 0x12, 0xD2, 0x21, 0x16, 0x7A, 0x35, 0x00, 0x12, 0x33, 0x02, 0x80, 0x0D, 0x1A, 0x20, 0x07,
    0x02, 0x80, 0x41, 0x11, 0x7A, 0x03, 0x18, 0xF6, 0x09, 0x00, 0x0C, 0x80, 0x15, 0x01, 0xE0, 0x21,
    0x0A, 0xC8, 0x1B, 0x00, 0x04, 0x13, 0x01, 0x64, 0x1D, 0x13, 0xB2, 0x1B, 0x17, 0xE0, 0x37, 0x05,
    0x0A, 0x13, 0x30, 0x00, 0x1E, 0x07, 0x0F, 0x08, 0x07, 0x01, 0x6E, 0x09, 0x02, 0x80, 0x3D, 0xBD,
    0x7B, 0x1C, 0xE2, 0x09, 0x16, 0x80, 0x0B, 0x00, 0x0C, 0x60, 0x2F, 0x00, 0x04, 0x03, 0x0E, 0x0C,
    0x23, 0x10, 0x76, 0x31, 0x17, 0x98, 0x0F, 0x1A, 0x20, 0x09, 0x00, 0x04, 0x03, 0x08, 0x58, 0x05,
    0x00, 0x1B, 0x78, 0x31, 0x02, 0x82, 0x0B, 0x07, 0x80, 0x0B, 0x01, 0xC0, 0x25, 0x00, 0x14, 0x07,
    0x15, 0xDC, 0x1F, 0x00, 0x04, 0x13, 0x02, 0x18, 0x1D, 0x60, 0x02, 0x2A, 0x1B, 0x00, 0x04, 0x0B,
    0x05, 0x20, 0x31, 0x00, 0xEA, 0x13, 0x07, 0x80, 0x11, 0x4C, 0x3D, 0x12, 0xF0, 0x43, 0x08, 0x01,
    0xC2, 0x09, 0x07, 0x80, 0x15, 0x08, 0xE4, 0x3B, 0x04, 0x05, 0x00, 0x3C, 0x00, 0x1A, 0x0F, 0x05,
    0x00, 0x57, 0x01, 0x56, 0x01, 0x00, 0x05, 0x00, 0x4B, 0x0A, 0xE2, 0x29, 0x1A, 0x76, 0x3B, 0x05,
    0x00, 0x3F, 0x00, 0x40, 0x13, 0x0B, 0x70, 0x01, 0x05, 0x00, 0x51, 0x17, 0xF0, 0x03, 0xC0, 0x05,
    0x00, 0x1F, 0x1C, 0xA2, 0x3B, 0x09, 0xFA, 0x2B, 0x18, 0x36, 0x23, 0x05, 0x00, 0x15, 0x0B, 0x10,
    0x1D, 0x65, 0x7F, 0x0B, 0x65, 0x7F, 0x00, 0x04, 0x09, 0x64, 0x00, 0x04, 0x04, 0x00, 0x10, 0x05,
    0x05, 0x00, 0x0D, 0x01, 0x68, 0x05, 0x00, 0x1B, 0x80, 0x0B, 0x02, 0x40, 0x3B, 0x08, 0xBA, 0x25,
    0x02, 0xC0, 0x0F, 0x07, 0xD2, 0x1F, 0x1D, 0x36, 0x3F, 0x00, 0x16, 0x0B, 0x10, 0x68, 0x09, 0x80,
    0x04, 0xAC, 0x0D, 0x12, 0xF0, 0x45, 0x11, 0x80, 0x1D, 0x1A, 0x36, 0x3F, 0x09, 0x00, 0x4F, 0x05,
    0x00, 0x15, 0x01, 0x10, 0x03, 0xBD, 0x01, 0x7B, 0x02, 0x80, 0x23, 0x02, 0x7E, 0x05, 0x02, 0x82,
    0x07, 0x05, 0x00, 0x0D, 0x1B, 0x8C, 0x05, 0x1B, 0x80, 0x13, 0x08, 0x56, 0x39, 0x00, 0x01, 0x12,
    0x1D, 0x19, 0x06, 0x31, 0x11, 0x60, 0x37, 0x00, 0x3E, 0x15, 0x06, 0x00, 0x05, 0x01, 0x16, 0x03,
    0x03, 0x94, 0x0B, 0x16, 0x80, 0x43, 0x00, 0x01, 0x6E, 0x0B, 0x11, 0x80, 0x0F, 0x17, 0x30, 0x21,
    0x17, 0xF6, 0x2B, 0x12, 0xA0, 0x31, 0x05, 0x00, 0x23, 0x01, 0x10, 0x1F, 0x04, 0xEE, 0x0B, 0x00,
    0x00, 0x0E, 0x07, 0x00, 0x08, 0x05, 0x01, 0x58, 0x03, 0x01, 0x6C, 0x0D, 0x01, 0x18, 0x01, 0x19,
    0x08, 0x17, 0x17, 0x30, 0x1F, 0x15, 0xF6, 0x35, 0x00, 0x00, 0x04, 0x03, 0x05, 0x00, 0x3B, 0x14,
    0x86, 0x0F, 0x01, 0x80, 0x29, 0x1B, 0x80, 0x09, 0x01, 0x16, 0x0F, 0x05, 0x00, 0x79, 0x07, 0x56,
    0x31, 0x00, 0x00, 0x34, 0x1F, 0x01, 0xAA, 0x25, 0x05, 0x00, 0x1B, 0x07, 0x80, 0x25, 0x05, 0x00,
    0x33, 0x10, 0xF6, 0x3F, 0x1D, 0xB2, 0x2D, 0x04, 0xC2, 0x39, 0x00, 0x05, 0x00, 0x3F, 0x12, 0xE8,
    0x03, 0x01, 0x12, 0x05, 0x03, 0xF0, 0x2B, 0x05, 0x00, 0x23, 0x08, 0xE8, 0x09, 0x05, 0x00, 0x1B,
    0x1F, 0x48, 0x29, 0x00, 0x1C, 0xF4, 0x41, 0x04, 0x00, 0x15, 0x05, 0x00, 0x15, 0x02, 0x40, 0x05,
    0x09, 0xD8, 0x0D, 0x04, 0xEA, 0x0F, 0x00, 0x04, 0x03, 0x0F, 0x08, 0x11, 0x00, 0x03, 0xEA, 0x11,
    0x00, 0x16, 0x05, 0x06, 0x90, 0x05, 0x00, 0x80, 0x05, 0x00, 0x0E, 0x09, 0x01, 0xA8, 0x01, 0x00,
    0x16, 0x11, 0x00, 0x2C, 0x13, 0x00, 0x03, 0xEA, 0x05, 0x00, 0x16, 0x39, 0x00, 0x80, 0x5F, 0x10,
    0x16, 0x13, 0x05, 0x00, 0x07, 0x02, 0x78, 0x2D, 0x0D, 0xF0, 0x07, 0x07, 0xC2, 0x03, 0x00, 0x02,
    0xD6, 0x0D, 0x0F, 0x00, 0x11, 0x06, 0x00, 0x49, 0x00, 0x04, 0x07, 0x1A, 0x60, 0x2F, 0x16, 0x80,
    0x15, 0x16, 0x36, 0x07, 0x01, 0x2A, 0x05, 0x23, 0x4C, 0x3D, 0x02, 0x68, 0x0D, 0x02, 0x86, 0x0D,
    0x00, 0x04, 0x03, 0x64, 0x02, 0x80, 0x0E, 0x00, 0x3C, 0x01, 0x00, 0x15, 0x62, 0x09, 0x01, 0x6C,
    0x07, 0x15, 0x20, 0x07, 0x02, 0x40, 0x41, 0x02, 0x2A, 0x2D, 0x02, 0xC0, 0x4D, 0x00, 0x80, 0x25,
    0x01, 0x00, 0x0D, 0x00, 0x03, 0xF0, 0x0D, 0x02, 0x80, 0x39, 0x05, 0x54, 0x11, 0x0F, 0x00, 0x0F,
    0x02, 0x00, 0x13, 0x06, 0x00, 0x29, 0x18, 0xDE, 0x2F, 0x06, 0x7A, 0x0F, 0x00, 0x11, 0xC2, 0x0D,
    0x1B, 0x80, 0x0B, 0x02, 0x2A, 0x0B, 0x00, 0x0E, 0x01, 0x02, 0x6C, 0x11, 0x0E, 0xEE, 0x0F, 0x05,
    0x00, 0x15, 0x00, 0x54, 0x09, 0x00, 0x02, 0xD6, 0x09, 0x05, 0x00, 0x1D, 0x02, 0x40, 0x51, 0x00,
    0x10, 0x05, 0x00, 0x6A, 0x3B, 0x05, 0x00, 0x37, 0x01, 0x00, 0x0B, 0x01, 0x16, 0x0B, 0x01, 0x4C,
    0x05, 0x00, 0x38, 0x00, 0x54, 0x0B, 0x05, 0x00, 0x0D, 0x02, 0x00, 0x1D, 0x11, 0x7E, 0x51, 0x05,
    0x00, 0x9B, 0x00, 0x66, 0x03, 0x00, 0x02, 0x2A, 0x35, 0x02, 0x40, 0x61, 0x00, 0x80, 0x51, 0x15,
    0x16, 0x0F, 0x01, 0x6A, 0x0B, 0x05, 0x00, 0x3B, 0x01, 0x6A, 0x0F, 0x05, 0x00, 0x59, 0x00, 0x18,
    0x0E, 0x23, 0x0B, 0x40, 0x23, 0x05, 0x00, 0x19, 0x00, 0x06, 0x01, 0x02, 0x6C, 0x05, 0x15, 0x18,
    0x3F, 0x04, 0x00, 0x13, 0x00, 0x6A, 0x07, 0x00, 0x00, 0x16, 0x29, 0x01, 0xC0, 0x0F, 0x01, 0xD6,
    0x13, 0x05, 0x80, 0x17, 0x00, 0x80, 0x85, 0x03, 0xC2, 0x03, 0x0B, 0x54, 0x07, 0x1D, 0xF8, 0x33,
    0x00, 0x00, 0x80, 0x0F, 0x0F, 0x00, 0x15, 0x02, 0x02, 0x0B, 0x04, 0xFC, 0x2F, 0x05, 0x40, 0x0B,
    0x15, 0xC0, 0x25, 0x0F, 0x7E, 0x17, 0x05, 0x00, 0x11, 0x00, 0x0B, 0x2A, 0x09, 0x01, 0x1C, 0x05,
    0x02, 0x80, 0x35, 0x1F, 0x62, 0x07, 0x09, 0x00, 0x1B, 0x00, 0x80, 0x15, 0x16, 0xC4, 0x11, 0x00,
    0x54, 0x13, 0x00, 0x00, 0x16, 0x29, 0x00, 0x80, 0x87, 0x06, 0x54, 0x0D, 0x01, 0x60, 0x31, 0x00,
    0x6A, 0x11, 0x05, 0x00, 0x13, 0x0F, 0x00, 0x4B, 0x1D, 0x0E, 0x2D, 0x00, 0x05, 0x00, 0x23, 0x01,
    0x2A, 0x0B, 0x09, 0xEA, 0x05, 0x05, 0x00, 0x3B, 0x00, 0x54, 0x07, 0x01, 0xD6, 0x13, 0x02, 0x40,
    0x55, 0x00, 0x3E, 0x0F, 0x00, 0x00, 0x80, 0x8D, 0x02, 0x80, 0x07, 0x01, 0x6A, 0x03, 0x05, 0x00,
    0x35, 0x0A, 0x00, 0x15, 0x05, 0x00, 0x4F, 0x1C, 0xA8, 0x31, 0x05, 0x00, 0x35, 0x00, 0x0A, 0x00,
    0x07, 0x05, 0x00, 0x73, 0x01, 0xC0, 0x13, 0x00, 0x54, 0x23, 0x02, 0x40, 0x57, 0x00, 0x80, 0x49,
    0x05, 0x00, 0x47, 0x19, 0x00, 0x19, 0x00, 0x05, 0x00, 0x53, 0x15, 0xAA, 0x29, 0x0D, 0x00, 0x1D,
    0x0D, 0xA8, 0x0F, 0x00, 0xD6, 0x03, 0x15, 0x18, 0x35, 0x03, 0xA8, 0x13, 0x06, 0xC0, 0x2F, 0x00,
    0x01, 0xD6, 0x13, 0x02, 0x40, 0x51, 0x00, 0x80, 0x6B, 0x16, 0x38, 0x05, 0x1A, 0x50, 0x0B, 0x0D,
    0xD6, 0x07, 0x16, 0x78, 0x27, 0x00, 0x6A, 0x0B, 0x00, 0x0C, 0xF0, 0x05, 0x02, 0x00, 0x2D, 0x0F,
    0x00, 0x45, 0x14, 0x0E, 0x25, 0x00, 0x10, 0x0B, 0x1C, 0xA0, 0x07, 0x14, 0xCC, 0x09, 0x00, 0x06,
    0x01, 0x00, 0x02, 0x40, 0x03, 0x1E, 0x08, 0x17, 0x02, 0x80, 0x25, 0x01, 0x98, 0x07, 0x16, 0xE4,
    0x09, 0x00, 0x6A, 0x09, 0x00, 0x16, 0x19, 0x01, 0xDA, 0x09, 0x00, 0x00, 0x16, 0x11, 0x09, 0xA0,
    0x09, 0x00, 0x16, 0x0F, 0x15, 0xF4, 0x0B, 0x00, 0x80, 0x83, 0x02, 0x80, 0x0F, 0x05, 0x0A, 0x07,
    0x05, 0x08, 0x21, 0x00, 0x1B, 0x78, 0x0B, 0x1C, 0xE0, 0x09, 0x1F, 0x60, 0x0D, 0x02, 0x00, 0x23,
    0x18, 0xF8, 0x31, 0x00, 0x04, 0x07, 0x1A, 0xCA, 0x27, 0x00, 0x6C, 0x15, 0x00, 0x05, 0x00, 0x07,
    0x01, 0x2A, 0x0B, 0x05, 0x00, 0x47, 0x01, 0xC0, 0x21, 0x02, 0x2A, 0x13, 0x00, 0x2C, 0x1F, 0x02,
    0x40, 0x45, 0x00, 0x80, 0x67, 0x02, 0x02, 0x3C, 0x01, 0xBB, 0x02, 0x80, 0x12, 0x0A, 0x08, 0x23,
    0x05, 0x00, 0x11, 0x15, 0x58, 0x09, 0x02, 0x00, 0x2D, 0x13, 0xF4, 0x3D, 0x00, 0x05, 0x00, 0x5B,
    0x02, 0x80, 0x3F, 0x01, 0xD6, 0x1B, 0x02, 0x40, 0x5B, 0x02, 0x56, 0x1F, 0x00, 0x80, 0x6F, 0x05,
    0x00, 0x53, 0x1D, 0xF8, 0x03, 0x00, 0x05, 0x00, 0x45, 0x18, 0xF4, 0x27, 0x1F, 0xA2, 0x2D, 0x05,
    0x00, 0x15, 0x02, 0x80, 0x01, 0x01, 0x40, 0x13, 0x02, 0x80, 0x35, 0x01, 0x38, 0x15, 0x18, 0x02,
    0x98, 0x05, 0x00, 0x10, 0x15, 0x16, 0xF0, 0x0D, 0xBD, 0x7B, 0x00, 0x22, 0x03, 0x00, 0x40, 0x25,
    0x00, 0x10, 0x3D, 0x00, 0x00, 0x80, 0x55, 0x01, 0x20, 0x1D, 0x0A, 0x08, 0x25, 0x1D, 0xF8, 0x03,
    0x03, 0x14, 0x0F, 0x0A, 0x00, 0x11, 0x02, 0x2C, 0x3F, 0x0E, 0xCC, 0x23, 0x60, 0x1E, 0x4A, 0x39,
    0x17, 0xA8, 0x09, 0x00, 0xD6, 0x0B, 0x00, 0xE8, 0x03, 0x02, 0x80, 0x53, 0xBD, 0x7B, 0x02, 0x00,
    0x23, 0x03, 0x64, 0x7F, 0x02, 0x70, 0x53, 0x00, 0x80, 0x6F, 0x02, 0x80, 0x1F, 0x1A, 0x5C, 0x0B,
    0x02, 0x80, 0x19, 0x0A, 0x80, 0x11, 0x00, 0x05, 0x00, 0x21, 0x13, 0xBC, 0x31, 0x02, 0x6C, 0x39,
    0x11, 0xC6, 0x13, 0x0A, 0x00, 0x23, 0x00, 0x04, 0x05, 0x05, 0x00, 0x6F, 0x1B, 0xE2, 0x0B, 0x00,
    0x01, 0xF0, 0x29, 0x09, 0x58, 0x01, 0x05, 0x00, 0x3F, 0x00, 0x80, 0x53, 0x05, 0x00, 0x23, 0x02,
    0x86, 0x07, 0x1D, 0xF8, 0x1B, 0x05, 0x00, 0x23, 0x00, 0x02, 0x00, 0x21, 0x05, 0x00, 0x81, 0x14,
    0x08, 0x09, 0x08, 0xEA, 0x0D, 0x07, 0x80, 0x7B, 0x04, 0x80, 0x01, 0x07, 0x02, 0x03, 0x07, 0x80,
    0x73, 0x00, 0x00, 0x80, 0x47, 0x05, 0x00, 0xC1, 0x00, 0x04, 0x0F, 0x0F, 0x00, 0x27, 0x02, 0xAA,
    0x15, 0x05, 0x00, 0x1D, 0x0B, 0x30, 0x0D, 0x00, 0x04, 0x5D, 0xBC, 0x04, 0x80, 0x0D, 0x00, 0x40,
    0x2D, 0xDF, 0x67, 0xDF, 0x67, 0x00, 0x04, 0x01, 0x1F, 0x07, 0x06, 0x3F, 0x06, 0x00, 0x04, 0x01,
    0x00, 0x80, 0x6D, 0x01, 0x00, 0x4D, 0x00, 0x0E, 0x05, 0x15, 0x50, 0x0B, 0x00, 0x09, 0x2A, 0x0F,
    0x0F, 0x00, 0x1D, 0x0C, 0x3E, 0x2B, 0x0F, 0x00, 0x63, 0x1B, 0x88, 0x07, 0x05, 0x00, 0x03, 0x15,
    0x36, 0x07, 0x00, 0x0E, 0x07, 0x10, 0x02, 0x80, 0x6D, 0x01, 0x7E, 0x0D, 0x02, 0x80, 0x35, 0x02,
    0x7E, 0x03, 0x1F, 0x02, 0x80, 0x2E, 0x00, 0x80, 0x3D, 0x01, 0x00, 0x4D, 0x00, 0x00, 0x0A, 0x03,
    0x0A, 0x88, 0x07, 0x0F, 0xC6, 0x0B, 0x02, 0x7E, 0x05, 0x14, 0x00, 0x33, 0x19, 0x20, 0x2B, 0x05,
    0x00, 0x55, 0x1C, 0x30, 0x03, 0x00, 0x10, 0x5A, 0x09, 0x00, 0xD6, 0x07, 0x12, 0xB0, 0x0F, 0x05,
    0x00, 0xFF, 0x00, 0x04, 0x5B, 0x05, 0x00, 0x11, 0x00, 0x04, 0x01, 0x1A, 0x50, 0x0F, 0x00, 0x04,
    0x2A, 0x0B, 0x05, 0x00, 0x39, 0x02, 0x40, 0x0F, 0x05, 0x00, 0x45, 0x02, 0xD8, 0x1D, 0x05, 0x00,
    0x15, 0x00, 0xDA, 0x07, 0x05, 0x00, 0xFF, 0x00, 0x02, 0x82, 0x6B, 0x05, 0x00, 0x2F, 0x0A, 0x00,
    0x19, 0x02, 0x00, 0x1F, 0x14, 0x00, 0x2D, 0x00, 0x18, 0x0F, 0x0C, 0x94, 0x29, 0x0A, 0x08, 0x23,
    0x38, 0x15, 0xAA, 0x11, 0x02, 0x88, 0x65, 0x04, 0x80, 0x3D, 0x3F, 0x0A, 0x1F, 0x02, 0x7A, 0x02,
    0x02, 0x88, 0x05, 0x00, 0x05, 0x00, 0xAD, 0x02, 0x90, 0x11, 0x00, 0x04, 0x01, 0x01, 0x96, 0x0B,
    0x04, 0x2A, 0x07, 0x13, 0xF8, 0x15, 0x02, 0x00, 0x2D, 0x0C, 0x6C, 0x23, 0x00, 0x05, 0x56, 0x3B,
    0x00, 0x1A, 0x19, 0x00, 0xC8, 0x05, 0x05, 0xD6, 0x0B, 0x0A, 0x08, 0x6F, 0x01, 0xFE, 0x0B, 0x02,
    0x00, 0x2F, 0x02, 0x7C, 0x01, 0x30, 0x04, 0xF8, 0x01, 0x02, 0x80, 0x35, 0x00, 0x80, 0x3D, 0x03,
    0x90, 0x53, 0x64, 0x7F, 0x01, 0x96, 0x13, 0x04, 0xF8, 0x11, 0x00, 0x02, 0x00, 0x33, 0x00, 0x28,
    0x21, 0x1B, 0xBE, 0x29, 0x00, 0x16, 0x05, 0x11, 0xFC, 0x0B, 0x00, 0x82, 0x17, 0x05, 0x00, 0x15,
    0x03, 0x6A, 0x05, 0x00, 0x05, 0x00, 0xA6, 0x09, 0xF8, 0x04, 0x05, 0x00, 0xC5, 0x07, 0x86, 0x05,
    0x04, 0x18, 0x0F, 0x05, 0x00, 0x23, 0x02, 0x00, 0x25, 0x14, 0x00, 0x27, 0x80, 0x00, 0x28, 0x0B,
    0x0A, 0x56, 0x2D, 0x00, 0x30, 0x0B, 0x00, 0x0A, 0x07, 0x05, 0x00, 0x17, 0x07, 0x82, 0x03, 0x05,
    0x00, 0xA8, 0x0A, 0x00, 0x05, 0x00, 0xE7, 0x1D, 0xF8, 0x11, 0x02, 0x00, 0x33, 0x05, 0x28, 0x33,
    0x0F, 0x00, 0x3F, 0x00, 0x16, 0x05, 0x00, 0xC8, 0x05, 0x00, 0x04, 0x01, 0x00, 0x0C, 0x90, 0x09,
    0x1F, 0xAE, 0x0D, 0x02, 0x88, 0x5D, 0x0F, 0x00, 0xFD, 0x00, 0x04, 0x05, 0x0C, 0x70, 0x09, 0x01,
    0x80, 0x09, 0x0C, 0x70, 0x0B, 0x00, 0x01, 0xB6, 0x07, 0x02, 0x00, 0x3D, 0x00, 0x18, 0x0B, 0x0A,
    0x0E, 0x27, 0x00, 0x18, 0x0B, 0x0C, 0xC8, 0x17, 0x00, 0x2C, 0x1D, 0x02, 0x80, 0x0D, 0x00, 0x16,
    0x8E, 0x07, 0x14, 0xE4, 0x05, 0x05, 0x08, 0x63, 0x10, 0x74, 0x09, 0x02, 0x80, 0x73, 0x00, 0x80,
    0x3B, 0x02, 0x80, 0x51, 0x01, 0x80, 0x09, 0x00, 0x02, 0x80, 0x1B, 0x02, 0x00, 0x37, 0x00, 0x16,
    0x1D, 0x02, 0xA4, 0x2F, 0x08, 0x06, 0x13, 0x02, 0xC0, 0x15, 0x02, 0x7E, 0x07, 0x14, 0x10, 0x09,
    0x00, 0x00, 0xFE, 0x07, 0x01, 0x02, 0x05, 0x02, 0x80, 0x61, 0x02, 0x02, 0x09, 0x11, 0x80, 0x6D,
    0x04, 0xF8, 0x03, 0x00, 0x80, 0x37, 0x02, 0x80, 0x4D, 0x00, 0x01, 0x80, 0x0D, 0x13, 0xF0, 0x0B,
    0x01, 0xB6, 0x07, 0x02, 0x02, 0x0F, 0x02, 0x00, 0x2B, 0x00, 0x04, 0x07, 0x02, 0x6A, 0x23, 0x05,
    0x00, 0x29, 0x00, 0x00, 0x2C, 0x21, 0x05, 0x00, 0x23, 0x07, 0x80, 0x61, 0x05, 0x00, 0xFF, 0x05,
    0x00, 0x17, 0x07, 0x80, 0x1D, 0x02, 0x00, 0x37, 0x05, 0x00, 0x2B, 0x00, 0x0A, 0x38, 0x29, 0x12,
    0x0E, 0x1B, 0x00, 0x04, 0x07, 0x00, 0x28, 0x03, 0x05, 0x00, 0x1D, 0x01, 0x06, 0x05, 0x02, 0x88,
    0x55, 0x09, 0x78, 0x03, 0x00, 0x04, 0x80, 0x37, 0x11, 0x80, 0x3D, 0x09, 0xF8, 0x03, 0x05, 0x00,
    0x77, 0x18, 0xE8, 0x0F, 0x01, 0x80, 0x13, 0x04, 0x2A, 0x05, 0x02, 0x00, 0x4D, 0x00, 0x0F, 0x32,
    0x1D, 0x14, 0x5C, 0x2D, 0x00, 0x7E, 0x25, 0x00, 0x2C, 0x05, 0x05, 0x00, 0x11, 0x0A, 0xFA, 0x03,
    0x03, 0x80, 0x0B, 0x02, 0x80, 0x59, 0x10, 0x01, 0xFE, 0x05, 0x00, 0x04, 0x01, 0x11, 0x80, 0x2F,
    0x16, 0x80, 0x02, 0x0A, 0x02, 0x80, 0x39, 0x00, 0x80, 0x39, 0x02, 0x80, 0x45, 0x00, 0x01, 0x80,
    0x1D, 0x05, 0x00, 0x05, 0x01, 0xC4, 0x0B, 0x02, 0x00, 0x3F, 0x02, 0x7E, 0x0B, 0x0F, 0x2A, 0x15,
    0x00, 0x1C, 0x17, 0x05, 0x56, 0x21, 0x00, 0x0F, 0x9E, 0x19, 0x05, 0x00, 0x13, 0x06, 0x02, 0x0F,
    0x05, 0x00, 0x5F, 0x0E, 0x82, 0x03, 0x05, 0x00, 0x33, 0x14, 0x00, 0x39, 0x00, 0x80, 0x3B, 0x00,
    0x05, 0x00, 0x53, 0x01, 0x80, 0x0F, 0x05, 0x00, 0x09, 0x02, 0x00, 0x49, 0x07, 0x54, 0x21, 0x05,
    0x00, 0x7B, 0x0A, 0x08, 0x5B, 0x05, 0x00, 0x44, 0x00, 0x02, 0x80, 0x3A, 0x05, 0x00, 0x9B, 0x00,
    0x08, 0x03, 0x05, 0x00, 0x5F, 0x16, 0xB4, 0x1D, 0x07, 0xEA, 0x21, 0x00, 0x7A, 0x1B, 0x00, 0x42,
    0x19, 0x00, 0x19, 0x10, 0x07, 0x0B, 0x02, 0x15, 0x01, 0x14, 0x03, 0x02, 0x88, 0x4D, 0x04, 0x78,
    0x03, 0x04, 0x80, 0x37, 0x0F, 0x00, 0x06, 0x1E, 0x08, 0x00, 0x00, 0x0F, 0x00, 0x3B, 0x00, 0x82,
    0x03, 0x0C, 0x70, 0x71, 0x01, 0x6A, 0x11, 0x00, 0x16, 0x05, 0x0C, 0x70, 0x07, 0x02, 0x00, 0x5B,
    0x02, 0xC0, 0x1D, 0x00, 0x02, 0xEA, 0x2D, 0x1B, 0xB8, 0x2D, 0x00, 0xE8, 0x05, 0x01, 0x02, 0x07,
    0x15, 0x0A, 0x09, 0x01, 0x14, 0x07, 0x02, 0x80, 0x51, 0x01, 0xFE, 0x05, 0x00, 0x04, 0x80, 0x31,
    0x0F, 0x00, 0x45, 0x00, 0x80, 0x35, 0x07, 0x78, 0x41, 0x17, 0xF8, 0x09, 0x01, 0x80, 0x0D, 0x04,
    0x18, 0x05, 0x02, 0x00, 0x5D, 0x00, 0x00, 0x04, 0x07, 0x02, 0x82, 0x19, 0x00, 0x14, 0x0B, 0x14,
    0x24, 0x29, 0x07, 0xEE, 0x1D, 0x05, 0x00, 0x07, 0x17, 0x78, 0x05, 0x01, 0x14, 0x0B, 0x00, 0x00,
    0x10, 0x03, 0x07, 0x88, 0x4F, 0x18, 0x7C, 0x07, 0x14, 0x00, 0x3D, 0x0F, 0x08, 0x03, 0x00, 0x80,
    0x6D, 0x05, 0x00, 0x43, 0x01, 0x6A, 0x0F, 0x00, 0x00, 0x06, 0x05, 0x05, 0x00, 0x1D, 0x00, 0x14,
    0x0B, 0x02, 0x00, 0x37, 0x05, 0x00, 0x5F, 0x00, 0x04, 0x0F, 0x00, 0x42, 0x07, 0x0C, 0x88, 0x03,
    0x00, 0x05, 0x00, 0x0B, 0x04, 0xFC, 0x05, 0x1A, 0x0A, 0x03, 0x05, 0x00, 0xA0, 0x07, 0x82, 0x02,
    0x05, 0x00, 0xC7, 0x01, 0x7C, 0x03, 0x05, 0x00, 0x47, 0x00, 0x00, 0x04, 0x0F, 0x02, 0x00, 0x09,
    0x00, 0x18, 0x07, 0x00, 0x16, 0x03, 0x0C, 0xC2, 0x2B, 0x11, 0xB2, 0x1B, 0x0D, 0x00, 0x21, 0x00,
    0x0A, 0x05, 0x00, 0x05, 0x08, 0x09, 0x06, 0x14, 0x13, 0x00, 0x16, 0x0B, 0x01, 0x48, 0x05, 0x02,
    0x98, 0x35, 0x1D, 0x7C, 0x07, 0x14, 0x00, 0x79, 0x05, 0x00, 0x57, 0x00, 0x01, 0x20, 0x0D, 0x03,
    0xD6, 0x13, 0x05, 0x00, 0x0F, 0x16, 0x6C, 0x05, 0x01, 0xA0, 0x03, 0x02, 0x00, 0x67, 0x07, 0x7A,
    0x23, 0x00, 0x32, 0x0B, 0x00, 0x14, 0x30, 0x1F, 0x19, 0x7A, 0x27, 0x00, 0xF8, 0x05, 0x0A, 0x00,
    0x15, 0x00, 0x16, 0x0D, 0x02, 0x80, 0x45, 0x0F, 0x00, 0x79, 0x00, 0x80, 0x39, 0x00, 0x02, 0x80,
    0x2D, 0x01, 0x42, 0x07, 0x01, 0x4E, 0x05, 0x03, 0xD6, 0x0B, 0x07, 0x78, 0x07, 0x1B, 0x68, 0x07,
    0x02, 0x00, 0x69, 0x02, 0xD2, 0x11, 0x80, 0x14, 0x18, 0x17, 0x08, 0x16, 0x39, 0x00, 0xAA, 0x13,
    0x05, 0x00, 0x09, 0x02, 0x7E, 0x0D, 0x01, 0x2A, 0x11, 0x01, 0x60, 0x09, 0xBB, 0x00, 0x02, 0x80,
    0x36, 0x19, 0x00, 0xD7, 0x02, 0x80, 0x0D, 0x03, 0xD6, 0x1B, 0x02, 0x94, 0x07, 0x05, 0x00, 0x15,
    0x02, 0x00, 0x5D, 0x05, 0x00, 0x7D, 0x00, 0x0A, 0x08, 0x07, 0x05, 0x00, 0xFF, 0x05, 0x00, 0x53,
    0x03, 0xD6, 0x21, 0x05, 0x00, 0x7F, 0x00, 0x04, 0x0F, 0x0D, 0x00, 0x57, 0x00, 0xC0, 0x11, 0xC0,
    0x1E, 0xEC, 0x09, 0x0C, 0x98, 0x07, 0x01, 0x2A, 0x11, 0x02, 0xAA, 0x13, 0x01, 0x78, 0x0D, 0x00,
    0x10, 0x0D, 0xBD, 0x7B, 0x00, 0x00, 0x12, 0x03, 0x02, 0x00, 0x03, 0x04, 0x80, 0x07, 0x00, 0x30,
    0x15, 0x00, 0x10, 0x4D, 0x00, 0x80, 0x5D, 0x03, 0xC0, 0x25, 0x00, 0x16, 0x05, 0x00, 0x16, 0x60,
    0x05, 0x01, 0x72, 0x05, 0x01, 0xAA, 0x0F, 0x02, 0x00, 0x6B, 0x00, 0x2A, 0x1B, 0x11, 0xCC, 0x29,
    0x00, 0x14, 0x0B, 0x1E, 0x76, 0x0F, 0x00, 0x00, 0x3E, 0x11, 0x05, 0x08, 0x01, 0x02, 0x7E, 0x09,
    0x16, 0x98, 0x05, 0x17, 0xA4, 0x0B, 0x0B, 0x32, 0x07, 0x02, 0x98, 0x09, 0x00, 0x16, 0x03, 0x30,
    0x01, 0xB0, 0x25, 0x04, 0x80, 0x05, 0x00, 0x04, 0x05, 0x02, 0x00, 0x3B, 0xBD, 0x7B, 0x00, 0x40,
    0x2D, 0x00, 0x80, 0x55, 0x00, 0x01, 0x16, 0x13, 0x16, 0x60, 0x09, 0x00, 0x16, 0x0B, 0x01, 0x6E,
    0x0B, 0x18, 0xE8, 0x0D, 0x00, 0x04, 0x03, 0x02, 0x00, 0x69, 0x00, 0x1E, 0x07, 0x00, 0x05, 0x3C,
    0x29, 0x0F, 0x72, 0x25, 0x00, 0x60, 0x0B, 0x00, 0xD6, 0x11, 0x05, 0x00, 0x0D, 0x01, 0x40, 0x0B,
    0x17, 0xB4, 0x0B, 0x01, 0x56, 0x11, 0x00, 0x01, 0xC0, 0x25, 0x18, 0x7A, 0x07, 0x04, 0x88, 0x03,
    0x00, 0x30, 0x11, 0x0A, 0x58, 0x01, 0x05, 0x10, 0x55, 0x00, 0x80, 0x55, 0x01, 0x2C, 0x13, 0x00,
    0x03, 0xC0, 0x17, 0x01, 0x6E, 0x0B, 0x05, 0x00, 0x09, 0x02, 0x00, 0x73, 0x03, 0x00, 0x2D, 0x16,
    0xF4, 0x3F, 0x0A, 0x08, 0x0D, 0x05, 0x00, 0x0D, 0x00, 0x07, 0x74, 0x03, 0x05, 0x00, 0x47, 0x07,
    0x02, 0x03, 0x04, 0x80, 0x4B, 0x00, 0x10, 0x29, 0x00, 0x80, 0x5B, 0x05, 0x00, 0x1B, 0x03, 0xC0,
    0x0F, 0x00, 0x07, 0x7E, 0x0B, 0x05, 0x00, 0x2F, 0x02, 0x00, 0x4D, 0x00, 0x0A, 0x03, 0x05, 0x2A,
    0x17, 0x1B, 0xF8, 0x25, 0x0A, 0x7A, 0x35, 0x00, 0xEC, 0x03, 0x00, 0x0C, 0x90, 0x07, 0x00, 0x04,
    0x03, 0x07, 0x88, 0x07, 0x05, 0x00, 0x11, 0x00, 0x16, 0x1F, 0x1C, 0xE2, 0x0B, 0x13, 0x08, 0x07,
    0x01, 0xAA, 0x0F, 0x00, 0x01, 0xC0, 0x2D, 0x00, 0x80, 0xB5, 0x02, 0x78, 0x03, 0x04, 0xF8, 0x11,
    0x02, 0x00, 0x7B, 0x1E, 0x34, 0x2D, 0x05, 0x38, 0x17, 0x08, 0x2C, 0x3B, 0x00, 0x06, 0x18, 0x0B,
    0x0C, 0x88, 0x03, 0x15, 0x32, 0x0F, 0x01, 0x68, 0x09, 0x01, 0xD6, 0x0B, 0x11, 0xC8, 0x0B, 0x01,
    0x7E, 0x0D, 0x07, 0xC0, 0x13, 0x00, 0x00, 0x16, 0x17, 0x1A, 0xA2, 0x0B, 0x00, 0x80, 0xC1, 0x03,
    0xD6, 0x03, 0x04, 0xF8, 0x17, 0x02, 0x00, 0x77, 0x0A, 0x2A, 0x1B, 0x05, 0x8A, 0x0B, 0x00, 0x19,
    0x88, 0x3B, 0x03, 0x6A, 0x19, 0x05, 0x00, 0x13, 0x01, 0xC0, 0x25, 0x01, 0xAA, 0x13, 0x01, 0xD6,
    0x17, 0x04, 0x80, 0x0F, 0x01, 0xD6, 0x0B, 0x00, 0x02, 0x40, 0x2D, 0x00, 0x80, 0x9F, 0x05, 0x00,
    0x07, 0x00, 0x08, 0x03, 0x01, 0x82, 0x07, 0x02, 0x00, 0x7D, 0x02, 0xA8, 0x19, 0x05, 0x00, 0x91,
    0x00, 0x06, 0xC0, 0x13, 0x04, 0x80, 0x1F, 0x01, 0xD6, 0x19, 0x04, 0x6A, 0x17, 0x00, 0x80, 0xC5,
    0x05, 0x00, 0x19, 0x02, 0x00, 0x7D, 0x11, 0xCC, 0x2B, 0x00, 0x0D, 0x00, 0x35, 0x1B, 0xFC, 0x0F,
    0x17, 0x6E, 0x0B, 0x00, 0x2C, 0x0B, 0x0D, 0xA8, 0x0D, 0x01, 0x40, 0x05, 0x01, 0xD6, 0x13, 0x01,
    0xC0, 0x29, 0x00, 0x04, 0x80, 0x13, 0x10, 0xC0, 0x1B, 0x04, 0x80, 0x17, 0x00, 0x80, 0x8D, 0x03,
    0xC0, 0x05, 0x11, 0x68, 0x21, 0x02, 0x00, 0x87, 0x00, 0x7A, 0x19, 0x00, 0x11, 0xC2, 0x1B, 0x19,
    0x76, 0x37, 0x19, 0xEC, 0x17, 0x00, 0x04, 0x01, 0x02, 0x7E, 0x0F, 0x01, 0x56, 0x03, 0x01, 0x7E,
    0x0D, 0x01, 0x7A, 0x01, 0x00, 0x06, 0x70, 0x0F, 0x01, 0x94, 0x09, 0x01, 0xDA, 0x07, 0x00, 0x16,
    0x17, 0x01, 0xDA, 0x0D, 0x00, 0x12, 0x0B, 0x00, 0x16, 0x0F, 0x00, 0x80, 0x97, 0x00, 0x03, 0xAA,
    0x07, 0x11, 0x68, 0x11, 0x07, 0x26, 0x31, 0x02, 0x00, 0x5F, 0x19, 0x76, 0x1B, 0x02, 0x2A, 0x1D,
    0x14, 0x7E, 0x37, 0x00, 0x04, 0x03, 0x00, 0x00, 0xE8, 0x13, 0x02, 0x6E, 0x01, 0x05, 0x00, 0x11,
    0x01, 0xC0, 0x3B, 0x09, 0x1A, 0x11, 0x04, 0x54, 0x1D, 0x02, 0x40, 0x49, 0x00, 0x80, 0x5F, 0x00,
    0x05, 0x00, 0x19, 0x06, 0xFA, 0x27, 0x02, 0x00, 0x69, 0x02, 0xBE, 0x2B, 0x03, 0x00, 0x47, 0x00,
    0x04, 0x07, 0x05, 0x00, 0x2F, 0x01, 0xD6, 0x1D, 0x00, 0x10, 0xFE, 0x11, 0x02, 0x40, 0x57, 0x00,
    0x80, 0x89, 0x05, 0x00, 0x4F, 0x00, 0x04, 0x07, 0x02, 0x00, 0x53, 0x02, 0xEA, 0x17, 0x0A, 0x3C,
    0x39, 0x00, 0x00, 0x98, 0x27, 0x03, 0x16, 0x1B, 0x00, 0x1A, 0x0D, 0x0A, 0x16, 0x13, 0x02, 0xAA,
    0x11, 0x00, 0x16, 0x11, 0x00, 0x1A, 0x11, 0x0A, 0x6A, 0x15, 0x00, 0x00, 0x16, 0x39, 0x00, 0x80,
    0x77, 0x0E, 0xA8, 0x21, 0x09, 0x96, 0x17, 0x02, 0x00, 0x71, 0x0D, 0x00, 0x53, 0x1C, 0x42, 0x29,
    0x00, 0xE8, 0x29, 0x00, 0x02, 0x40, 0x65, 0x02, 0x2A, 0x25, 0x00, 0x80, 0x8D, 0x02, 0x1A, 0x1F,
    0x0E, 0xA8, 0x29, 0x02, 0x00, 0x61, 0x09, 0xAC, 0x31, 0x00, 0x04, 0x0F, 0x00, 0x00, 0x1A, 0x25,
    0x05, 0x00, 0x4F, 0x02, 0x2A, 0x3B, 0x02, 0x40, 0x3F, 0x00, 0x80, 0x8B, 0x01, 0x28, 0x03, 0x01,
    0xA8, 0x29, 0x02, 0x00, 0x7D, 0x00, 0x00, 0x82, 0x11, 0x19, 0x7E, 0x2D, 0x00, 0x04, 0x0F, 0x05,
    0x00, 0x91, 0x00, 0x2C, 0x27, 0x02, 0x40, 0x53, 0x00, 0x80, 0x61, 0x01, 0x9C, 0x1F, 0x00, 0x02,
    0x82, 0x21, 0x02, 0x00, 0x6B, 0x0D, 0x00, 0x2B, 0x1E, 0x7E, 0x29, 0x02, 0xFC, 0x17, 0x0D, 0x54,
    0x21, 0x0B, 0x02, 0x37, 0x09, 0x00, 0x2D, 0x00, 0x04, 0x00, 0x59, 0x00, 0x04, 0x0B, 0x0E, 0x16,
    0x39, 0x00, 0x58, 0x27, 0x09, 0xBE, 0x47, 0x02, 0x00, 0x5F, 0x05, 0x30, 0x23, 0x0D, 0x3A, 0x3B,
    0x00, 0x00, 0x58, 0x43, 0x00, 0x10, 0x07, 0x02, 0x60, 0x29, 0x00, 0xEE, 0x25, 0x08, 0x08, 0x2B,
    0x00, 0x04, 0x03, 0x15, 0x8C, 0x29, 0x00, 0x14, 0x07, 0x00, 0x13, 0x06, 0x1B, 0x10, 0x36, 0x29,
    0x00, 0xBE, 0x13, 0x01, 0x80, 0x29, 0x00, 0x2A, 0x0F, 0x02, 0x00, 0x6B, 0x04, 0x20, 0x35, 0x01,
    0x2E, 0x31, 0x00, 0x00, 0x14, 0x0B, 0x03, 0xF8, 0x2D, 0x00, 0x80, 0x3B, 0x00, 0x04, 0x0B, 0x00,
    0x4C, 0x2D, 0x03, 0xF8, 0x29, 0x00, 0x14, 0x0B, 0x04, 0x06, 0x2D, 0x00, 0x05, 0x8A, 0x29, 0x07,
    0x34, 0x21, 0x0C, 0x76, 0x43, 0x02, 0x00, 0x69, 0x06, 0x1E, 0x3B, 0x14, 0xB0, 0x17, 0x06, 0xF6,
    0x25, 0x00, 0x5A, 0x13, 0x00, 0x0F, 0x5E, 0x37, 0x00, 0x58, 0x31, 0x00, 0x04, 0x03, 0x17, 0xAE,
    0x1F, 0x13, 0x0A, 0x33, 0x02, 0xD6, 0x3F, 0x00, 0x58, 0x1F, 0x00, 0x32, 0x0F, 0x00, 0x02, 0x2A,
    0x33, 0x02, 0x00, 0x5D, 0x00, 0xC0, 0x4B, 0x09, 0xB2, 0x2D, 0x02, 0x40, 0x37, 0x02, 0xC0, 0x3B,
    0x04, 0x00, 0x99, 0x08, 0x2A, 0x23, 0x00, 0x00, 0x42, 0x0B, 0x07, 0xD2, 0x2D, 0x00, 0x04, 0x13,
    0x02, 0x00, 0x71, 0x08, 0x16, 0x33, 0x01, 0x40, 0x29, 0x01, 0xC0, 0x17, 0x0B, 0x26, 0x3B, 0x00,
    0x0B, 0x1A, 0x21, 0x09, 0x00, 0x3F, 0x13, 0x0A, 0x3F, 0x0C, 0x76, 0x43, 0x0A, 0xA8, 0x29, 0x12,
    0xE0, 0x37, 0x02, 0x00, 0x6F, 0x01, 0xC0, 0x4F, 0x00, 0x00, 0x04, 0x0F, 0x04, 0xA8, 0x2D, 0x09,
    0x00, 0x33, 0x01, 0x40, 0x2D, 0x02, 0x2A, 0x43, 0x01, 0x56, 0x19, 0x04, 0x96, 0x1F, 0x02, 0xD6,
    0x45, 0x00, 0x1F, 0xD8, 0x27, 0x0C, 0x38, 0x2F, 0x02, 0x00, 0x5B, 0x01, 0xC0, 0x49, 0x08, 0xA8,
    0x1B, 0x01, 0x40, 0x4D, 0x17, 0xA0, 0x3F, 0x05, 0x00, 0xB3, 0x00, 0x15, 0x5E, 0x31, 0x05, 0x00,
    0x51, 0x02, 0x00, 0x43, 0x04, 0x00, 0xF3, 0x00, 0x8E, 0x1B, 0x02, 0x40, 0x4D, 0x00, 0xEA, 0x43,
    0x00, 0x14, 0x0B, 0x00, 0x06, 0x00, 0xD1, 0x0D, 0x92, 0x3D, 0x02, 0x14, 0x13, 0x01, 0xD6, 0x13,
    0x09, 0xFC, 0x4D, 0x1C, 0xB6, 0x4B, 0x00, 0x04, 0x0B, 0x1D, 0x20, 0x3B, 0x00, 0x01, 0xC0, 0x37,
    0x0F, 0x00, 0x31, 0x0F, 0xEA, 0x33, 0x02, 0x00, 0x85, 0x03, 0x00, 0x41, 0x00, 0x04, 0x0F, 0x04,
    0xA8, 0x17, 0x02, 0x2A, 0x2F, 0x00, 0x00, 0xD6, 0x0F, 0x0F, 0xC6, 0x15, 0x00, 0x04, 0x07, 0x01,
    0xD2, 0x37, 0x01, 0xC0, 0x31, 0x00, 0x18, 0x0F, 0x0B, 0xBC, 0x29, 0x02, 0xD6, 0x3B, 0x00, 0x02,
    0xE8, 0x3B, 0x02, 0x00, 0x7D, 0x03, 0x00, 0x4B, 0x00, 0x1A, 0x0F, 0x0C, 0xF0, 0x1F, 0x05, 0x00,
    0x9D, 0x00, 0x6A, 0x31, 0x01, 0xC0, 0x43, 0x00, 0x00, 0x18, 0x0F, 0x05, 0x00, 0x9D, 0x02, 0x00,
    0x2F, 0x0A, 0xAA, 0x3F, 0x04, 0x00, 0x33, 0x01, 0xD6, 0x47, 0x15, 0x2A, 0x37, 0x00, 0x16, 0x0B,
    0x00, 0x10, 0x1A, 0x27, 0x06, 0x00, 0x7F, 0x02, 0x40, 0x47, 0x02, 0x00, 0x75, 0x00, 0x04, 0x07,
    0x0F, 0x18, 0x15, 0x00, 0xD6, 0x4F, 0x07, 0x40, 0x3F, 0x00, 0x0F, 0x00, 0x6B, 0x00, 0x14, 0x0B,
    0x06, 0xE8, 0x31, 0x06, 0x00, 0x3B, 0x00, 0xBE, 0x29, 0x0D, 0x2A, 0x3B, 0x00, 0x0C, 0x03, 0x02,
    0x00, 0x65, 0x00, 0x02, 0x2A, 0x29, 0x03, 0x00, 0x4B, 0x01, 0x04, 0x13, 0x00, 0xD6, 0x4F, 0x00,
    0x04, 0x03, 0x02, 0xD6, 0x2B, 0x05, 0x00, 0x39, 0x04, 0xEA, 0x0F, 0x00, 0x10, 0x00, 0x43, 0x00,
    0x04, 0x0B, 0x0B, 0x00, 0x67, 0x02, 0x00, 0x69, 0x1A, 0xC0, 0x3B, 0x00, 0xD6, 0x3F, 0x05, 0x00,
    0x59, 0x00, 0x04, 0x0B, 0x00, 0x05, 0x00, 0xC9, 0x1B, 0x90, 0x0D, 0x03, 0x40, 0x29, 0x00, 0x04,
    0x0B, 0x02, 0x00, 0x6F, 0x04, 0x00, 0x3D, 0x00, 0x04, 0x0F, 0x04, 0x00, 0x19, 0x00, 0x01, 0x2A,
    0x0F, 0x04, 0x00, 0x9F, 0x0D, 0x40, 0x3F, 0x0B, 0xC0, 0x3B, 0x1C, 0xBC, 0x43, 0x06, 0x00, 0x55,
    0x00, 0x04, 0x0F, 0x02, 0x00, 0x35, 0x00, 0x05, 0x68, 0x17, 0x00, 0x62, 0x0B, 0x01, 0xCE, 0x35,
    0x00, 0xD6, 0x07, 0x1F, 0xCA, 0x51, 0x02, 0x2A, 0x17, 0x00, 0x04, 0x0B, 0x13, 0xCC, 0x29, 0x00,
    0x1C, 0x38, 0x2D, 0x00, 0x18, 0x0F, 0x00, 0x6A, 0x1F, 0x00, 0xAC, 0x03, 0x02, 0x38, 0x35, 0x09,
    0xB0, 0x17, 0x19, 0x62, 0x37, 0x02, 0x00, 0x75, 0x00, 0x00, 0x04, 0x07, 0x01, 0xC0, 0x2B, 0x1D,
    0xA0, 0x2D, 0x00, 0x5A, 0x13, 0x03, 0xE2, 0x29, 0x01, 0xC0, 0x13, 0x02, 0xD6, 0x51, 0x01, 0x40,
    0x13, 0x00, 0x00, 0x04, 0x13, 0x07, 0xCE, 0x49, 0x1B, 0xE0, 0x3F, 0x00, 0x58, 0x31, 0x02, 0x00,
    0x79, 0x09, 0x0E, 0x4F, 0x05, 0x00, 0x51, 0x01, 0x68, 0x23, 0x00, 0x02, 0x2A, 0x2F, 0x01, 0x56,
    0x29, 0x00, 0x56, 0x13, 0x1A, 0xE0, 0x67, 0x0E, 0xB0, 0x23, 0x1B, 0xF6, 0x41, 0x02, 0x00, 0x69,
    0x1F, 0x76, 0x63, 0x00, 0x03, 0x96, 0x39, 0x00, 0x04, 0x07, 0x00, 0x6A, 0x51, 0x01, 0x2A, 0x25,
    0x00, 0x6A, 0x29, 0x06, 0x00, 0xCB, 0x02, 0x00, 0x57, 0x03, 0x96, 0x21, 0x00, 0x0A, 0x56, 0x13,
    0x00, 0x04, 0x07, 0x03, 0xA8, 0x29, 0x1E, 0xE0, 0x45, 0x01, 0x40, 0x53, 0x00, 0xAC, 0x19, 0x19,
    0xA4, 0x37, 0x14, 0xA0, 0x5D, 0x00, 0x02, 0x2A, 0x4D, 0x02, 0x00, 0x67, 0x00, 0x04, 0x03, 0x05,
    0x00, 0x8B, 0x08, 0xA8, 0x25, 0x15, 0x76, 0x43, 0x1A, 0x9E, 0x25, 0x09, 0x00, 0x39, 0x00, 0x01,
    0xC0, 0x07, 0x1E, 0x3A, 0x4D, 0x03, 0xC0, 0x8D, 0x00, 0x04, 0x07, 0x05, 0x00, 0x49, 0x00, 0x04,
    0x03, 0x09, 0x00, 0x35, 0x05, 0x00, 0x71, 0x00, 0x02, 0x56, 0x29, 0x07, 0xD6, 0x51, 0x07, 0x7E,
    0x2D, 0x05, 0x00, 0x9B, 0x00, 0x04, 0x03, 0x02, 0x00, 0x51, 0x00, 0x04, 0x03, 0x00, 0xC0, 0x1B,
    0x00, 0x00, 0x1E, 0x19, 0x04, 0x00, 0xFF, 0x00, 0x04, 0x03, 0x06, 0x00, 0x67, 0x03, 0xD6, 0x37,
    0x16, 0xE0, 0x29, 0x02, 0x00, 0x6B, 0x08, 0xC6, 0x39, 0x00, 0x0B, 0x7E, 0x29, 0x01, 0x02, 0x35,
    0x00, 0x04, 0x03, 0x0C, 0x68, 0x43, 0x00, 0x6A, 0x13, 0x18, 0x54, 0x0F, 0x0D, 0x2A, 0x3B, 0x1A,
    0xB8, 0x25, 0x00, 0x0F, 0x00, 0x35, 0x00, 0xAC, 0x21, 0x17, 0xE0, 0x37, 0x02, 0x00, 0x6F, 0x00,
    0x04, 0x03, 0x04, 0xA8, 0x21, 0x19, 0x76, 0x4B, 0x00, 0x04, 0x03, 0x00, 0x02, 0xD6, 0x63, 0x00,
    0x04, 0x13, 0x01, 0xC0, 0x43, 0x02, 0xD6, 0x49, 0x1B, 0xE0, 0x33, 0x08, 0xA6, 0x35, 0x02, 0x00,
    0x81, 0x01, 0x9C, 0x23, 0x00, 0x06, 0xBC, 0x2D, 0x05, 0x00, 0x55, 0x03, 0x92, 0x2F, 0x05, 0x00,
    0x77, 0x00, 0x04, 0x07, 0x03, 0x40, 0x9B, 0x00, 0x04, 0x13, 0x02, 0x00, 0x61, 0x00, 0x00, 0x2E,
    0x0F, 0x1D, 0xA0, 0x31, 0x04, 0x00, 0x75, 0x01, 0x2A, 0x17, 0x02, 0x40, 0x31, 0x04, 0x00, 0x87,
    0x1C, 0x14, 0x29, 0x02, 0xC0, 0x43, 0x00, 0x02, 0x00, 0x73, 0x08, 0xA8, 0x25, 0x06, 0x18, 0x3F,
    0x08, 0x16, 0x37, 0x00, 0x04, 0x1F, 0x16, 0xE8, 0x4D, 0x16, 0x82, 0x1B, 0x00, 0x14, 0x0B, 0x00,
    0x16, 0x7E, 0x31, 0x00, 0x46, 0x1D, 0x1A, 0xD6, 0x3B, 0x07, 0xC0, 0x43, 0x02, 0x00, 0x63, 0x03,
    0x00, 0x45, 0x00, 0x04, 0x0B, 0x01, 0xC0, 0x3F, 0x00, 0x00, 0x5A, 0x13, 0x00, 0xD6, 0x13, 0x01,
    0x40, 0x3F, 0x00, 0x04, 0x0B, 0x02, 0x2A, 0x17, 0x18, 0xA8, 0x35, 0x00, 0x04, 0x03, 0x0B, 0x00,
    0x81, 0x00, 0x00, 0x58, 0x21, 0x02, 0x00, 0x69, 0x09, 0x00, 0x43, 0x05, 0x00, 0x79, 0x03, 0x40,
    0x93, 0x00, 0x80, 0x3F, 0x05, 0x00, 0x6F, 0x02, 0x00, 0x71, 0x00, 0x09, 0x66, 0x39, 0x04, 0x00,
    0x9F, 0x00, 0x04, 0x0F, 0x04, 0x00, 0x6F, 0x00, 0x58, 0x2F, 0x06, 0x00, 0x89, 0x00, 0x04, 0x0B,
    0x02, 0x00, 0x55, 0x00, 0x15, 0xE0, 0x81, 0x00, 0x04, 0x1B, 0x0D, 0x86, 0x13, 0x09, 0xF8, 0x45,
    0x15, 0x2C, 0x0F, 0x1D, 0xA0, 0x35, 0x00, 0x04, 0x0B, 0x02, 0xCA, 0x2D, 0x00, 0x0D, 0xA2, 0x29,
    0x04, 0xB2, 0x21, 0x17, 0xE0, 0xA9, 0x00, 0x04, 0x03, 0x0A, 0x88, 0x3F, 0x03, 0x9C, 0x13, 0x0D,
    0xCC, 0x25, 0x00, 0x5A, 0x13, 0x00, 0x01, 0x68, 0x13, 0x01, 0x40, 0x49, 0x06, 0x1E, 0x1B, 0x03,
    0x40, 0x37, 0x00, 0x58, 0x31, 0x16, 0x1A, 0x45, 0x02, 0x2A, 0x3F, 0x02, 0x00, 0x5D, 0x00, 0x03,
    0x00, 0x59, 0x04, 0xA8, 0x1F, 0x01, 0x40, 0x33, 0x00, 0xD6, 0x17, 0x01, 0xD2, 0x3F, 0x05, 0x6A,
    0x4D, 0x00, 0xA4, 0x1B, 0x1B, 0xB4, 0x3B, 0x00, 0x03, 0xC0, 0x33, 0x05, 0x00, 0x67, 0x02, 0x00,
    0x21, 0x0E, 0xA0, 0x3B, 0x04, 0x16, 0x29, 0x13, 0xF8, 0x55, 0x00, 0x04, 0x0B, 0x05, 0x6A, 0x21,
    0x00, 0x02, 0xC0, 0x0F, 0x07, 0x7A, 0x1B, 0x03, 0x40, 0x2D, 0x0A, 0xF8, 0x49, 0x05, 0x3E, 0x17,
    0x0A, 0xF8, 0x3B, 0x00, 0x58, 0x1B, 0x00, 0x14, 0x0B, 0x00, 0x02, 0x00, 0x67, 0x00, 0x04, 0x03,
    0x03, 0x00, 0x25, 0x05, 0x9C, 0x29, 0x00, 0xAA, 0x1D, 0x03, 0x66, 0x1F, 0x02, 0xD6, 0x3B, 0x00,
    0x6A, 0x25, 0x00, 0x00, 0x04, 0x17, 0x0B, 0x76, 0x37, 0x00, 0x04, 0x0F, 0x0B, 0xE0, 0x31, 0x0D,
    0x76, 0x55, 0x00, 0x2E, 0x0F, 0x02, 0x00, 0x69, 0x0B, 0xAE, 0x37, 0x00, 0x00, 0x1C, 0x13, 0x00,
    0xD6, 0x3B, 0x19, 0xEE, 0x17, 0x05, 0x00, 0x3F, 0x00, 0x2E, 0x0F, 0x05, 0x00, 0x0F, 0x00, 0x04,
    0x17, 0x02, 0xD6, 0x37, 0x00, 0x13, 0xA0, 0x47, 0x00, 0x40, 0x0F, 0x18, 0xA0, 0x3B, 0x0F, 0x24,
    0x37, 0x02, 0x00, 0x55, 0x00, 0x04, 0x03, 0x01, 0xC0, 0x3B, 0x1E, 0xFA, 0x29, 0x00, 0x0E, 0x16,
    0x3B, 0x01, 0xC0, 0x37, 0x1F, 0xB4, 0x29, 0x05, 0x00, 0xFF, 0x02, 0x00, 0x59, 0x04, 0x00, 0x51,
    0x13, 0xF8, 0x55, 0x00, 0x40, 0x0F, 0x00, 0x02, 0xC0, 0x37, 0x04, 0x00, 0x93, 0x06, 0x00, 0x25,
    0x03, 0x2A, 0x3F, 0x06, 0x00, 0x59, 0x01, 0x54, 0x2D, 0x0B, 0x7E, 0x1F, 0x0F, 0x98, 0x3B, 0x00,
    0x0F, 0xC0, 0x37, 0x00, 0x6A, 0x3F, 0x15, 0x22, 0x31, 0x01, 0xEC, 0x51, 0x00, 0x04, 0x0F, 0x00,
    0xEA, 0x1D, 0x01, 0x96, 0x0D, 0x0D, 0xD6, 0x49, 0x00, 0x00, 0x6A, 0x1B, 0x00, 0x04, 0x13, 0x02,
    0x00, 0x53, 0x0A, 0x02, 0x0B, 0x0E, 0x00, 0x3F, 0x02, 0xFC, 0x35, 0x00, 0x04, 0x07, 0x02, 0xD6,
    0x51, 0x00, 0x02, 0x2A, 0x3F, 0x00, 0x14, 0x0B, 0x09, 0xEE, 0x31, 0x02, 0xD6, 0x21, 0x04, 0xA8,
    0x25, 0x03, 0xC0, 0x37, 0x02, 0xD6, 0x0F, 0x02, 0x00, 0x7B, 0x00, 0x05, 0x00, 0xEB, 0x01, 0x6C,
    0x0D, 0x05, 0x00, 0x99, 0x09, 0x2C, 0x15, 0x00, 0x04, 0x0B, 0x08, 0x2E, 0x33, 0x05, 0x00, 0x87,
    0x04, 0x00, 0x41, 0x00, 0x01, 0xD6, 0x0F, 0x19, 0x58, 0x4B, 0x04, 0x00, 0x5B, 0x1D, 0xE2, 0x39,
    0x06, 0x00, 0x4D, 0x01, 0x16, 0x33, 0x06, 0x00, 0x7D, 0x02, 0x00, 0x47, 0x00, 0x17, 0xC2, 0x31,
    0x00, 0x1C, 0x0D, 0x16, 0x7E, 0x4D, 0x00, 0x6A, 0x17, 0x00, 0x04, 0x13, 0x18, 0x96, 0x3F, 0x00,
    0x04, 0x13, 0x06, 0x00, 0x8F, 0x00, 0x18, 0x7C, 0x25, 0x16, 0x7E, 0x3F, 0x02, 0x00, 0x63, 0x00,
    0x04, 0x03, 0x02, 0x2A, 0x3B, 0x03, 0x00, 0x17, 0x00, 0x04, 0x0B, 0x01, 0x40, 0x3F, 0x00, 0x00,
    0x5A, 0x13, 0x01, 0x40, 0x3B, 0x0B, 0x00, 0xD1, 0x05, 0xEA, 0x17, 0x04, 0x2A, 0x51, 0x02, 0x00,
    0x3B, 0x1C, 0xC2, 0x45, 0x00, 0x72, 0x0F, 0x00, 0x09, 0x6A, 0x37, 0x05, 0x00, 0x5F, 0x09, 0x00,
    0x23, 0x00, 0x04, 0x0B, 0x05, 0x00, 0x51, 0x01, 0xC0, 0x13, 0x05, 0x00, 0x33, 0x1B, 0x7E, 0x4B,
    0x00, 0x02, 0x00, 0x57, 0x04, 0x00, 0x33, 0x15, 0x14, 0x29, 0x15, 0x2A, 0x43, 0x00, 0x2A, 0x0F,
    0x04, 0x6A, 0x2F, 0x01, 0xD6, 0x1F, 0x06, 0x00, 0x9D, 0x00, 0x0B, 0x00, 0x3F, 0x06, 0x00, 0x43,
    0x02, 0x00, 0x4B, 0x00, 0x38, 0x2D, 0x00, 0x16, 0x3B, 0x00, 0x12, 0x1F, 0x01, 0x14, 0x07, 0x1F,
    0x60, 0x4D, 0x00, 0x00, 0x12, 0x0D, 0x1E, 0x08, 0x2F, 0x00, 0x42, 0x0F, 0x00, 0x6A, 0x0D, 0x02,
    0x44, 0x17, 0x11, 0xE4, 0x3B, 0x00, 0x6A, 0x0F, 0x00, 0x04, 0x07, 0x00, 0x17, 0xE0, 0x51, 0x02,
    0x00, 0x63, 0x00, 0xD6, 0x2B, 0x00, 0xE8, 0x29, 0x00, 0x04, 0x13, 0x18, 0x8A, 0x29, 0x00, 0x58,
    0x2D, 0x00, 0x14, 0x0B, 0x00, 0x01, 0xC0, 0x13, 0x19, 0xA0, 0x55, 0x01, 0x54, 0x25, 0x00, 0x04,
    0x17, 0x1B, 0x76, 0x49, 0x05, 0x20, 0x27, 0x02, 0x00, 0x7F, 0x13, 0x0A, 0x2F, 0x00, 0x05, 0x00,
    0xA9, 0x00, 0x26, 0x0B, 0x0D, 0xAC, 0x23, 0x03, 0x40, 0x45, 0x02, 0xE8, 0x3F, 0x03, 0x40, 0x67,
    0x02, 0x00, 0x79, 0x00, 0xC0, 0x4D, 0x00, 0x04, 0x00, 0x7F, 0x06, 0xD6, 0x55, 0x04, 0x00, 0x53,
    0x0B, 0x3A, 0x41, 0x02, 0x40, 0x3B, 0x02, 0x00, 0x81, 0x00, 0x04, 0x23, 0x04, 0x00, 0x1F, 0x00,
    0x0B, 0x2A, 0x07, 0x02, 0x2A, 0x4B, 0x0D, 0x74, 0x33, 0x04, 0x00, 0x51, 0x00, 0x04, 0x13, 0x11,
    0x26, 0x43, 0x00, 0x04, 0x03, 0x05, 0xA8, 0x31, 0x00, 0x0A, 0xEA, 0x21, 0x02, 0x14, 0x3F, 0x02,
    0x00, 0x53, 0x05, 0xC0, 0x4D, 0x0C, 0x40, 0x4F, 0x00, 0xD6, 0x2B, 0x0E, 0x20, 0x31, 0x13, 0x20,
    0x37, 0x00, 0x0B, 0x00, 0x43, 0x00, 0x2E, 0x0F, 0x05, 0x00, 0x55, 0x0F, 0x6E, 0x1F, 0x00, 0x04,
    0x07, 0x02, 0x00, 0x67, 0x00, 0x04, 0x23, 0x01, 0xC0, 0x3F, 0x00, 0x00, 0x04, 0x13, 0x05, 0x00,
    0x8F, 0x16, 0xF6, 0x2D, 0x0B, 0x00, 0x3B, 0x00, 0xEA, 0x1B, 0x05, 0x00, 0x3F, 0x00, 0x04, 0x03,
    0x05, 0x00, 0x61, 0x00, 0x00, 0x04, 0x03, 0x00, 0x6A, 0x27, 0x11, 0xCC, 0x43, 0x0C, 0x2A, 0x4D,
    0x09, 0x00, 0x61, 0x04, 0x00, 0x8B, 0x06, 0x00, 0x59, 0x00, 0xEA, 0x0B, 0x00, 0x13, 0xCC, 0x51,
    0x04, 0x6C, 0x39, 0x1E, 0xE0, 0x29, 0x04, 0x04, 0x2D, 0x00, 0x12, 0x37, 0x01, 0xC4, 0x2D, 0x0F,
    0x00, 0x2D, 0x02, 0x7E, 0x19, 0x00, 0x15, 0xE0, 0x47, 0x00, 0x04, 0x0B, 0x1B, 0xE0, 0x43, 0x0A,
    0x96, 0x2D, 0x00, 0x30, 0x1D, 0x02, 0x00, 0x7B, 0x00, 0xD6, 0x29, 0x14, 0x00, 0x55, 0x00, 0x00,
    0x2A, 0x0F, 0x02, 0x7E, 0x09, 0x04, 0xA8, 0x37, 0x1D, 0xA0, 0x6F, 0x04, 0xA8, 0x19, 0x00, 0x6A,
    0x29, 0x1B, 0xE0, 0x3F, 0x02, 0x56, 0x2D, 0x00, 0x02, 0x00, 0x75, 0x03, 0x00, 0x6D, 0x00, 0x04,
    0x0F, 0x1C, 0xDE, 0x3F, 0x01, 0xC0, 0x51, 0x00, 0x68, 0x13, 0x05, 0x00, 0xBB, 0x02, 0x6C, 0x2D,
    0x00, 0x02, 0x00, 0x63, 0x04, 0x00, 0x57, 0x01, 0x2A, 0x3F, 0x00, 0x26, 0x0B, 0x04, 0x00, 0x6B,
    0x02, 0x98, 0x37, 0x02, 0xC0, 0x2D, 0x00, 0x2A, 0x0F, 0x00, 0x06, 0x00, 0x2D, 0x00, 0x04, 0x0F,
    0x0E, 0x14, 0x3F, 0x02, 0x00, 0x6B, 0x04, 0x00, 0x4F, 0x18, 0x00, 0x4B, 0x02, 0x94, 0x33, 0x00,
    0x58, 0x49, 0x00, 0x1E, 0x3A, 0x1B, 0x0D, 0x2A, 0x3B, 0x00, 0x14, 0x0B, 0x1E, 0x50, 0x31, 0x08,
    0x6C, 0x3F, 0x00, 0x04, 0x07, 0x02, 0x00, 0x69, 0x09, 0x00, 0x4B, 0x00, 0x00, 0x04, 0x03, 0x07,
    0x40, 0x59, 0x02, 0x2A, 0x3B, 0x03, 0x40, 0x59, 0x0A, 0xA8, 0x45, 0x0F, 0x42, 0x31, 0x03, 0x68,
    0x2D, 0x02, 0xD6, 0x33, 0x00, 0x02, 0x00, 0x53, 0x09, 0x00, 0x55, 0x01, 0xC0, 0x3B, 0x05, 0x00,
    0x81, 0x0E, 0x6A, 0x3B, 0x00, 0x04, 0x13, 0x05, 0x00, 0x55, 0x00, 0x04, 0x0B, 0x00, 0x0B, 0x00,
    0x81, 0x05, 0x00, 0x27, 0x04, 0x00, 0x6B, 0x02, 0x56, 0x29, 0x0F, 0x00, 0x55, 0x01, 0xD6, 0x33,
    0x10, 0xD2, 0x29, 0x06, 0x00, 0x85, 0x00, 0x00, 0x04, 0x0B, 0x06, 0x00, 0x81, 0x08, 0xC8, 0x1B,
    0x00, 0x04, 0x13, 0x00, 0xA2, 0x1D, 0x13, 0xB2, 0x1B, 0x15, 0xE0, 0x37, 0x1E, 0xCA, 0x1B, 0x00,
    0x15, 0xE0, 0x47, 0x00, 0x04, 0x07, 0x01, 0xE0, 0x4D, 0x08, 0x08, 0x3B, 0x1B, 0xE0, 0x51, 0x02,
    0x00, 0x89, 0x00, 0x04, 0x27, 0x01, 0xC0, 0x1D, 0x00, 0x02, 0x2A, 0x1B, 0x00, 0x04, 0x0B, 0x1D,
    0xA0, 0x3F, 0x02, 0xE8, 0x43, 0x07, 0x9E, 0x37, 0x15, 0xCE, 0x31, 0x00, 0x14, 0x0B, 0x16, 0x1A,
    0x29, 0x00, 0x1B, 0xE0, 0x37, 0x06, 0x06, 0x25, 0x00, 0x04, 0x1F, 0x02, 0x00, 0x53, 0x1C, 0xE2,
    0x29, 0x00, 0x14, 0x0B, 0x1D, 0xA0, 0x3F, 0x01, 0x40, 0x33, 0x00, 0x1D, 0xA0, 0x29, 0x0C, 0x88,
    0x1F, 0x05, 0x00, 0x3B, 0x1A, 0xA2, 0x3B, 0x00, 0xFC, 0x21, 0x05, 0x00, 0x59, 0x0A, 0xE2, 0x29,
    0x02, 0x00, 0x55, 0x00, 0x07, 0xF8, 0x31, 0x00, 0xC0, 0x0F, 0x01, 0x2A, 0x1F, 0x1D, 0x36, 0x3F,
    0x04, 0x00, 0x3B, 0x1D, 0xA0, 0x5D, 0x00, 0x04, 0x03, 0x08, 0x26, 0x43, 0x00, 0x06, 0x00, 0x8B,
    0x02, 0x00, 0x67, 0x00, 0x04, 0x03, 0x01, 0x2E, 0x1D, 0x17, 0x06, 0x31, 0x0B, 0x60, 0x3B, 0x05,
    0xA8, 0x29, 0x04, 0xEA, 0x2D, 0x00, 0x09, 0x00, 0x51, 0x00, 0x04, 0x0B, 0x07, 0xC0, 0x3F, 0x00,
    0xBE, 0x43, 0x06, 0x58, 0x25, 0x02, 0x00, 0x79, 0x00, 0xAA, 0x2F, 0x03, 0x00, 0x37, 0x00, 0x08,
    0x08, 0x0F, 0x12, 0x8A, 0x2D, 0x01, 0xC0, 0x37, 0x01, 0x7A, 0x31, 0x19, 0x36, 0x37, 0x0F, 0x5E,
    0x3F, 0x02, 0x7E, 0x33, 0x17, 0x30, 0x1F, 0x00, 0x0B, 0x00, 0x3B, 0x02, 0x00, 0x49, 0x00, 0x04,
    0x07, 0x0A, 0x40, 0x29, 0x04, 0xC2, 0x3B, 0x05, 0x00, 0x87, 0x00, 0xF4, 0x1F, 0x02, 0xD6, 0x3B,
    0x00, 0x05, 0x00, 0x51, 0x0B, 0xBE, 0x2D, 0x05, 0x00, 0x45, 0x02, 0x00, 0x57, 0x04, 0x00, 0x67,
    0x12, 0xA0, 0x55, 0x00, 0x04, 0x0B, 0x04, 0x00, 0x31, 0x00, 0x0E, 0xD4, 0x2D, 0x06, 0x00, 0x51,
    0x0C, 0xD6, 0x51, 0x06, 0x00, 0x8B, 0x0F, 0x00, 0x2F, 0x00, 0x04, 0x0F, 0x1F, 0xB4, 0x3F, 0x1C,
    0xB6, 0x3B, 0x00, 0x01, 0x56, 0x1D, 0x01, 0xCE, 0x0D, 0x04, 0x00, 0x37, 0x09, 0xFC, 0x21, 0x04,
    0xAC, 0x43, 0x00, 0xEA, 0x33, 0x12, 0x40, 0x47, 0x02, 0x00, 0x6F, 0x00, 0x02, 0x2A, 0x65, 0x00,
    0x14, 0x0B, 0x19, 0x20, 0x47, 0x00, 0x04, 0x0B, 0x04, 0xA8, 0x2D, 0x04, 0x2C, 0x2F, 0x02, 0xD6,
    0x0F, 0x06, 0x46, 0x23, 0x00, 0x07, 0x68, 0x3B, 0x0F, 0x5C, 0x3B, 0x19, 0xA0, 0x6B, 0x00, 0x3C,
    0x0F, 0x00, 0x28, 0x19, 0x05, 0x00, 0xD7, 0x00, 0x30, 0x0F, 0x04, 0xA8, 0x23, 0x00, 0x00, 0x04,
    0x0F, 0x05, 0x00, 0x87, 0x12, 0x38, 0x1F, 0x05, 0x00, 0xB9, 0x06, 0xD6, 0x59, 0x00, 0x04, 0x0F,
    0x1A, 0x82, 0x43, 0x04, 0x00, 0x41, 0x00, 0x14, 0x0E, 0x23, 0x06, 0x00, 0x69, 0x05, 0xA8, 0x31,
    0x06, 0x00, 0x75, 0x02, 0x00, 0x47, 0x00, 0x04, 0x03, 0x0D, 0x92, 0x3F, 0x0F, 0x00, 0x3B, 0x00,
    0x00, 0x0C, 0x03, 0x06, 0xD6, 0x1B, 0x15, 0x68, 0x43, 0x05, 0x16, 0x13, 0x00, 0x5A, 0x13, 0x16,
    0x7E, 0x3B, 0x16, 0xE8, 0x37, 0x02, 0xD6, 0x3F, 0x00, 0x00, 0xEA, 0x17, 0x08, 0x2A, 0x51, 0x14,
    0x00, 0x41, 0x00, 0x14, 0x0B, 0x00, 0xD6, 0x29, 0x09, 0x00, 0x51, 0x19, 0x16, 0x2D, 0x18, 0x28,
    0x37, 0x00, 0x06, 0x7E, 0x3B, 0x02, 0x2A, 0x43, 0x05, 0x00, 0x45, 0x01, 0x96, 0x1F, 0x19, 0x54,
    0x3B, 0x02, 0x00, 0x51, 0x00, 0x04, 0x03, 0x0E, 0x00, 0x37, 0x00, 0x01, 0x40, 0x13, 0x00, 0x04,
    0x13, 0x08, 0x2C, 0x2D, 0x05, 0x00, 0x57, 0x00, 0x80, 0x35, 0x05, 0x00, 0x81, 0x0A, 0x54, 0x29,
    0x05, 0x00, 0x57, 0x00, 0x02, 0x00, 0x45, 0x04, 0x00, 0xDF, 0x01, 0x2A, 0x0F, 0x0B, 0x56, 0x3D,
    0x0F, 0x00, 0x69, 0x01, 0xA0, 0x23, 0x06, 0x00, 0xAB, 0x00, 0xD6, 0x03, 0x00, 0x00, 0x4E, 0x35,
    0x01, 0xF0, 0x17, 0x00, 0xB8, 0x2F, 0x04, 0x92, 0x2D, 0x00, 0x04, 0x0B, 0x01, 0xCE, 0x1F, 0x01,
    0xC0, 0x07, 0x04, 0x8E, 0x4D, 0x00, 0x02, 0x82, 0x0F, 0x01, 0x54, 0x17, 0x00, 0x04, 0x17, 0x15,
    0xE0, 0x37, 0x06, 0x0E, 0x39, 0x02, 0x00, 0x81, 0x1B, 0x0C, 0x3B, 0x18, 0x4C, 0x43, 0x00, 0x03,
    0xEA, 0x31, 0x00, 0x04, 0x0B, 0x07, 0x22, 0x37, 0x00, 0x04, 0x0F, 0x10, 0xE0, 0x27, 0x01, 0xC0,
    0x2B, 0x02, 0x2A, 0x51, 0x1B, 0xE0, 0x55, 0x00, 0x02, 0x00, 0x65, 0x01, 0x40, 0x39, 0x03, 0x00,
    0x2F, 0x00, 0xC0, 0x3F, 0x00, 0x04, 0x13, 0x05, 0x00, 0xA1, 0x11, 0xE0, 0x43, 0x02, 0xD6, 0x4B,
    0x00, 0x02, 0x00, 0x83, 0x00, 0x04, 0x27, 0x04, 0x00, 0x77, 0x01, 0x2A, 0x2B, 0x0D, 0xE2, 0x2D,
    0x06, 0x00, 0x7D, 0x03, 0x2A, 0x4D, 0x06, 0x00, 0x3B, 0x00, 0x00, 0x04, 0x17, 0x02, 0x00, 0x55,
    0x05, 0xC0, 0x4B, 0x04, 0x00, 0x4F, 0x0C, 0x40, 0x07, 0x07, 0x9C, 0x3B, 0x00, 0xAC, 0x29, 0x18,
    0xA4, 0x2D, 0x00, 0x06, 0x00, 0x43, 0x00, 0xAC, 0x19, 0x00, 0x04, 0x17, 0x16, 0x4A, 0x2F, 0x00,
    0x04, 0x23, 0x02, 0x00, 0x67, 0x1D, 0xA0, 0x4F, 0x07, 0x94, 0x4D, 0x00, 0x02, 0x2A, 0x31, 0x15,
    0x4E, 0x3F, 0x00, 0xB6, 0x17, 0x02, 0x2A, 0x21, 0x0E, 0x24, 0x33, 0x0B, 0x00, 0x4F, 0x03, 0xC0,
    0x2B, 0x02, 0x00, 0x6D, 0x00, 0x0A, 0xC0, 0x4D, 0x0E, 0xCC, 0x31, 0x09, 0x00, 0x59, 0x05, 0x00,
    0xA9, 0x00, 0x04, 0x07, 0x05, 0x00, 0x67, 0x02, 0x00, 0x7B, 0x01, 0x6C, 0x35, 0x00, 0x04, 0x00,
    0x67, 0x03, 0xB4, 0x2F, 0x04, 0x00, 0x93, 0x0B, 0x00, 0x3F, 0x1D, 0x74, 0x29, 0x06, 0x00, 0x55,
    0x02, 0x00, 0x4B, 0x17, 0xCC, 0x2D, 0x00, 0x06, 0x7E, 0x29, 0x00, 0x04, 0x0F, 0x0A, 0x16, 0x31,
    0x0B, 0x36, 0x33, 0x10, 0xAA, 0x2D, 0x00, 0x04, 0x13, 0x1B, 0xE0, 0x37, 0x00, 0xEA, 0x3B, 0x00,
    0x02, 0xD6, 0x3B, 0x15, 0x50, 0x1B, 0x19, 0xCC, 0x3B, 0x02, 0x00, 0x4D, 0x0E, 0x28, 0x41, 0x06,
    0x98, 0x3B, 0x0C, 0x68, 0x43, 0x15, 0xAA, 0x3B, 0x00, 0x00, 0x04, 0x0B, 0x05, 0x00, 0x43, 0x00,
    0x40, 0x0F, 0x10, 0x00, 0x51, 0x04, 0xA4, 0x1F, 0x02, 0xD6, 0x51, 0x00, 0x04, 0x07, 0x02, 0x00,
    0x3D, 0x00, 0x03, 0x00, 0x35, 0x00, 0x04, 0x07, 0x05, 0x00, 0x67, 0x1A, 0x22, 0x3B, 0x05, 0x00,
    0x47, 0x00, 0xC2, 0x1D, 0x05, 0x00, 0x59, 0x00, 0x3C, 0x0F, 0x00, 0x0A, 0x50, 0x2D, 0x05, 0x00,
    0x43, 0x00, 0x04, 0x07, 0x05, 0x00, 0x3D, 0x00, 0x04, 0x0F, 0x09, 0x00, 0x73, 0x01, 0x7E, 0x0F,
    0x04, 0x00, 0x67, 0x00, 0x00, 0x44, 0x0F, 0x18, 0x6A, 0x31, 0x05, 0x72, 0x33, 0x06, 0x00, 0xD5,
    0x14, 0x00, 0x41, 0x00, 0x04, 0x0F, 0x04, 0x00, 0x29, 0x00, 0x18, 0x0B, 0x00, 0x0F, 0x00, 0x67,
    0x13, 0x50, 0x1B, 0x1D, 0x6A, 0x63, 0x00, 0x04, 0x13, 0x04, 0xD4, 0x2D, 0x0F, 0x00, 0x55, 0x02,
    0x0A, 0x37, 0x02, 0x00, 0x55, 0x00, 0x05, 0x00, 0xA7, 0x00, 0x3C, 0x0B, 0x08, 0x96, 0x2D, 0x02,
    0xD6, 0x51, 0x07, 0x1C, 0x2D, 0x00, 0x14, 0x0B, 0x00, 0x12, 0x1B, 0x0D, 0x7E, 0x45, 0x00, 0x05,
    0x00, 0xF1, 0x0E, 0x00, 0x8B, 0x02, 0xD6, 0x47, 0x00, 0x04, 0x0B, 0x00, 0x58, 0x0F, 0x13, 0x50,
    0x3B, 0x05, 0x00, 0x61, 0x00, 0x04, 0x37, 0x00, 0x02, 0x00, 0x4B,
];

static TRACK_2_15BPP: [u8; 12295] = [
    0x2F, 0x24, 0x15, 0x24, 0x15, 0x00, 0x04, 0x0F, 0x04, 0x00, 0x14, 0x10, 0x00, 0x04, 0x03, 0x00,
    0x00, 0x1A, 0x01, 0x00, 0x1E, 0x0B, 0x00, 0x12, 0x0F, 0x00, 0x16, 0x1B, 0x00, 0x5A, 0x13, 0x00,
    0x2C, 0x21, 0x00, 0x54, 0x05, 0x00, 0x80, 0x21, 0x00, 0x00, 0x04, 0x17, 0x00, 0x58, 0x21, 0x00,
    0x6A, 0x17, 0x00, 0x66, 0x2D, 0x00, 0x58, 0x33, 0x01, 0x28, 0x1F, 0x00, 0x54, 0x0B, 0x00, 0x34,
    0x0F, 0x00, 0x01, 0x80, 0x2D, 0x00, 0x04, 0x0B, 0x02, 0x00, 0x6F, 0x00, 0x60, 0x2D, 0x01, 0x3C,
    0x2D, 0x00, 0xA2, 0x25, 0x00, 0x04, 0x17, 0x01, 0x72, 0x0F, 0x00, 0x02, 0xB8, 0x29, 0x00, 0xF8,
    0x29, 0x00, 0xC2, 0x21, 0x00, 0xBE, 0x25, 0x02, 0xCA, 0x2D, 0x01, 0xB8, 0x25, 0x03, 0x34, 0x17,
    0x00, 0x5A, 0x13, 0x00, 0x01, 0x96, 0x37, 0x02, 0x00, 0x6D, 0x03, 0x48, 0x3B, 0x01, 0x14, 0x0F,
    0x00, 0xD6, 0x1B, 0x01, 0x98, 0x29, 0x00, 0x0C, 0x03, 0x02, 0x2A, 0x1B, 0x00, 0x01, 0x40, 0x37,
    0x00, 0x92, 0x13, 0x03, 0x40, 0x3F, 0x00, 0x58, 0x31, 0x03, 0x90, 0x25, 0x05, 0xA0, 0x29, 0x02,
    0x2A, 0x33, 0x02, 0x00, 0x5D, 0x00, 0x03, 0x00, 0x59, 0x04, 0xA8, 0x1F, 0x01, 0x40, 0x33, 0x00,
    0xD6, 0x17, 0x01, 0xD2, 0x3F, 0x05, 0x6A, 0x4D, 0x00, 0xA4, 0x1B, 0x06, 0xB8, 0x37, 0x00, 0x03,
    0xC0, 0x37, 0x05, 0x00, 0x67, 0x02, 0x00, 0x21, 0x01, 0x56, 0x37, 0x04, 0x16, 0x2D, 0x02, 0x2A,
    0x3B, 0x04, 0x16, 0x3B, 0x03, 0x96, 0x1D, 0x00, 0x07, 0x7A, 0x1B, 0x03, 0x40, 0x2D, 0x0A, 0xF8,
    0x49, 0x05, 0x3E, 0x17, 0x0A, 0xF8, 0x3B, 0x00, 0x58, 0x1B, 0x00, 0x14, 0x0B, 0x02, 0x00, 0x67,
    0x00, 0x00, 0x04, 0x03, 0x03, 0x00, 0x25, 0x05, 0x9C, 0x29, 0x00, 0xAA, 0x1D, 0x03, 0x66, 0x1F,
    0x02, 0xD6, 0x3B, 0x00, 0x6A, 0x25, 0x00, 0x04, 0x17, 0x00, 0x0B, 0x76, 0x37, 0x00, 0x04, 0x0F,
    0x0B, 0xE0, 0x31, 0x0D, 0x76, 0x55, 0x00, 0x2E, 0x0F, 0x02, 0x00, 0x69, 0x0B, 0xAE, 0x37, 0x00,
    0x1C, 0x13, 0x00, 0x00, 0xD6, 0x3B, 0x04, 0xA8, 0x13, 0x05, 0x00, 0x43, 0x00, 0x2E, 0x0F, 0x05,
    0x00, 0x0F, 0x00, 0x04, 0x17, 0x02, 0xD6, 0x37, 0x0B, 0xC0, 0x3F, 0x00, 0x01, 0x54, 0x29, 0x00,
    0xC4, 0x17, 0x05, 0x00, 0x37, 0x00, 0x04, 0x0F, 0x02, 0x00, 0x55, 0x00, 0x04, 0x03, 0x01, 0xC0,
    0x3B, 0x03, 0x00, 0x25, 0x00, 0x01, 0x40, 0x29, 0x05, 0x00, 0x49, 0x10, 0xB4, 0x1B, 0x01, 0x76,
    0x17, 0x05, 0x00, 0xFF, 0x02, 0x00, 0x51, 0x04, 0x00, 0x51, 0x13, 0xF8, 0x55, 0x00, 0x00, 0x40,
    0x0F, 0x02, 0xC0, 0x37, 0x04, 0x00, 0x93, 0x06, 0x00, 0x25, 0x03, 0x2A, 0x3F, 0x06, 0x00, 0x59,
    0x01, 0x54, 0x2D, 0x0B, 0x7E, 0x1F, 0x00, 0x0F, 0x98, 0x3B, 0x0F, 0xC0, 0x37, 0x00, 0x6A, 0x3F,
    0x15, 0x22, 0x31, 0x01, 0xEC, 0x51, 0x00, 0x04, 0x0F, 0x00, 0xEA, 0x1D, 0x01, 0x96, 0x0D, 0x00,
    0x0D, 0xD6, 0x49, 0x00, 0x6A, 0x1B, 0x00, 0x04, 0x13, 0x02, 0x00, 0x53, 0x0A, 0x02, 0x0B, 0x0E,
    0x00, 0x3F, 0x02, 0xFC, 0x35, 0x00, 0x04, 0x07, 0x00, 0x02, 0xD6, 0x51, 0x02, 0x2A, 0x3F, 0x00,
    0x14, 0x0B, 0x09, 0xEE, 0x31, 0x02, 0xD6, 0x21, 0x04, 0xA8, 0x25, 0x03, 0xC0, 0x37, 0x02, 0xD6,
    0x0F, 0x00, 0x02, 0x00, 0x7B, 0x05, 0x00, 0xEB, 0x01, 0x6C, 0x0D, 0x05, 0x00, 0x99, 0x09, 0x2C,
    0x15, 0x00, 0x04, 0x0B, 0x08, 0x2E, 0x33, 0x05, 0x00, 0x87, 0x00, 0x04, 0x00, 0x41, 0x01, 0xD6,
    0x0F, 0x19, 0x58, 0x4B, 0x04, 0x00, 0x5B, 0x1D, 0xE2, 0x39, 0x06, 0x00, 0x4D, 0x01, 0x16, 0x33,
    0x06, 0x00, 0x7D, 0x00, 0x02, 0x00, 0x47, 0x17, 0xC2, 0x31, 0x00, 0x1C, 0x0D, 0x16, 0x7E, 0x4D,
    0x00, 0x6A, 0x17, 0x00, 0x04, 0x13, 0x18, 0x96, 0x3F, 0x00, 0x04, 0x13, 0x00, 0x06, 0x00, 0x8F,
    0x18, 0x7C, 0x25, 0x16, 0x7E, 0x3F, 0x02, 0x00, 0x63, 0x00, 0x04, 0x03, 0x02, 0x2A, 0x3B, 0x03,
    0x00, 0x17, 0x00, 0x04, 0x0B, 0x00, 0x01, 0x40, 0x3F, 0x00, 0x5A, 0x13, 0x01, 0x40, 0x3B, 0x0B,
    0x00, 0xD1, 0x05, 0xEA, 0x17, 0x04, 0x2A, 0x51, 0x02, 0x00, 0x3B, 0x1C, 0xC2, 0x45, 0x00, 0x00,
    0x72, 0x0F, 0x09, 0x6A, 0x37, 0x05, 0x00, 0x5F, 0x09, 0x00, 0x23, 0x00, 0x04, 0x0B, 0x05, 0x00,
    0x51, 0x01, 0xC0, 0x13, 0x05, 0x00, 0x33, 0x00, 0x1B, 0x7E, 0x4B, 0x02, 0x00, 0x57, 0x04, 0x00,
    0x33, 0x15, 0x14, 0x29, 0x15, 0x2A, 0x43, 0x00, 0x2A, 0x0F, 0x04, 0x6A, 0x2F, 0x01, 0xD6, 0x1F,
    0x00, 0x06, 0x00, 0x9D, 0x0B, 0x00, 0x3F, 0x06, 0x00, 0x43, 0x02, 0x00, 0x4B, 0x00, 0x38, 0x2D,
    0x00, 0x16, 0x3B, 0x00, 0x12, 0x1F, 0x01, 0x14, 0x07, 0x00, 0x1F, 0x60, 0x4D, 0x00, 0x12, 0x0D,
    0x1E, 0x08, 0x2F, 0x00, 0x42, 0x0F, 0x00, 0x6A, 0x0D, 0x02, 0x44, 0x17, 0x11, 0xE4, 0x3B, 0x00,
    0x6A, 0x0F, 0x00, 0x00, 0x04, 0x07, 0x17, 0xE0, 0x51, 0x02, 0x00, 0x63, 0x00, 0xD6, 0x2B, 0x00,
    0xE8, 0x29, 0x00, 0x04, 0x13, 0x18, 0x8A, 0x29, 0x00, 0x58, 0x2D, 0x00, 0x00, 0x14, 0x0B, 0x01,
    0xC0, 0x13, 0x19, 0xA0, 0x55, 0x01, 0x54, 0x25, 0x00, 0x04, 0x17, 0x1B, 0x76, 0x49, 0x05, 0x20,
    0x27, 0x02, 0x00, 0x7F, 0x00, 0x13, 0x0A, 0x2F, 0x05, 0x00, 0xA9, 0x00, 0x26, 0x0B, 0x0D, 0xAC,
    0x23, 0x03, 0x40, 0x45, 0x02, 0xE8, 0x3F, 0x03, 0x40, 0x67, 0x02, 0x00, 0x79, 0x00, 0x00, 0xC0,
    0x4D, 0x04, 0x00, 0x7F, 0x06, 0xD6, 0x55, 0x04, 0x00, 0x53, 0x0B, 0x3A, 0x41, 0x02, 0x40, 0x3B,
    0x02, 0x00, 0x81, 0x00, 0x04, 0x23, 0x00, 0x04, 0x00, 0x1F, 0x0B, 0x2A, 0x07, 0x02, 0x2A, 0x4B,
    0x0D, 0x74, 0x33, 0x04, 0x00, 0x51, 0x00, 0x04, 0x13, 0x11, 0x26, 0x43, 0x00, 0x04, 0x03, 0x00,
    0x05, 0xA8, 0x31, 0x0A, 0xEA, 0x21, 0x02, 0x14, 0x3F, 0x02, 0x00, 0x53, 0x05, 0xC0, 0x4D, 0x0C,
    0x40, 0x4F, 0x00, 0xD6, 0x2B, 0x0E, 0x20, 0x31, 0x00, 0x13, 0x20, 0x37, 0x0B, 0x00, 0x43, 0x00,
    0x2E, 0x0F, 0x05, 0x00, 0x55, 0x0F, 0x6E, 0x1F, 0x00, 0x04, 0x07, 0x02, 0x00, 0x67, 0x00, 0x04,
    0x23, 0x00, 0x01, 0xC0, 0x3F, 0x00, 0x04, 0x13, 0x05, 0x00, 0x8F, 0x16, 0xF6, 0x2D, 0x0B, 0x00,
    0x3B, 0x00, 0xEA, 0x1B, 0x05, 0x00, 0x3F, 0x00, 0x04, 0x03, 0x00, 0x05, 0x00, 0x61, 0x00, 0x04,
    0x03, 0x00, 0x6A, 0x27, 0x11, 0xCC, 0x43, 0x0C, 0x2A, 0x4D, 0x09, 0x00, 0x61, 0x04, 0x00, 0x8B,
    0x06, 0x00, 0x59, 0x00, 0x00, 0xEA, 0x0B, 0x13, 0xCC, 0x51, 0x04, 0x6C, 0x39, 0x1E, 0xE0, 0x29,
    0x04, 0x04, 0x2D, 0x00, 0x12, 0x37, 0x01, 0xC4, 0x2D, 0x0F, 0x00, 0x2D, 0x00, 0x02, 0x7E, 0x19,
    0x15, 0xE0, 0x47, 0x00, 0x04, 0x0B, 0x1B, 0xE0, 0x43, 0x0A, 0x96, 0x2D, 0x00, 0x30, 0x1D, 0x02,
    0x00, 0x7B, 0x00, 0xD6, 0x29, 0x00, 0x14, 0x00, 0x55, 0x00, 0x2A, 0x0F, 0x02, 0x7E, 0x09, 0x04,
    0xA8, 0x37, 0x1D, 0xA0, 0x6F, 0x04, 0xA8, 0x19, 0x00, 0x6A, 0x29, 0x1B, 0xE0, 0x3F, 0x00, 0x02,
    0x56, 0x2D, 0x02, 0x00, 0x75, 0x03, 0x00, 0x6D, 0x00, 0x04, 0x0F, 0x1C, 0xDE, 0x3F, 0x01, 0xC0,
    0x51, 0x00, 0x68, 0x13, 0x05, 0x00, 0xBB, 0x00, 0x02, 0x6C, 0x2D, 0x02, 0x00, 0x63, 0x04, 0x00,
    0x57, 0x01, 0x2A, 0x3F, 0x00, 0x26, 0x0B, 0x04, 0x00, 0x6B, 0x02, 0x98, 0x37, 0x02, 0xC0, 0x2D,
    0x00, 0x00, 0x2A, 0x0F, 0x06, 0x00, 0x2D, 0x00, 0x04, 0x0F, 0x0E, 0x14, 0x3F, 0x02, 0x00, 0x6B,
    0x04, 0x00, 0x4F, 0x18, 0x00, 0x4B, 0x02, 0x94, 0x33, 0x00, 0x00, 0x58, 0x49, 0x1E, 0x3A, 0x1B,
    0x0D, 0x2A, 0x3B, 0x00, 0x14, 0x0B, 0x1E, 0x50, 0x31, 0x08, 0x6C, 0x3F, 0x00, 0x04, 0x07, 0x02,
    0x00, 0x69, 0x00, 0x09, 0x00, 0x4B, 0x00, 0x04, 0x03, 0x07, 0x40, 0x59, 0x02, 0x2A, 0x3B, 0x03,
    0x40, 0x59, 0x0A, 0xA8, 0x45, 0x0F, 0x42, 0x31, 0x03, 0x68, 0x2D, 0x00, 0x02, 0xD6, 0x33, 0x02,
    0x00, 0x53, 0x09, 0x00, 0x55, 0x01, 0xC0, 0x3B, 0x05, 0x00, 0x81, 0x0E, 0x6A, 0x3B, 0x00, 0x04,
    0x13, 0x05, 0x00, 0x55, 0x00, 0x00, 0x04, 0x0B, 0x0B, 0x00, 0x81, 0x05, 0x00, 0x27, 0x04, 0x00,
    0x6B, 0x02, 0x56, 0x29, 0x0F, 0x00, 0x55, 0x01, 0xD6, 0x33, 0x10, 0xD2, 0x29, 0x00, 0x06, 0x00,
    0x85, 0x00, 0x04, 0x0B, 0x06, 0x00, 0x81, 0x08, 0xC8, 0x1B, 0x00, 0x04, 0x13, 0x00, 0xA2, 0x1D,
    0x13, 0xB2, 0x1B, 0x15, 0xE0, 0x37, 0x00, 0x1E, 0xCA, 0x1B, 0x15, 0xE0, 0x47, 0x00, 0x04, 0x07,
    0x01, 0xE0, 0x4D, 0x08, 0x08, 0x3B, 0x1B, 0xE0, 0x51, 0x02, 0x00, 0x89, 0x00, 0x04, 0x27, 0x00,
    0x01, 0xC0, 0x1D, 0x02, 0x2A, 0x1B, 0x00, 0x04, 0x0B, 0x1D, 0xA0, 0x3F, 0x02, 0xE8, 0x43, 0x07,
    0x9E, 0x37, 0x15, 0xCE, 0x31, 0x00, 0x14, 0x0B, 0x00, 0x16, 0x1A, 0x29, 0x1B, 0xE0, 0x37, 0x06,
    0x06, 0x25, 0x00, 0x04, 0x1F, 0x02, 0x00, 0x53, 0x1C, 0xE2, 0x29, 0x00, 0x14, 0x0B, 0x1D, 0xA0,
    0x3F, 0x00, 0x01, 0x40, 0x33, 0x1D, 0xA0, 0x29, 0x0C, 0x88, 0x1F, 0x05, 0x00, 0x3B, 0x1A, 0xA2,
    0x3B, 0x00, 0xFC, 0x21, 0x05, 0x00, 0x59, 0x0A, 0xE2, 0x29, 0x00, 0x02, 0x00, 0x55, 0x07, 0xF8,
    0x31, 0x00, 0xC0, 0x0F, 0x01, 0x2A, 0x1F, 0x1D, 0x36, 0x3F, 0x04, 0x00, 0x3B, 0x1D, 0xA0, 0x5D,
    0x00, 0x04, 0x03, 0x00, 0x08, 0x26, 0x43, 0x06, 0x00, 0x8B, 0x02, 0x00, 0x67, 0x00, 0x04, 0x03,
    0x01, 0x2E, 0x1D, 0x17, 0x06, 0x31, 0x0B, 0x60, 0x3B, 0x05, 0xA8, 0x29, 0x00, 0x04, 0xEA, 0x2D,
    0x09, 0x00, 0x51, 0x00, 0x04, 0x0B, 0x07, 0xC0, 0x3F, 0x00, 0xBE, 0x43, 0x06, 0x58, 0x25, 0x02,
    0x00, 0x79, 0x00, 0xAA, 0x2F, 0x00, 0x03, 0x00, 0x37, 0x08, 0x08, 0x0F, 0x12, 0x8A, 0x2D, 0x01,
    0xC0, 0x37, 0x01, 0x7A, 0x31, 0x19, 0x36, 0x37, 0x0F, 0x5E, 0x3F, 0x02, 0x7E, 0x33, 0x00, 0x17,
    0x30, 0x1F, 0x0B, 0x00, 0x3B, 0x02, 0x00, 0x49, 0x00, 0x04, 0x07, 0x0A, 0x40, 0x29, 0x04, 0xC2,
    0x3B, 0x05, 0x00, 0x87, 0x00, 0xF4, 0x1F, 0x00, 0x02, 0xD6, 0x3B, 0x05, 0x00, 0x51, 0x0B, 0xBE,
    0x2D, 0x05, 0x00, 0x45, 0x02, 0x00, 0x57, 0x04, 0x00, 0x67, 0x12, 0xA0, 0x55, 0x00, 0x04, 0x0B,
    0x00, 0x04, 0x00, 0x31, 0x0E, 0xD4, 0x2D, 0x06, 0x00, 0x51, 0x0C, 0xD6, 0x51, 0x06, 0x00, 0x8B,
    0x0F, 0x00, 0x2F, 0x00, 0x04, 0x0F, 0x1F, 0xB4, 0x3F, 0x00, 0x1C, 0xB6, 0x3B, 0x01, 0x56, 0x1D,
    0x01, 0xCE, 0x0D, 0x04, 0x00, 0x37, 0x09, 0xFC, 0x21, 0x04, 0xAC, 0x43, 0x00, 0xEA, 0x33, 0x12,
    0x40, 0x47, 0x00, 0x02, 0x00, 0x6F, 0x02, 0x2A, 0x65, 0x00, 0x14, 0x0B, 0x19, 0x20, 0x47, 0x00,
    0x04, 0x0B, 0x04, 0xA8, 0x2D, 0x04, 0x2C, 0x2F, 0x02, 0xD6, 0x0F, 0x00, 0x06, 0x46, 0x23, 0x07,
    0x68, 0x3B, 0x0F, 0x5C, 0x3B, 0x19, 0xA0, 0x6B, 0x00, 0x3C, 0x0F, 0x00, 0x28, 0x19, 0x05, 0x00,
    0xD7, 0x00, 0x30, 0x0F, 0x00, 0x04, 0xA8, 0x23, 0x00, 0x04, 0x0F, 0x05, 0x00, 0x87, 0x12, 0x38,
    0x1F, 0x05, 0x00, 0xB9, 0x06, 0xD6, 0x59, 0x00, 0x04, 0x0F, 0x1A, 0x82, 0x43, 0x00, 0x04, 0x00,
    0x41, 0x14, 0x0E, 0x23, 0x06, 0x00, 0x69, 0x05, 0xA8, 0x31, 0x06, 0x00, 0x75, 0x02, 0x00, 0x47,
    0x00, 0x04, 0x03, 0x0D, 0x92, 0x3F, 0x00, 0x0F, 0x00, 0x3B, 0x00, 0x0C, 0x03, 0x06, 0xD6, 0x1B,
    0x15, 0x68, 0x43, 0x05, 0x16, 0x13, 0x00, 0x5A, 0x13, 0x16, 0x7E, 0x3B, 0x16, 0xE8, 0x37, 0x00,
    0x02, 0xD6, 0x3F, 0x00, 0xEA, 0x17, 0x08, 0x2A, 0x51, 0x14, 0x00, 0x41, 0x00, 0x14, 0x0B, 0x00,
    0xD6, 0x29, 0x09, 0x00, 0x51, 0x19, 0x16, 0x2D, 0x00, 0x18, 0x28, 0x37, 0x06, 0x7E, 0x3B, 0x02,
    0x2A, 0x43, 0x05, 0x00, 0x45, 0x01, 0x96, 0x1F, 0x19, 0x54, 0x3B, 0x02, 0x00, 0x51, 0x00, 0x04,
    0x03, 0x00, 0x0E, 0x00, 0x37, 0x01, 0x40, 0x13, 0x00, 0x04, 0x13, 0x08, 0x2C, 0x2D, 0x05, 0x00,
    0x57, 0x00, 0x80, 0x35, 0x05, 0x00, 0x81, 0x0A, 0x54, 0x29, 0x00, 0x05, 0x00, 0x57, 0x02, 0x00,
    0x45, 0x04, 0x00, 0xDF, 0x01, 0x2A, 0x0F, 0x0B, 0x56, 0x3D, 0x0F, 0x00, 0x69, 0x01, 0xA0, 0x23,
    0x06, 0x00, 0xAB, 0x00, 0x00, 0xD6, 0x03, 0x00, 0x4E, 0x35, 0x01, 0xF0, 0x17, 0x00, 0xB8, 0x2F,
    0x04, 0x92, 0x2D, 0x00, 0x04, 0x0B, 0x01, 0xCE, 0x1F, 0x01, 0xC0, 0x07, 0x00, 0x04, 0x8E, 0x4D,
    0x02, 0x82, 0x0F, 0x01, 0x54, 0x17, 0x00, 0x04, 0x17, 0x15, 0xE0, 0x37, 0x06, 0x0E, 0x39, 0x02,
    0x00, 0x81, 0x1B, 0x0C, 0x3B, 0x00, 0x18, 0x4C, 0x43, 0x03, 0xEA, 0x31, 0x00, 0x04, 0x0B, 0x07,
    0x22, 0x37, 0x00, 0x04, 0x0F, 0x10, 0xE0, 0x27, 0x01, 0xC0, 0x2B, 0x02, 0x2A, 0x51, 0x00, 0x1B,
    0xE0, 0x55, 0x02, 0x00, 0x65, 0x01, 0x40, 0x39, 0x03, 0x00, 0x2F, 0x00, 0xC0, 0x3F, 0x00, 0x04,
    0x13, 0x05, 0x00, 0xA1, 0x11, 0xE0, 0x43, 0x00, 0x02, 0xD6, 0x4B, 0x02, 0x00, 0x83, 0x00, 0x04,
    0x27, 0x04, 0x00, 0x77, 0x01, 0x2A, 0x2B, 0x0D, 0xE2, 0x2D, 0x06, 0x00, 0x7D, 0x03, 0x2A, 0x4D,
    0x00, 0x06, 0x00, 0x3B, 0x00, 0x04, 0x17, 0x02, 0x00, 0x55, 0x05, 0xC0, 0x4B, 0x04, 0x00, 0x4F,
    0x0C, 0x40, 0x07, 0x07, 0x9C, 0x3B, 0x00, 0xAC, 0x29, 0x00, 0x18, 0xA4, 0x2D, 0x06, 0x00, 0x43,
    0x00, 0xAC, 0x19, 0x00, 0x04, 0x17, 0x16, 0x4A, 0x2F, 0x00, 0x04, 0x23, 0x02, 0x00, 0x67, 0x1D,
    0xA0, 0x4F, 0x00, 0x07, 0x94, 0x4D, 0x02, 0x2A, 0x31, 0x15, 0x4E, 0x3F, 0x00, 0xB6, 0x17, 0x02,
    0x2A, 0x21, 0x0E, 0x24, 0x33, 0x0B, 0x00, 0x4F, 0x03, 0xC0, 0x2B, 0x00, 0x02, 0x00, 0x6D, 0x0A,
    0xC0, 0x4D, 0x0E, 0xCC, 0x31, 0x09, 0x00, 0x59, 0x05, 0x00, 0xA9, 0x00, 0x04, 0x07, 0x05, 0x00,
    0x67, 0x02, 0x00, 0x7B, 0x00, 0x01, 0x6C, 0x35, 0x04, 0x00, 0x67, 0x03, 0xB4, 0x2F, 0x04, 0x00,
    0x93, 0x0B, 0x00, 0x3F, 0x1D, 0x74, 0x29, 0x06, 0x00, 0x55, 0x02, 0x00, 0x4B, 0x00, 0x17, 0xCC,
    0x2D, 0x06, 0x7E, 0x29, 0x00, 0x04, 0x0F, 0x0A, 0x16, 0x31, 0x0B, 0x36, 0x33, 0x10, 0xAA, 0x2D,
    0x00, 0x04, 0x13, 0x1B, 0xE0, 0x37, 0x00, 0x00, 0xEA, 0x3B, 0x02, 0xD6, 0x3B, 0x15, 0x50, 0x1B,
    0x19, 0xCC, 0x3B, 0x02, 0x00, 0x4D, 0x0E, 0x28, 0x41, 0x06, 0x98, 0x3B, 0x0C, 0x68, 0x43, 0x00,
    0x15, 0xAA, 0x3B, 0x00, 0x04, 0x0B, 0x05, 0x00, 0x43, 0x00, 0x40, 0x0F, 0x10, 0x00, 0x51, 0x04,
    0xA4, 0x1F, 0x02, 0xD6, 0x51, 0x00, 0x04, 0x07, 0x00, 0x02, 0x00, 0x3D, 0x03, 0x00, 0x35, 0x00,
    0x04, 0x07, 0x05, 0x00, 0x67, 0x1A, 0x22, 0x3B, 0x05, 0x00, 0x47, 0x00, 0xC2, 0x1D, 0x05, 0x00,
    0x59, 0x00, 0x00, 0x3C, 0x0F, 0x0A, 0x50, 0x2D, 0x05, 0x00, 0x43, 0x00, 0x04, 0x07, 0x05, 0x00,
    0x3D, 0x00, 0x04, 0x0F, 0x09, 0x00, 0x73, 0x01, 0x7E, 0x0F, 0x00, 0x04, 0x00, 0x67, 0x00, 0x44,
    0x0F, 0x18, 0x6A, 0x31, 0x05, 0x72, 0x33, 0x06, 0x00, 0xD5, 0x14, 0x00, 0x41, 0x00, 0x04, 0x0F,
    0x04, 0x00, 0x29, 0x00, 0x00, 0x18, 0x0B, 0x0F, 0x00, 0x67, 0x13, 0x50, 0x1B, 0x1D, 0x6A, 0x63,
    0x00, 0x04, 0x13, 0x04, 0xD4, 0x2D, 0x0F, 0x00, 0x55, 0x02, 0x0A, 0x37, 0x00, 0x02, 0x00, 0x55,
    0x05, 0x00, 0xA7, 0x00, 0x3C, 0x0B, 0x08, 0x96, 0x2D, 0x02, 0xD6, 0x51, 0x07, 0x1C, 0x2D, 0x00,
    0x14, 0x0B, 0x00, 0x12, 0x1B, 0x00, 0x0D, 0x7E, 0x45, 0x05, 0x00, 0xF1, 0x0E, 0x00, 0x8B, 0x02,
    0xD6, 0x47, 0x00, 0x04, 0x0B, 0x00, 0x58, 0x0F, 0x13, 0x50, 0x3B, 0x05, 0x00, 0x61, 0x00, 0x00,
    0x04, 0x37, 0x02, 0x00, 0x4F, 0x04, 0x00, 0x59, 0x00, 0x04, 0x0F, 0x1C, 0x28, 0x53, 0x04, 0x00,
    0xBD, 0x0B, 0x00, 0x3B, 0x06, 0x00, 0x1B, 0x00, 0x03, 0x82, 0x37, 0x00, 0x14, 0x0B, 0x02, 0x00,
    0x55, 0x00, 0x04, 0x23, 0x01, 0x0C, 0x1D, 0x1A, 0xC6, 0x35, 0x00, 0x04, 0x0B, 0x1B, 0xE0, 0x79,
    0x00, 0x01, 0x8C, 0x25, 0x07, 0x1E, 0x1B, 0x19, 0x36, 0x33, 0x13, 0xB2, 0x17, 0x0E, 0xFC, 0x31,
    0x00, 0x10, 0x07, 0x1D, 0x8A, 0x3D, 0x00, 0x04, 0x07, 0x00, 0x02, 0x00, 0x53, 0x19, 0xA2, 0x37,
    0x0E, 0x8A, 0x29, 0x06, 0x90, 0x37, 0x17, 0xDE, 0x2D, 0x00, 0x04, 0x0B, 0x04, 0x06, 0x13, 0x01,
    0x98, 0x17, 0x00, 0x01, 0x9C, 0x21, 0x02, 0x2A, 0x1B, 0x18, 0x0A, 0x37, 0x00, 0x92, 0x17, 0x01,
    0xA8, 0x2D, 0x00, 0x58, 0x55, 0x00, 0x14, 0x0B, 0x02, 0x00, 0x43, 0x00, 0x0E, 0xA0, 0x3D, 0x12,
    0x36, 0x37, 0x00, 0x04, 0x13, 0x1D, 0x8A, 0x3B, 0x04, 0xA8, 0x2D, 0x05, 0x00, 0x3B, 0x16, 0x7A,
    0x3F, 0x1B, 0x60, 0x1D, 0x00, 0x0C, 0x88, 0x1F, 0x03, 0xC0, 0x33, 0x1F, 0xA0, 0x47, 0x02, 0x00,
    0x4D, 0x03, 0x3E, 0x2B, 0x00, 0x04, 0x0F, 0x03, 0x6A, 0x29, 0x1F, 0x22, 0x37, 0x00, 0x04, 0x80,
    0x2D, 0x00, 0x58, 0x2D, 0x00, 0x04, 0x0F, 0x08, 0x02, 0x37, 0x0C, 0x9E, 0x17, 0x00, 0x16, 0x07,
    0x07, 0xD2, 0x35, 0x01, 0x16, 0x25, 0x00, 0x1F, 0x8A, 0x3B, 0x02, 0x00, 0x59, 0x05, 0xC0, 0x4B,
    0x17, 0xA4, 0x3F, 0x00, 0x04, 0x17, 0x0F, 0xE4, 0x49, 0x00, 0x8E, 0x2D, 0x19, 0x4C, 0x3B, 0x00,
    0x09, 0x28, 0x25, 0x15, 0x0A, 0x43, 0x19, 0x24, 0x43, 0x00, 0x14, 0x07, 0x02, 0x00, 0x6D, 0x02,
    0x2A, 0x3B, 0x05, 0x00, 0x3B, 0x00, 0x04, 0x17, 0x00, 0x09, 0x00, 0x3F, 0x00, 0x32, 0x13, 0x00,
    0x2C, 0x19, 0x06, 0xFE, 0x2D, 0x09, 0x00, 0x2D, 0x05, 0x00, 0x25, 0x00, 0x04, 0x13, 0x02, 0xD6,
    0x51, 0x00, 0x02, 0x00, 0x6F, 0x03, 0x00, 0x89, 0x01, 0x40, 0x29, 0x01, 0xC0, 0x3B, 0x08, 0xA8,
    0x2D, 0x05, 0x00, 0x49, 0x07, 0x2A, 0x2D, 0x05, 0x00, 0x55, 0x00, 0x01, 0x96, 0x29, 0x02, 0x00,
    0x57, 0x04, 0x00, 0xD1, 0x03, 0x80, 0x39, 0x03, 0x2A, 0x5D, 0x06, 0x00, 0x6F, 0x0B, 0x00, 0x2D,
    0x02, 0x00, 0x6B, 0x00, 0x00, 0x7E, 0x1F, 0x0D, 0x2C, 0x29, 0x01, 0xD2, 0x33, 0x00, 0xE8, 0x0D,
    0x00, 0xD6, 0x37, 0x0F, 0x6A, 0x3B, 0x07, 0xC0, 0x3F, 0x09, 0x6A, 0x3F, 0x00, 0x00, 0xB2, 0x17,
    0x05, 0x2C, 0x3B, 0x00, 0x14, 0x0B, 0x01, 0x54, 0x21, 0x02, 0x00, 0x63, 0x01, 0xEC, 0x2B, 0x0D,
    0xA8, 0x3F, 0x00, 0xD6, 0x0F, 0x00, 0x02, 0x34, 0x1F, 0x0E, 0x00, 0x29, 0x0E, 0xEA, 0x55, 0x00,
    0x14, 0x0B, 0x04, 0x80, 0x2D, 0x02, 0x2A, 0x37, 0x15, 0x16, 0x3F, 0x0A, 0x16, 0x2D, 0x00, 0x00,
    0x26, 0x0F, 0x02, 0x00, 0x59, 0x01, 0xC0, 0x29, 0x12, 0x8E, 0x31, 0x05, 0x00, 0xEF, 0x00, 0x04,
    0x0F, 0x01, 0xC0, 0x17, 0x05, 0x00, 0x99, 0x00, 0x02, 0x00, 0x67, 0x00, 0x04, 0x07, 0x00, 0xC0,
    0x3B, 0x04, 0x00, 0x59, 0x00, 0x04, 0x0B, 0x02, 0xC0, 0x1D, 0x0A, 0x50, 0x27, 0x04, 0x00, 0x3B,
    0x00, 0x03, 0x2A, 0x2F, 0x06, 0xD6, 0x1B, 0x00, 0x04, 0x13, 0x06, 0x00, 0x55, 0x12, 0xD2, 0x37,
    0x02, 0x00, 0x55, 0x0D, 0xEA, 0x3D, 0x00, 0x68, 0x07, 0x00, 0x0A, 0x5C, 0x11, 0x00, 0x10, 0x07,
    0x1C, 0x96, 0x31, 0x0E, 0x42, 0x15, 0x00, 0x6A, 0x1B, 0x1D, 0xA4, 0x47, 0x02, 0xD6, 0x0F, 0x14,
    0xFC, 0x51, 0x00, 0x19, 0xA8, 0x49, 0x05, 0x04, 0x43, 0x02, 0x00, 0x67, 0x00, 0x04, 0x03, 0x03,
    0x00, 0x3F, 0x00, 0x14, 0x0B, 0x0A, 0xC0, 0x17, 0x18, 0xA8, 0x4D, 0x00, 0x00, 0xD6, 0x07, 0x05,
    0x00, 0x3F, 0x02, 0xD6, 0x4B, 0x01, 0x16, 0x19, 0x00, 0x6A, 0x31, 0x12, 0x14, 0x51, 0x02, 0x00,
    0x7F, 0x01, 0xC0, 0x17, 0x00, 0x18, 0xA8, 0x3B, 0x05, 0x00, 0x43, 0x00, 0x04, 0x0B, 0x1B, 0x82,
    0x1B, 0x00, 0x14, 0x0B, 0x05, 0x00, 0x9D, 0x1E, 0xA8, 0x55, 0x12, 0x14, 0x37, 0x00, 0x02, 0x00,
    0x73, 0x04, 0x00, 0x1F, 0x1C, 0xA8, 0x43, 0x07, 0x40, 0x43, 0x04, 0x00, 0x97, 0x00, 0x58, 0x15,
    0x02, 0xC0, 0x35, 0x06, 0x00, 0x3F, 0x00, 0x14, 0x66, 0x2F, 0x02, 0x00, 0x65, 0x03, 0x62, 0x27,
    0x11, 0x2A, 0x1D, 0x01, 0xCE, 0x51, 0x00, 0x04, 0x13, 0x17, 0x8A, 0x3B, 0x00, 0x04, 0x1F, 0x00,
    0x00, 0xEA, 0x07, 0x0B, 0xA2, 0x3B, 0x03, 0x22, 0x1F, 0x01, 0xF0, 0x17, 0x01, 0x96, 0x2B, 0x17,
    0x7E, 0x17, 0x14, 0xA0, 0x47, 0x02, 0x00, 0x55, 0x00, 0x01, 0x2A, 0x1B, 0x13, 0x36, 0x37, 0x00,
    0x04, 0x13, 0x01, 0x40, 0x17, 0x00, 0x32, 0x13, 0x18, 0x20, 0x33, 0x06, 0x38, 0x55, 0x11, 0x72,
    0x2D, 0x00, 0x01, 0xC0, 0x13, 0x02, 0xD6, 0x3F, 0x00, 0x18, 0x0B, 0x01, 0xD2, 0x0F, 0x1C, 0x4A,
    0x31, 0x02, 0x00, 0x73, 0x05, 0x00, 0xEB, 0x00, 0x6A, 0x23, 0x00, 0x02, 0x2A, 0x19, 0x04, 0x54,
    0x3F, 0x06, 0xF0, 0x23, 0x02, 0x2A, 0x3D, 0x05, 0x00, 0xA7, 0x01, 0x44, 0x3D, 0x1F, 0x76, 0x41,
    0x04, 0x00, 0x3F, 0x00, 0x01, 0x2A, 0x25, 0x16, 0x76, 0x2D, 0x04, 0x00, 0x3B, 0x07, 0x40, 0x29,
    0x00, 0x5A, 0x13, 0x06, 0x00, 0x79, 0x02, 0x00, 0x67, 0x01, 0x68, 0x1D, 0x00, 0x08, 0x54, 0x3F,
    0x0A, 0xC0, 0x07, 0x1F, 0xF6, 0x3B, 0x00, 0x16, 0x1F, 0x00, 0xAC, 0x2F, 0x00, 0x80, 0x29, 0x01,
    0x72, 0x17, 0x15, 0xCE, 0x51, 0x00, 0x06, 0x16, 0x37, 0x02, 0x7E, 0x3B, 0x02, 0x00, 0x6F, 0x1A,
    0xE4, 0x4B, 0x04, 0x3E, 0x23, 0x06, 0x7E, 0x0B, 0x1C, 0xE2, 0x29, 0x00, 0x14, 0x0B, 0x00, 0x04,
    0xA8, 0x2D, 0x02, 0xD6, 0x37, 0x09, 0x00, 0x51, 0x05, 0x00, 0x2D, 0x1A, 0xFA, 0x3B, 0x02, 0xD2,
    0x2D, 0x02, 0x00, 0x63, 0x05, 0x2A, 0x1D, 0x00, 0x0D, 0x54, 0x55, 0x00, 0x04, 0x07, 0x14, 0x36,
    0x3B, 0x09, 0x00, 0x61, 0x05, 0x00, 0x99, 0x18, 0xB6, 0x45, 0x02, 0x00, 0x71, 0x04, 0x00, 0x61,
    0x7E, 0x04, 0xEA, 0x27, 0xA5, 0x1C, 0xC5, 0x1C, 0xA5, 0x1C, 0x00, 0x06, 0x03, 0x04, 0x00, 0x04,
    0x0D, 0x00, 0x16, 0x17, 0xC5, 0x00, 0x16, 0x0C, 0x00, 0x28, 0x11, 0x00, 0x16, 0x29, 0x00, 0x80,
    0xD7, 0x03, 0xD6, 0x35, 0x00, 0x02, 0x00, 0x57, 0x04, 0x00, 0x57, 0x00, 0x46, 0x25, 0x00, 0x12,
    0x09, 0x01, 0xC0, 0x5D, 0x00, 0x30, 0x0F, 0x00, 0x6A, 0x3B, 0x00, 0x80, 0xAD, 0x00, 0x06, 0x00,
    0x69, 0x00, 0x46, 0x23, 0x1D, 0xA0, 0x51, 0x1C, 0xB6, 0x37, 0x01, 0xAA, 0x2D, 0x01, 0xC0, 0x57,
    0x00, 0x80, 0xD3, 0x0E, 0x96, 0x25, 0x00, 0x02, 0x00, 0x67, 0x03, 0x00, 0x69, 0x0A, 0x98, 0x1F,
    0x01, 0xC0, 0x31, 0x01, 0xAA, 0x39, 0x02, 0x40, 0x41, 0x00, 0x80, 0xA9, 0x12, 0x94, 0x3D, 0x00,
    0x02, 0x02, 0x17, 0x02, 0x00, 0x37, 0x1F, 0xE0, 0x1D, 0x15, 0x26, 0x19, 0x1D, 0xA0, 0x3D, 0x01,
    0x3C, 0x0D, 0x1F, 0x76, 0x3D, 0x08, 0xA8, 0x21, 0x00, 0x04, 0x00, 0x17, 0x08, 0xA8, 0x1B, 0x19,
    0x50, 0x45, 0x0F, 0x00, 0x3B, 0x00, 0x04, 0x13, 0x03, 0xE8, 0x25, 0x02, 0x94, 0x0D, 0x02, 0x00,
    0x7D, 0x00, 0x00, 0x04, 0x13, 0x13, 0x50, 0x13, 0x01, 0x94, 0x29, 0x00, 0x2C, 0x25, 0x03, 0xAC,
    0x0D, 0x00, 0x1C, 0x07, 0x00, 0xD6, 0x4F, 0x00, 0x04, 0x03, 0x00, 0x09, 0x00, 0x63, 0x17, 0x6C,
    0x29, 0x02, 0xE8, 0x31, 0x00, 0x34, 0x1D, 0x00, 0xD4, 0x15, 0x05, 0x16, 0x0D, 0x00, 0x60, 0x13,
    0x02, 0x00, 0x67, 0x00, 0x03, 0x00, 0x21, 0x00, 0x1C, 0x0B, 0x1F, 0x7E, 0x43, 0x00, 0x08, 0x05,
    0x05, 0x00, 0x4D, 0x00, 0x04, 0x03, 0x08, 0xA8, 0x2D, 0x02, 0xD6, 0x25, 0x00, 0x04, 0xA8, 0x31,
    0x00, 0x58, 0x1D, 0x05, 0x00, 0x59, 0x00, 0x26, 0x0B, 0x05, 0x00, 0x35, 0x00, 0x1C, 0x0B, 0x02,
    0x00, 0x4B, 0x00, 0x04, 0x13, 0x00, 0x05, 0x00, 0x85, 0x10, 0x2A, 0x29, 0x05, 0x00, 0x3F, 0x0A,
    0xA8, 0x29, 0x03, 0xC0, 0x3B, 0x05, 0x00, 0x3F, 0x00, 0x04, 0x0F, 0x02, 0x82, 0x23, 0x00, 0x05,
    0x00, 0x8F, 0x04, 0x00, 0x5D, 0x00, 0x04, 0x0B, 0x03, 0x80, 0x0F, 0x02, 0x40, 0x2D, 0x00, 0x04,
    0x13, 0x09, 0xBE, 0x55, 0x00, 0x58, 0x33, 0x00, 0x04, 0x00, 0x29, 0x01, 0xC0, 0x2D, 0x02, 0xC0,
    0x3B, 0x00, 0x3E, 0x0D, 0x06, 0x80, 0x2F, 0x00, 0x5A, 0x13, 0x1A, 0x00, 0x35, 0x01, 0x5C, 0x1D,
    0x00, 0x19, 0xE0, 0x3F, 0x00, 0x58, 0x0B, 0x02, 0x80, 0x0D, 0x07, 0x4E, 0x37, 0x02, 0x1A, 0x17,
    0x19, 0x4C, 0x29, 0x00, 0x2A, 0x0F, 0x19, 0x5E, 0x29, 0x00, 0x00, 0x04, 0x0F, 0x00, 0x58, 0x59,
    0x00, 0x10, 0x07, 0x0D, 0x60, 0x29, 0x00, 0x30, 0x1B, 0x02, 0x80, 0x15, 0x02, 0x00, 0x55, 0x00,
    0x36, 0x19, 0x00, 0x00, 0xB8, 0x17, 0x09, 0x78, 0x37, 0x00, 0x3A, 0x0D, 0x06, 0x00, 0x1D, 0x05,
    0x8A, 0x29, 0x0F, 0xDC, 0x29, 0x0C, 0x76, 0x3B, 0x1B, 0xE0, 0x3B, 0x00, 0x00, 0x80, 0x29, 0x00,
    0x04, 0x17, 0x00, 0x80, 0x3B, 0x00, 0x04, 0x0B, 0x15, 0x70, 0x09, 0x0A, 0x10, 0x19, 0x02, 0x00,
    0x4F, 0x04, 0x2A, 0x0D, 0x00, 0x02, 0x9A, 0x19, 0x1E, 0x20, 0x17, 0x03, 0x96, 0x29, 0x05, 0x00,
    0x63, 0x09, 0x74, 0x1B, 0x02, 0x2A, 0x37, 0x02, 0x26, 0x31, 0x07, 0x5C, 0x13, 0x00, 0x0A, 0xCC,
    0x25, 0x00, 0x5A, 0x13, 0x0F, 0x5E, 0x37, 0x05, 0x00, 0x37, 0x02, 0x00, 0x51, 0x01, 0xA8, 0x1D,
    0x04, 0x00, 0x55, 0x15, 0x00, 0x0F, 0xDE, 0x01, 0xDA, 0x23, 0x9A, 0x1C, 0x9A, 0x1C, 0x00, 0x04,
    0x01, 0x63, 0x10, 0x7B, 0x63, 0x10, 0x00, 0x04, 0x01, 0xDE, 0x7B, 0xDE, 0x7B, 0x00, 0x04, 0x01,
    0x8F, 0x9C, 0x77, 0x9C, 0x77, 0x00, 0x04, 0x01, 0x00, 0x20, 0x05, 0x00, 0x10, 0x4D, 0xBD, 0x7C,
    0x00, 0x62, 0x04, 0x00, 0x30, 0x1D, 0x65, 0x7F, 0x65, 0x7F, 0x64, 0x00, 0x04, 0x00, 0x80, 0x00,
    0x80, 0x75, 0x00, 0x10, 0x15, 0x05, 0x80, 0x35, 0x16, 0xD4, 0x05, 0x00, 0x14, 0x07, 0x06, 0x00,
    0x6D, 0x17, 0x0A, 0x51, 0x04, 0x30, 0x03, 0x68, 0x02, 0x05, 0xE0, 0x09, 0x04, 0x58, 0x25, 0x02,
    0x80, 0x4B, 0xBD, 0x7B, 0x02, 0xB0, 0x4D, 0x02, 0x7E, 0x03, 0x00, 0x02, 0x80, 0x25, 0x00, 0x80,
    0x4F, 0x02, 0x80, 0x25, 0x05, 0xD8, 0x25, 0x19, 0x2A, 0x05, 0x02, 0x00, 0x4D, 0x00, 0x80, 0x25,
    0x12, 0xA0, 0x3F, 0x10, 0x06, 0x7E, 0x13, 0x05, 0x00, 0x21, 0x00, 0x66, 0x11, 0x02, 0x80, 0x21,
    0xBB, 0x01, 0xD0, 0x60, 0x05, 0x00, 0x6D, 0x00, 0x10, 0x29, 0x00, 0x01, 0x00, 0x11, 0x04, 0x96,
    0x35, 0x1B, 0xD0, 0x05, 0x00, 0x14, 0x07, 0x02, 0x00, 0x43, 0x05, 0x00, 0x7D, 0x1C, 0xC0, 0x05,
    0x05, 0x00, 0x7B, 0x00, 0x00, 0x10, 0x29, 0x07, 0x02, 0x03, 0x05, 0x00, 0x4B, 0x00, 0x80, 0x4F,
    0x05, 0x00, 0xC5, 0x10, 0xC0, 0x1B, 0x15, 0xF6, 0x37, 0x08, 0x50, 0x05, 0x3C, 0x00, 0xC0, 0x1D,
    0x01, 0x48, 0x0D, 0xC6, 0x1C, 0xC6, 0x1C, 0x00, 0x04, 0x09, 0x02, 0x78, 0x05, 0xF8, 0x02, 0x88,
    0x05, 0x00, 0x20, 0x0D, 0x00, 0x04, 0x25, 0x3F, 0x0A, 0x1F, 0x06, 0x3F, 0x7F, 0x06, 0x1F, 0x06,
    0xDF, 0x67, 0xDF, 0x67, 0x00, 0x04, 0x01, 0x00, 0x00, 0x48, 0x35, 0x00, 0x04, 0x05, 0x05, 0x00,
    0x05, 0x00, 0x48, 0x3D, 0x00, 0x04, 0x4D, 0x00, 0x96, 0x03, 0x03, 0x1C, 0x03, 0x00, 0x04, 0x01,
    0x00, 0x0A, 0x58, 0x0D, 0x16, 0x72, 0x1D, 0x0C, 0x90, 0x0B, 0x17, 0xF6, 0x3B, 0x02, 0xC0, 0x19,
    0x0C, 0xC2, 0x33, 0x03, 0x16, 0x27, 0x12, 0x58, 0x25, 0x04, 0x02, 0x80, 0x65, 0x02, 0x7E, 0x03,
    0x3F, 0x02, 0x80, 0x48, 0x01, 0xE8, 0x03, 0x02, 0x80, 0x8D, 0x02, 0x7E, 0x05, 0x02, 0x82, 0x05,
    0x00, 0x01, 0x60, 0x0D, 0x02, 0x00, 0x1D, 0x11, 0x90, 0x09, 0x1F, 0x20, 0x3B, 0x02, 0xAA, 0x27,
    0x07, 0xEA, 0x29, 0x08, 0x50, 0x27, 0x12, 0x58, 0x15, 0x00, 0x00, 0x2C, 0x0B, 0x05, 0x00, 0x66,
    0x02, 0x7C, 0x00, 0x05, 0x00, 0x4D, 0x00, 0x04, 0x01, 0x05, 0x00, 0x8F, 0x05, 0x9A, 0x05, 0x00,
    0xA2, 0x03, 0x00, 0x02, 0x80, 0x15, 0x01, 0x96, 0x15, 0x04, 0x38, 0x0F, 0x02, 0x00, 0x33, 0x07,
    0x50, 0x1D, 0x02, 0xC2, 0x2B, 0x07, 0xB2, 0x15, 0x00, 0x04, 0x03, 0x00, 0x05, 0x00, 0x15, 0x0A,
    0xD0, 0x0B, 0x00, 0x04, 0x0B, 0x05, 0x00, 0x70, 0x07, 0x82, 0x02, 0x05, 0x00, 0xF7, 0x07, 0x82,
    0x03, 0x05, 0x00, 0x33, 0x00, 0x02, 0x00, 0x2F, 0x15, 0x42, 0x2D, 0x00, 0x2E, 0x03, 0x00, 0x68,
    0x1B, 0x0A, 0x8A, 0x21, 0x00, 0xC0, 0x1D, 0x0B, 0x30, 0x0D, 0x01, 0x50, 0x1D, 0x30, 0x0C, 0x80,
    0x0D, 0x01, 0x98, 0x35, 0x02, 0x78, 0x05, 0x07, 0x86, 0x03, 0x1F, 0x06, 0x05, 0x00, 0xE5, 0x00,
    0x20, 0x0D, 0x00, 0x0C, 0xB0, 0x15, 0x02, 0x00, 0x0D, 0x1B, 0x98, 0x33, 0x00, 0x04, 0x0B, 0x02,
    0xC0, 0x25, 0x00, 0x04, 0x03, 0x18, 0x92, 0x37, 0x00, 0x1A, 0x09, 0x00, 0x00, 0xB8, 0x07, 0x19,
    0x6C, 0x13, 0x02, 0x80, 0x7D, 0x0A, 0x08, 0x05, 0x01, 0xE8, 0x45, 0x02, 0x80, 0x91, 0x05, 0x00,
    0x09, 0x02, 0x80, 0x25, 0x00, 0x01, 0xDC, 0x0D, 0x1B, 0x98, 0x1B, 0x00, 0x04, 0x0F, 0x1D, 0xC4,
    0x19, 0x02, 0x7E, 0x1D, 0x16, 0xEA, 0x07, 0x05, 0x00, 0x39, 0x00, 0x12, 0x03, 0x00, 0x00, 0xB8,
    0x0D, 0x00, 0x28, 0x0D, 0x05, 0x00, 0xC9, 0x0F, 0x00, 0xA1, 0x02, 0x80, 0x21, 0x02, 0x00, 0x11,
    0x05, 0x00, 0x2F, 0x09, 0xD8, 0x11, 0x00, 0x14, 0x00, 0x3F, 0x00, 0x14, 0x0B, 0x05, 0x00, 0xFF,
    0x05, 0x00, 0xFF, 0x02, 0x02, 0x13, 0x05, 0x00, 0x41, 0x00, 0x5C, 0x13, 0x05, 0x16, 0x21, 0x00,
    0x16, 0x68, 0x03, 0x14, 0xC0, 0x11, 0x02, 0x78, 0x0D, 0x01, 0x50, 0x2D, 0x0F, 0x00, 0x47, 0x14,
    0x00, 0xEB, 0x00, 0x30, 0x25, 0x02, 0x88, 0x05, 0x00, 0x02, 0x00, 0x15, 0x18, 0x40, 0x23, 0x1E,
    0x24, 0x35, 0x14, 0x60, 0x17, 0x16, 0xF8, 0x25, 0x00, 0x1A, 0x05, 0x1E, 0xC0, 0x0B, 0x00, 0x30,
    0x0F, 0x12, 0x02, 0x80, 0x03, 0xBD, 0x04, 0xC0, 0x2E, 0x14, 0x00, 0x4C, 0x0A, 0x11, 0x80, 0xE3,
    0x00, 0x98, 0x27, 0x0C, 0x88, 0x13, 0x00, 0x01, 0xD8, 0x0B, 0x0C, 0x88, 0x2F, 0x1B, 0x76, 0x49,
    0x05, 0x00, 0x0B, 0x00, 0x04, 0x0F, 0x00, 0x1E, 0x03, 0x05, 0x00, 0x0D, 0x09, 0xF8, 0x15, 0x00,
    0x05, 0x00, 0x7B, 0x11, 0x80, 0x49, 0x01, 0xEA, 0x03, 0x02, 0x80, 0xCD, 0x02, 0x00, 0x0D, 0x05,
    0x00, 0x0D, 0x00, 0x04, 0x0F, 0x04, 0xFC, 0x35, 0x00, 0x19, 0x60, 0x29, 0x05, 0x00, 0x45, 0x02,
    0x80, 0x77, 0x19, 0x00, 0x4F, 0x01, 0xEA, 0x03, 0x05, 0x00, 0xD5, 0x0A, 0x08, 0x09, 0x05, 0x00,
    0x65, 0x08, 0x04, 0xEA, 0x07, 0x00, 0x40, 0x25, 0x0D, 0x30, 0x0D, 0xA5, 0x08, 0x48, 0x02, 0x00,
    0x2C, 0x09, 0x02, 0x78, 0x35, 0x0F, 0x00, 0x56, 0x00, 0x1E, 0x08, 0x04, 0x02, 0x80, 0xFF, 0x00,
    0x04, 0x0B, 0x02, 0x88, 0x0B, 0x05, 0x00, 0x0F, 0x0C, 0x90, 0x25, 0x09, 0xC0, 0x2D, 0x1E, 0x7E,
    0x0B, 0x00, 0x00, 0x14, 0x03, 0x05, 0x04, 0x2D, 0x05, 0x00, 0x0B, 0x00, 0x3E, 0x0B, 0x02, 0x80,
    0x8D, 0x0F, 0x00, 0x45, 0x0E, 0x60, 0x15, 0x02, 0x80, 0xC1, 0x00, 0x0A, 0x00, 0x11, 0x11, 0x90,
    0x1D, 0x00, 0x04, 0x07, 0x02, 0x7E, 0x33, 0x00, 0x04, 0x03, 0x07, 0x68, 0x1B, 0x07, 0xAA, 0x19,
    0x05, 0x00, 0xA6, 0x00, 0x02, 0x7C, 0x00, 0x05, 0x00, 0xFF, 0x00, 0x04, 0x0F, 0x0A, 0x08, 0x0F,
    0x00, 0x04, 0x03, 0x05, 0x00, 0x07, 0x0A, 0x08, 0x0D, 0x04, 0xA6, 0x17, 0x00, 0x00, 0x1A, 0x09,
    0x14, 0x16, 0x07, 0x02, 0x5C, 0x15, 0x07, 0x6C, 0x2F, 0x00, 0x12, 0x11, 0x05, 0x00, 0xA8, 0x07,
    0x82, 0x02, 0x05, 0x00, 0xFF, 0x00, 0x00, 0x04, 0x0B, 0x05, 0x00, 0x31, 0x1D, 0xF8, 0x25, 0x05,
    0x00, 0x27, 0x00, 0x40, 0x2F, 0x00, 0x98, 0x15, 0x00, 0x34, 0x05, 0x16, 0x68, 0x25, 0x00, 0x14,
    0x00, 0xB1, 0x02, 0x80, 0x89, 0x18, 0xF6, 0x0B, 0x00, 0x98, 0x2F, 0x04, 0x28, 0x05, 0x02, 0x00,
    0x15, 0x0A, 0x00, 0x13, 0x04, 0xC0, 0x39, 0x00, 0x05, 0x22, 0x09, 0x09, 0xFC, 0x37, 0x00, 0x98,
    0x0F, 0x05, 0x7A, 0x0B, 0x02, 0x80, 0x85, 0x0F, 0x00, 0x4D, 0x05, 0x00, 0x8D, 0x02, 0x7E, 0x0B,
    0x00, 0x02, 0x80, 0x37, 0x02, 0x00, 0x15, 0x07, 0x86, 0x05, 0x09, 0xFE, 0x1D, 0x0C, 0x50, 0x11,
    0x18, 0xF8, 0x2B, 0x05, 0x00, 0x3B, 0x02, 0xD6, 0x0D, 0x00, 0x05, 0x00, 0xFF, 0x00, 0x04, 0x63,
    0x19, 0x90, 0x05, 0x05, 0x00, 0x7D, 0x04, 0xD6, 0x27, 0x05, 0x00, 0x5D, 0x00, 0x04, 0x03, 0x05,
    0x00, 0xFF, 0x00, 0x00, 0x04, 0x63, 0x05, 0x00, 0x5D, 0x0F, 0x00, 0x2B, 0x00, 0x14, 0x0B, 0x11,
    0x94, 0x13, 0x00, 0x04, 0x0B, 0x0C, 0xA8, 0x1D, 0x05, 0x16, 0x15, 0x00, 0x05, 0x00, 0x11, 0x04,
    0xF8, 0x41, 0x0F, 0x00, 0x57, 0x14, 0x00, 0xD3, 0x05, 0x00, 0x3D, 0x05, 0x08, 0x0F, 0x02, 0x02,
    0x0B, 0x04, 0x68, 0x1D, 0x00, 0x13, 0xBC, 0x39, 0x07, 0xBE, 0x1F, 0x00, 0x12, 0x17, 0x00, 0x98,
    0x0B, 0x02, 0xEA, 0x07, 0x02, 0x80, 0x95, 0x1E, 0x08, 0x05, 0x05, 0x00, 0xFF, 0x00, 0x00, 0x04,
    0x13, 0x05, 0x08, 0x09, 0x0E, 0x68, 0x21, 0x02, 0x14, 0x0B, 0x16, 0x7E, 0x1F, 0x1D, 0xCC, 0x21,
    0x00, 0x04, 0x03, 0x0A, 0x04, 0x1D, 0x00, 0x00, 0x68, 0x03, 0x05, 0x00, 0xB3, 0x11, 0x80, 0x3F,
    0x0F, 0x00, 0xCD, 0x0A, 0x08, 0x13, 0x01, 0xF0, 0x07, 0x05, 0x00, 0x13, 0x13, 0xBC, 0x37, 0x00,
    0x05, 0x00, 0xFC, 0x14, 0x00, 0xCE, 0x05, 0x00, 0xA5, 0x00, 0x2E, 0x1B, 0x00, 0x40, 0x27, 0x0F,
    0x90, 0x15, 0x18, 0xF8, 0x45, 0x00, 0x40, 0x05, 0x30, 0x0C, 0x80, 0x0D, 0x02, 0xD8, 0x05, 0x00,
    0x20, 0x05, 0x00, 0x10, 0x35, 0xBD, 0x7B, 0x00, 0x12, 0x03, 0x00, 0x40, 0x35, 0x00, 0x01, 0xE8,
    0x05, 0x00, 0x80, 0x75, 0x00, 0x10, 0x0D, 0x05, 0x00, 0x45, 0x19, 0x08, 0x11, 0x18, 0x68, 0x0F,
    0x0F, 0x08, 0x11, 0x00, 0x04, 0x03, 0x80, 0x0E, 0xD6, 0x1B, 0x05, 0x30, 0x1B, 0x0A, 0x52, 0x17,
    0x00, 0x10, 0x07, 0x00, 0x30, 0x05, 0x12, 0x10, 0x1D, 0x02, 0x80, 0x73, 0xBD, 0x01, 0x7B, 0x01,
    0xD0, 0x45, 0x02, 0x80, 0x21, 0x01, 0xF0, 0x01, 0x00, 0x80, 0x75, 0x03, 0x10, 0x13, 0x02, 0x86,
    0x07, 0x02, 0x80, 0x47, 0x00, 0x07, 0x88, 0x1D, 0x00, 0x04, 0x13, 0x04, 0xCA, 0x1D, 0x02, 0x9C,
    0x21, 0x09, 0xF8, 0x1B, 0x00, 0x88, 0x1B, 0x05, 0x00, 0x9D, 0x00, 0x10, 0x29, 0x01, 0xBB, 0x01,
    0xF0, 0x12, 0x01, 0xEC, 0x03, 0x00, 0x80, 0x75, 0x05, 0x90, 0x15, 0x02, 0x82, 0x05, 0x02, 0x80,
    0x45, 0x07, 0x88, 0x21, 0x00, 0x00, 0x04, 0x13, 0x11, 0x76, 0x21, 0x00, 0x04, 0x03, 0x05, 0x00,
    0x0F, 0x0C, 0xB2, 0x1B, 0x05, 0x00, 0x0F, 0x00, 0x24, 0x0F, 0x02, 0x80, 0x9F, 0x20, 0x07, 0x02,
    0x03, 0x05, 0x00, 0x4B, 0x00, 0x80, 0x67, 0x05, 0x00, 0x8B, 0x0C, 0x88, 0x2D, 0x04, 0x13, 0xF0,
    0x08, 0x0C, 0xA0, 0x1B, 0x00, 0x05, 0x00, 0x21, 0x00, 0x46, 0x11, 0x0B, 0x00, 0x41, 0x0D, 0x62,
    0x29, 0x00, 0x04, 0x17, 0x08, 0x40, 0x13, 0x0D, 0x60, 0x25, 0x00, 0x14, 0x0B, 0x00, 0x0D, 0x9E,
    0x1B, 0x06, 0x42, 0x29, 0x00, 0x14, 0x0B, 0x01, 0x80, 0x29, 0x00, 0x04, 0x13, 0x00, 0x80, 0x0D,
    0x0E, 0x00, 0x3D, 0x05, 0x00, 0x29, 0x00, 0x0E, 0xB4, 0x29, 0x00, 0x04, 0x2F, 0x0A, 0x00, 0x21,
    0x01, 0x7E, 0x0F, 0x10, 0x00, 0x43, 0x08, 0x42, 0x13, 0x02, 0x7E, 0x37, 0x02, 0x2A, 0x29, 0x00,
    0x17, 0x8C, 0x29, 0x0B, 0x3E, 0x25, 0x1A, 0x70, 0x25, 0x02, 0xD6, 0x3F, 0x02, 0x80, 0x45, 0x05,
    0x00, 0x27, 0x01, 0x96, 0x21, 0x07, 0x62, 0x0D, 0x00, 0x07, 0x9C, 0x27, 0x00, 0x04, 0x07, 0x05,
    0x00, 0x0B, 0x00, 0x7A, 0x15, 0x17, 0x80, 0x41, 0x02, 0x2A, 0x29, 0x00, 0xC4, 0x17, 0x05, 0x00,
    0x37, 0x00, 0x00, 0x04, 0x0F, 0x02, 0x2A, 0x3F, 0x05, 0xD4, 0x21, 0x15, 0xB0, 0x27, 0x00, 0x04,
    0x07, 0x05, 0x00, 0x75, 0x03, 0xA6, 0x2D, 0x05, 0xE4, 0x2F, 0x00, 0x05, 0x00, 0xFF, 0x00, 0x42,
    0x17, 0x02, 0x2A, 0x1F, 0x03, 0x40, 0x3B, 0x05, 0x00, 0xDD, 0x04, 0x00, 0x37, 0x0F, 0x00, 0x0D,
    0x00, 0x82, 0x0D, 0x00, 0x04, 0xF8, 0x3D, 0x04, 0xEA, 0x47, 0x00, 0x2A, 0x0F, 0x02, 0x40, 0x13,
    0x00, 0x04, 0x13, 0x07, 0x40, 0x29, 0x09, 0xD8, 0x3B, 0x03, 0x2A, 0x3B, 0x00, 0x00, 0x68, 0x13,
    0x18, 0x08, 0x37, 0x00, 0x52, 0x13, 0x1A, 0xF0, 0x0F, 0x03, 0xD6, 0x45, 0x16, 0xB6, 0x27, 0x00,
    0x04, 0x03, 0x05, 0x00, 0x4D, 0x00, 0x19, 0xF8, 0x0F, 0x14, 0x96, 0x29, 0x01, 0xD2, 0x33, 0x0D,
    0x7E, 0x1F, 0x07, 0x40, 0x29, 0x00, 0x3C, 0x0F, 0x02, 0x90, 0x2D, 0x00, 0x6A, 0x49, 0x00, 0x00,
    0x16, 0x05, 0x02, 0x80, 0x37, 0x00, 0x54, 0x13, 0x05, 0x00, 0x05, 0x06, 0x96, 0x37, 0x07, 0x98,
    0x39, 0x00, 0x3C, 0x07, 0x05, 0x00, 0x59, 0x00, 0x04, 0xA8, 0x17, 0x01, 0xC0, 0x37, 0x02, 0xD6,
    0x0F, 0x09, 0x66, 0x23, 0x04, 0x96, 0x21, 0x0A, 0x50, 0x31, 0x0F, 0x16, 0x37, 0x00, 0x6A, 0x2B,
    0x00, 0x05, 0x00, 0x39, 0x00, 0x6A, 0x11, 0x05, 0x00, 0x41, 0x01, 0xC0, 0x27, 0x01, 0x42, 0x17,
    0x05, 0x00, 0x57, 0x00, 0x9A, 0x0F, 0x05, 0xB0, 0x15, 0x00, 0x07, 0x3C, 0x41, 0x05, 0x00, 0xFF,
    0x00, 0x04, 0x13, 0x05, 0x00, 0x5D, 0x02, 0x6C, 0x29, 0x00, 0x04, 0x0B, 0x14, 0x00, 0x13, 0x1D,
    0xF8, 0x3D, 0x00, 0x1C, 0x78, 0x15, 0x00, 0x64, 0x01, 0x03, 0x74, 0x05, 0x00, 0x04, 0x0B, 0x00,
    0x0E, 0x09, 0x03, 0x0E, 0x05, 0x00, 0x28, 0x11, 0x00, 0x16, 0x29, 0xE0, 0x00, 0x6A, 0x1F, 0x00,
    0x80, 0x9D, 0x01, 0x40, 0x07, 0x01, 0x96, 0x03, 0x01, 0x90, 0x05, 0xDF, 0x67, 0xDF, 0x3D, 0x67,
    0x00, 0x04, 0x01, 0x1F, 0x06, 0x3F, 0x06, 0x00, 0x04, 0x01, 0x00, 0x10, 0x05, 0x13, 0x3F, 0x0A,
    0x00, 0x12, 0x03, 0x00, 0x20, 0x09, 0x3F, 0x00, 0x04, 0x00, 0x01, 0x90, 0x11, 0x14, 0x00, 0x19,
    0x30, 0x13, 0xFC, 0x39, 0x0F, 0x00, 0x43, 0x00, 0x22, 0x03, 0x00, 0xF0, 0x03, 0xBD, 0x7B, 0x17,
    0x78, 0x43, 0x05, 0xF0, 0x03, 0x00, 0x01, 0xC0, 0x49, 0x00, 0x38, 0x07, 0x02, 0x2A, 0x3B, 0x00,
    0x80, 0x95, 0x01, 0xAC, 0x0D, 0x02, 0x80, 0x0D, 0x02, 0x7E, 0x03, 0x02, 0x70, 0x0B, 0x00, 0x02,
    0x90, 0x0A, 0x00, 0x0E, 0x02, 0x02, 0x80, 0x09, 0x19, 0x00, 0x33, 0x06, 0x00, 0x1D, 0x09, 0x00,
    0x3D, 0x05, 0x00, 0x8B, 0x02, 0x40, 0x51, 0x00, 0x02, 0x2A, 0x1B, 0x00, 0x80, 0x95, 0x01, 0x40,
    0x07, 0x05, 0x00, 0x24, 0x04, 0xF0, 0x02, 0x05, 0x00, 0x17, 0x19, 0x00, 0x25, 0x05, 0x00, 0x31,
    0x00, 0x09, 0x00, 0x23, 0x00, 0x04, 0x0B, 0x05, 0x00, 0x23, 0x02, 0x80, 0x41, 0x05, 0x00, 0x27,
    0x01, 0xAA, 0x31, 0x02, 0x40, 0x49, 0x00, 0x80, 0x89, 0x00, 0x05, 0x00, 0x30, 0x07, 0x82, 0x02,
    0x05, 0x00, 0x17, 0x02, 0x02, 0x0B, 0x05, 0x00, 0x45, 0x00, 0x04, 0x0F, 0x0D, 0x92, 0x2B, 0x05,
    0x00, 0x11, 0x00, 0x05, 0x54, 0x01, 0x0A, 0xF0, 0x35, 0x1D, 0xF8, 0x09, 0x00, 0xF0, 0x0D, 0x02,
    0xE8, 0x11, 0x0B, 0xC0, 0x3D, 0x06, 0x00, 0x33, 0x17, 0x14, 0x29, 0x00, 0x17, 0x2A, 0x43, 0x00,
    0x2A, 0x0F, 0x00, 0x28, 0x13, 0x05, 0x00, 0x0F, 0x00, 0x04, 0x03, 0x01, 0x90, 0x05, 0x04, 0xD8,
    0x05, 0x02, 0x78, 0x07, 0x00, 0x02, 0x88, 0x0B, 0x02, 0x78, 0x05, 0x00, 0x10, 0x05, 0x0E, 0x10,
    0x13, 0x0F, 0x00, 0x13, 0x02, 0x00, 0x09, 0x11, 0x7E, 0x47, 0x00, 0x04, 0x0B, 0x00, 0x00, 0x38,
    0x0D, 0x05, 0x00, 0x07, 0x05, 0x46, 0x0B, 0x02, 0x80, 0x3D, 0x00, 0x6A, 0x0D, 0x03, 0xEA, 0x05,
    0x05, 0xE4, 0x2D, 0x15, 0xE0, 0x37, 0x00, 0x18, 0x74, 0x29, 0x14, 0xA0, 0x4B, 0x01, 0xC0, 0x07,
    0x02, 0xB8, 0x2F, 0x05, 0x00, 0x05, 0x03, 0x22, 0x0D, 0x01, 0x90, 0x05, 0x02, 0x60, 0x0D, 0x00,
    0x07, 0x76, 0x03, 0x02, 0x90, 0x09, 0x00, 0x10, 0x01, 0x02, 0x90, 0x07, 0x02, 0x80, 0x0D, 0x06,
    0xF8, 0x07, 0x0F, 0x00, 0x05, 0x00, 0x6A, 0x0D, 0x00, 0x18, 0xDC, 0x19, 0x1C, 0xD0, 0x33, 0x00,
    0x14, 0x0B, 0x00, 0x12, 0x0B, 0x14, 0x00, 0x0D, 0x01, 0x40, 0x05, 0x05, 0x00, 0x41, 0x00, 0xD6,
    0x09, 0x00, 0x05, 0x00, 0x07, 0x1D, 0xA0, 0x4B, 0x01, 0x40, 0x0F, 0x00, 0x04, 0x07, 0x02, 0xE8,
    0x3B, 0x00, 0x04, 0x13, 0x05, 0x36, 0x17, 0x02, 0xD6, 0x29, 0x00, 0x00, 0x04, 0x0F, 0x01, 0x28,
    0x09, 0x05, 0x00, 0x03, 0x00, 0x54, 0x0B, 0x05, 0x00, 0x09, 0x02, 0x70, 0x0B, 0x05, 0x00, 0x2D,
    0x02, 0xE8, 0x09, 0x00, 0x05, 0x00, 0x03, 0x03, 0x40, 0x13, 0x04, 0xE2, 0x35, 0x00, 0x04, 0x1B,
    0x05, 0x00, 0x1F, 0x00, 0x04, 0x03, 0x05, 0x00, 0x55, 0x1A, 0xE0, 0x67, 0x00, 0x15, 0x0A, 0x17,
    0x05, 0x00, 0xA9, 0x01, 0x90, 0x0D, 0x05, 0x00, 0x4D, 0x03, 0x40, 0x19, 0x00, 0x12, 0x23, 0x00,
    0x40, 0x3B, 0x05, 0x00, 0x05, 0x00, 0x00, 0x1A, 0x0D, 0x0C, 0x80, 0x41, 0x05, 0x00, 0x13, 0x01,
    0x80, 0x13, 0x02, 0x40, 0x3B, 0x02, 0xC0, 0x4B, 0x04, 0x00, 0x33, 0x0A, 0x62, 0x37, 0x00, 0x0C,
    0x18, 0x0F, 0x0E, 0x10, 0x55, 0x04, 0x10, 0x0B, 0x01, 0x90, 0x09, 0x1B, 0x76, 0x39, 0x04, 0x00,
    0x2D, 0x19, 0x00, 0x13, 0x00, 0x1E, 0x0B, 0x00, 0x11, 0x80, 0x49, 0x0F, 0x00, 0x09, 0x00, 0xDC,
    0x17, 0x01, 0xAA, 0x1B, 0x1B, 0xC0, 0x07, 0x06, 0x14, 0x3B, 0x07, 0x40, 0x1F, 0x00, 0x6A, 0x33,
    0x00, 0x03, 0x40, 0x45, 0x0F, 0x00, 0x09, 0x13, 0x10, 0x4D, 0x06, 0xF8, 0x0B, 0x09, 0x78, 0x0D,
    0x06, 0x00, 0x35, 0x03, 0x6A, 0x2D, 0x0A, 0x00, 0x13, 0x00, 0x05, 0x00, 0xA9, 0x15, 0x06, 0x11,
    0x07, 0xC0, 0x4B, 0x07, 0x40, 0x37, 0x02, 0xD6, 0x3D, 0x0F, 0x00, 0x15, 0x13, 0x10, 0x4B, 0x05,
    0x00, 0x61, 0x00, 0x1E, 0x34, 0x23, 0x05, 0x00, 0x5B, 0x01, 0x7E, 0x07, 0x05, 0x00, 0x3D, 0x00,
    0x04, 0x03, 0x05, 0x00, 0x61, 0x00, 0x04, 0x03, 0x05, 0x00, 0xEB, 0xC8, 0x0D, 0x40, 0x29, 0x1F,
    0xC6, 0x2B, 0x0F, 0x00, 0x23, 0xC5, 0x1E, 0x88, 0x0E, 0x0C, 0x80, 0x35, 0xBD, 0x7B, 0x00, 0x01,
    0x2A, 0x03, 0x0F, 0x00, 0x4B, 0x04, 0xEA, 0x0B, 0x13, 0xCC, 0x51, 0x04, 0xEA, 0x3F, 0x00, 0x2A,
    0x0F, 0x1F, 0xCE, 0x2D, 0x0F, 0x00, 0x21, 0x00, 0x0E, 0x10, 0x37, 0x0F, 0x00, 0x1B, 0x06, 0x00,
    0x39, 0x0B, 0x90, 0x2D, 0x0F, 0x00, 0x13, 0x00, 0x2A, 0x0B, 0x14, 0x00, 0x67, 0x1E, 0xB6, 0x1F,
    0x00, 0x00, 0x30, 0x1D, 0x01, 0xFE, 0x25, 0x02, 0x10, 0x1B, 0x0E, 0x04, 0x39, 0x00, 0x4C, 0x19,
    0x02, 0x82, 0x2B, 0x0F, 0x00, 0x1D, 0x02, 0x80, 0x3D, 0x00, 0x0F, 0x00, 0x17, 0x00, 0x90, 0x0B,
    0x03, 0xA6, 0x27, 0x01, 0xC0, 0x1F, 0x00, 0x14, 0x0B, 0x14, 0x00, 0x1B, 0x08, 0xA8, 0x05, 0x14,
    0x00, 0x45, 0x00, 0x19, 0x00, 0x13, 0x00, 0x04, 0x0B, 0x04, 0xA8, 0x2D, 0x05, 0x00, 0x25, 0x00,
    0x40, 0x0F, 0x14, 0x00, 0x55, 0x00, 0x2A, 0x0F, 0x02, 0x7E, 0x09, 0x00, 0x0A, 0xA8, 0x29, 0x05,
    0x00, 0x75, 0x0D, 0xE8, 0x21, 0x00, 0xBE, 0x15, 0x05, 0x00, 0x3D, 0x19, 0xF0, 0x19, 0x00, 0xF0,
    0x2F, 0x07, 0x82, 0x03, 0x00, 0x05, 0x00, 0x53, 0x02, 0x6C, 0x2D, 0x05, 0x00, 0x51, 0x00, 0x04,
    0x0F, 0x14, 0x92, 0x29, 0x00, 0x48, 0x17, 0x05, 0x00, 0xB9, 0x1D, 0x36, 0x2D, 0x00, 0x00, 0x04,
    0x07, 0x0F, 0x00, 0x09, 0x01, 0xE8, 0x09, 0x0A, 0xF0, 0x3D, 0x04, 0x00, 0x0D, 0x0F, 0x00, 0x1D,
    0x00, 0x04, 0x0F, 0x0C, 0x14, 0x3F, 0x00, 0x07, 0x40, 0x31, 0x04, 0x00, 0x0B, 0x03, 0x2A, 0x3F,
    0x00, 0x26, 0x0B, 0x01, 0xD6, 0x1F, 0x05, 0x00, 0x0B, 0x00, 0x26, 0x07, 0x0B, 0x58, 0x05, 0x00,
    0x14, 0x00, 0x59, 0x05, 0xA8, 0x25, 0x14, 0x00, 0x27, 0x00, 0x14, 0x0B, 0x1F, 0xAA, 0x11, 0x0F,
    0x00, 0x57, 0x09, 0x00, 0x0B, 0x0F, 0x00, 0x47, 0x00, 0x1C, 0x90, 0x3F, 0x0C, 0xAA, 0x37, 0x0D,
    0xE8, 0x2D, 0x00, 0xD4, 0x2F, 0x05, 0x00, 0x09, 0x00, 0x1E, 0x09, 0x14, 0x00, 0x75, 0x00, 0x04,
    0x0F, 0x10, 0x16, 0x7E, 0x35, 0x05, 0x00, 0x15, 0x07, 0x18, 0x11, 0x05, 0x00, 0x3B, 0xBB, 0x05,
    0x00, 0x0C, 0x14, 0x00, 0x49, 0x1F, 0x26, 0x2D, 0x00, 0x0C, 0x40, 0x3F, 0x00, 0x04, 0x07, 0x00,
    0x6A, 0x29, 0x01, 0x96, 0x35, 0x14, 0x00, 0x0F, 0x00, 0x1E, 0x03, 0x19, 0x00, 0x61, 0x15, 0x50,
    0x33, 0x00, 0x19, 0x00, 0x49, 0x19, 0xF0, 0x49, 0x05, 0x00, 0x2D, 0x00, 0x04, 0x0B, 0x08, 0x96,
    0x3B, 0x05, 0x00, 0x73, 0x0A, 0xA8, 0x21, 0x05, 0x00, 0x37, 0x00, 0x07, 0x82, 0x03, 0x05, 0x00,
    0x5B, 0x13, 0x1C, 0x3B, 0x00, 0x04, 0x23, 0x0C, 0x18, 0x0D, 0x00, 0x88, 0x0D, 0x0F, 0x00, 0x5D,
    0x04, 0x92, 0x33, 0x00, 0x02, 0x40, 0x6F, 0x00, 0x2A, 0x13, 0x02, 0x56, 0x2D, 0x0F, 0x00, 0x93,
    0x18, 0x10, 0x03, 0x0F, 0x00, 0x11, 0x00, 0x04, 0x03, 0x01, 0x3E, 0x27, 0x30, 0x12, 0xB2, 0x3D,
    0x03, 0x08, 0x0D, 0x00, 0x7A, 0x05, 0x00, 0xF0, 0x3B, 0xBD, 0x7B, 0x1A, 0x58, 0x11, 0x0C, 0x80,
    0x21, 0x00, 0x01, 0xE0, 0x21, 0x0A, 0xC8, 0x11, 0x0E, 0xA4, 0x3D, 0x13, 0xB2, 0x1B, 0x17, 0xE0,
    0x37, 0x05, 0x0A, 0x13, 0x00, 0x3E, 0x17, 0x1B, 0x80, 0x15, 0x00, 0x02, 0x80, 0x47, 0x1A, 0x90,
    0x07, 0x01, 0x90, 0x11, 0x1B, 0x4C, 0x29, 0x07, 0x8C, 0x23, 0x05, 0x58, 0x1B, 0x16, 0x80, 0x0F,
    0x00, 0x2C, 0x03, 0x00, 0x00, 0xF0, 0x43, 0x1B, 0x80, 0x1F, 0x01, 0xC0, 0x25, 0x00, 0x14, 0x07,
    0x15, 0xDC, 0x31, 0x02, 0x18, 0x21, 0x02, 0x2A, 0x1B, 0x00, 0x04, 0x0B, 0x00, 0x05, 0x20, 0x31,
    0x04, 0x18, 0x23, 0x1B, 0x80, 0x09, 0x02, 0x80, 0x0D, 0x0B, 0x58, 0x01, 0x02, 0x80, 0x43, 0x04,
    0x78, 0x07, 0x08, 0xE4, 0x3B, 0x01, 0x04, 0x05, 0x00, 0x3C, 0x00, 0xF0, 0x01, 0x05, 0x00, 0x51,
    0x00, 0xF0, 0x03, 0x16, 0x80, 0x25, 0x05, 0x00, 0x35, 0x11, 0x22, 0x29, 0x00, 0x1D, 0xA0, 0x45,
    0x03, 0x40, 0x3F, 0x00, 0x2C, 0x1B, 0x05, 0x00, 0x0B, 0x07, 0x80, 0x51, 0x05, 0x00, 0x43, 0x09,
    0xFA, 0x2F, 0x01, 0x18, 0x13, 0x00, 0x05, 0x00, 0x0B, 0x0C, 0x80, 0x49, 0x08, 0x70, 0x0F, 0x05,
    0x00, 0x0D, 0x10, 0xE0, 0x4D, 0x08, 0xBA, 0x25, 0x02, 0xC0, 0x0F, 0x07, 0xD2, 0x1F, 0x00, 0x02,
    0xC0, 0x3B, 0x00, 0x16, 0x27, 0x05, 0x00, 0x0D, 0x00, 0x66, 0x05, 0x0E, 0x10, 0x47, 0x00, 0x04,
    0x03, 0x02, 0xE8, 0x05, 0x1A, 0x36, 0x3B, 0x00, 0x09, 0x00, 0x3F, 0x16, 0x80, 0x13, 0x02, 0x80,
    0x49, 0x16, 0x80, 0x15, 0x1F, 0x9E, 0x2D, 0x1F, 0xF6, 0x29, 0x0F, 0x5A, 0x2F, 0x09, 0x00, 0x43,
    0x30, 0x00, 0x3E, 0x29, 0x00, 0x82, 0x13, 0x11, 0x80, 0x13, 0x13, 0x10, 0x05, 0xBD, 0x7B, 0x18,
    0x10, 0x3D, 0x11, 0x80, 0x23, 0x00, 0x17, 0xF6, 0x33, 0x12, 0xA0, 0x31, 0x05, 0x00, 0x0F, 0x12,
    0x70, 0x49, 0x05, 0x00, 0x17, 0x00, 0xD6, 0x21, 0x04, 0x96, 0x1B, 0x12, 0x76, 0x29, 0x00, 0x01,
    0x5A, 0x1D, 0x05, 0x00, 0x31, 0x14, 0x86, 0x0F, 0x14, 0x8A, 0x2D, 0x05, 0x00, 0x21, 0x00, 0x24,
    0x05, 0x05, 0x00, 0x53, 0x0A, 0x00, 0x0D, 0x00, 0x1A, 0x62, 0x2F, 0x01, 0x40, 0x0F, 0x00, 0x04,
    0x13, 0x05, 0x00, 0x1D, 0x00, 0x24, 0x0D, 0x05, 0x00, 0x5F, 0x04, 0x16, 0x29, 0x05, 0x00, 0x49,
    0x00, 0x09, 0xEA, 0x1F, 0x05, 0x00, 0x97, 0x1D, 0x10, 0x3F, 0x18, 0x78, 0x0B, 0x01, 0x90, 0x0B,
    0x05, 0x00, 0x3D, 0x09, 0x58, 0x2D, 0x05, 0x00, 0x0F, 0x00, 0x0F, 0x00, 0x4D, 0x0A, 0xF0, 0x0B,
    0x0F, 0x00, 0x31, 0x0C, 0x68, 0x29, 0x06, 0x00, 0x31, 0x04, 0x00, 0x33, 0x14, 0xA0, 0x55, 0x05,
    0x00, 0x0B, 0x00, 0x00, 0x20, 0x09, 0x01, 0x90, 0x4B, 0x05, 0x00, 0x0D, 0x06, 0x00, 0x3F, 0x00,
    0x04, 0x07, 0x01, 0xD2, 0x2B, 0x0F, 0x00, 0x59, 0x05, 0x00, 0x17, 0x00, 0x04, 0xEA, 0x43, 0x04,
    0x58, 0x29, 0x00, 0x04, 0x0F, 0x18, 0xA0, 0x33, 0x1E, 0xB6, 0x47, 0x00, 0x80, 0x13, 0x16, 0x80,
    0x0B, 0x04, 0x10, 0x5B, 0x00, 0x16, 0x80, 0x11, 0x05, 0xC2, 0x3D, 0x04, 0x2C, 0x1D, 0x1D, 0x98,
    0x0F, 0x05, 0x00, 0x61, 0x1B, 0x80, 0x17, 0x04, 0x6E, 0x33, 0x02, 0x2A, 0x6F, 0x00, 0x00, 0x14,
    0x0B, 0x19, 0x20, 0x47, 0x00, 0x04, 0x0B, 0x14, 0x00, 0x13, 0x04, 0x10, 0x49, 0x01, 0xF8, 0x09,
    0x05, 0x00, 0x03, 0x1B, 0x50, 0x23, 0x80, 0x11, 0x7E, 0x39, 0x05, 0x00, 0xFF, 0x05, 0x00, 0xB1,
    0x00, 0x30, 0x0B, 0x05, 0x00, 0x99, 0x18, 0x0E, 0x23, 0x14, 0x00, 0x2B, 0x65, 0x3F, 0x7F, 0x65,
    0x7F, 0x65, 0x7F, 0x64, 0x00, 0x04, 0x00, 0x00, 0x08, 0x01, 0x00, 0x00, 0x04, 0x03, 0x00, 0x0E,
    0x05, 0x00, 0x16, 0x0F, 0x00, 0x04, 0x05, 0x00, 0x18, 0x07, 0x00, 0x6C, 0x07, 0x0F, 0x00, 0x29,
    0x0E, 0xA8, 0x2D, 0x00, 0x0A, 0x2C, 0x2F, 0x01, 0x2C, 0x0D, 0x0E, 0x00, 0x37, 0x03, 0x2A, 0x3B,
    0x0F, 0x00, 0x85, 0x00, 0x90, 0x0B, 0x04, 0xFC, 0x2F, 0x05, 0x40, 0x0B, 0x00, 0x04, 0x28, 0x29,
    0x0F, 0x00, 0x1B, 0x02, 0x5A, 0x09, 0x02, 0x58, 0x07, 0x00, 0x12, 0x0F, 0x00, 0x16, 0x15, 0x14,
    0x00, 0x23, 0x00, 0xA6, 0x0B, 0x80, 0x00, 0xFE, 0x1B, 0x00, 0xEA, 0x0F, 0x06, 0x2A, 0x37, 0x12,
    0xEE, 0x31, 0x04, 0xEA, 0x2B, 0x06, 0xD6, 0x1B, 0x0F, 0x00, 0x7D, 0x04, 0x00, 0x09, 0x78, 0x10,
    0x14, 0x00, 0x5D, 0x00, 0x04, 0x0B, 0x05, 0x00, 0x1F, 0x02, 0x6C, 0x27, 0x05, 0x00, 0x51, 0x08,
    0x96, 0x1F, 0x1D, 0x54, 0x27, 0x00, 0x02, 0xD6, 0x27, 0x09, 0x00, 0x3B, 0x00, 0x92, 0x1B, 0x05,
    0x00, 0x7D, 0x00, 0x7A, 0x0B, 0x05, 0x00, 0x47, 0x1A, 0xC0, 0x31, 0x05, 0x00, 0x85, 0x00, 0x11,
    0x56, 0x29, 0x05, 0x00, 0x57, 0x1B, 0x90, 0x0D, 0x1F, 0x56, 0x11, 0x0D, 0x02, 0x3D, 0x05, 0x00,
    0x8D, 0x1E, 0x00, 0x11, 0x14, 0x00, 0x41, 0x00, 0x0B, 0x56, 0x2D, 0x0F, 0x00, 0x15, 0x05, 0x00,
    0x47, 0x00, 0x04, 0x03, 0x05, 0x00, 0x05, 0x01, 0x60, 0x05, 0x00, 0x0C, 0x09, 0x00, 0x0A, 0x05,
    0x00, 0x00, 0x04, 0x07, 0x00, 0x12, 0x0F, 0x00, 0x16, 0x2B, 0x00, 0x28, 0x11, 0x00, 0x80, 0xAB,
    0x01, 0xB2, 0x0D, 0x01, 0x6A, 0x15, 0x02, 0x80, 0x1D, 0x03, 0xBD, 0x7B, 0x02, 0xBA, 0x03, 0x14,
    0x00, 0x17, 0x0F, 0x00, 0x5B, 0x00, 0x38, 0x1D, 0x0F, 0x00, 0x0D, 0x04, 0x6A, 0x05, 0x00, 0x02,
    0x5E, 0x1B, 0x02, 0x86, 0x1F, 0x15, 0xE0, 0x0D, 0x01, 0xC0, 0x35, 0x01, 0xAA, 0x1D, 0x02, 0x40,
    0x5D, 0x00, 0x80, 0x75, 0x04, 0x38, 0x0D, 0x00, 0x01, 0x80, 0x15, 0x0F, 0x00, 0x2F, 0x10, 0xF8,
    0x05, 0x0F, 0x00, 0x13, 0x06, 0x6A, 0x07, 0x18, 0xF8, 0x2F, 0x00, 0x04, 0x07, 0x10, 0xE0, 0x27,
    0x00, 0x05, 0x00, 0x07, 0x00, 0x34, 0x0B, 0x00, 0xEE, 0x07, 0x05, 0x08, 0x33, 0x00, 0x6A, 0x0D,
    0x01, 0xC0, 0x5F, 0x02, 0x2A, 0x33, 0x00, 0x80, 0x95, 0x00, 0x02, 0x02, 0x0D, 0x01, 0x6A, 0x15,
    0x14, 0x00, 0x31, 0x11, 0xE8, 0x07, 0x05, 0x00, 0x05, 0x0B, 0x4C, 0x3B, 0x05, 0x00, 0x99, 0x05,
    0xF0, 0x09, 0x00, 0x01, 0xAA, 0x11, 0x06, 0xC0, 0x33, 0x02, 0x40, 0x3B, 0x00, 0x80, 0xA1, 0x05,
    0x00, 0x47, 0x07, 0x82, 0x03, 0x01, 0xE0, 0x07, 0x05, 0x00, 0x37, 0x00, 0x18, 0xF4, 0x27, 0x0B,
    0xA2, 0x27, 0x05, 0x00, 0x15, 0x00, 0x04, 0x05, 0x0D, 0x70, 0x3B, 0x0F, 0x92, 0x2D, 0x00, 0x10,
    0x07, 0x01, 0x02, 0x2B, 0x00, 0x00, 0x04, 0x27, 0x00, 0x54, 0x0D, 0x04, 0x00, 0x45, 0x14, 0x8A,
    0x25, 0x16, 0xA2, 0x35, 0x0B, 0x88, 0x45, 0x16, 0xE8, 0x0B, 0x04, 0x78, 0x05, 0x00, 0x0D, 0xCE,
    0x39, 0x1F, 0x4A, 0x2D, 0x05, 0x00, 0x13, 0x01, 0x5A, 0x15, 0x02, 0x80, 0x39, 0x15, 0xCE, 0x2D,
    0x00, 0x14, 0x0B, 0x02, 0x7E, 0x43, 0x00, 0x11, 0x38, 0x33, 0x02, 0xFE, 0x31, 0x01, 0x80, 0x1B,
    0x17, 0x40, 0x07, 0x00, 0xC6, 0x33, 0x02, 0x6A, 0x0B, 0x17, 0xF4, 0x13, 0x00, 0x16, 0x11, 0x00,
    0x00, 0x4E, 0x0F, 0x05, 0x00, 0x0F, 0x04, 0x2A, 0x3B, 0x02, 0xBE, 0x2B, 0x03, 0x08, 0x0F, 0x05,
    0x00, 0x59, 0x02, 0x2A, 0x37, 0x02, 0x02, 0x0D, 0x00, 0x01, 0xC0, 0x2B, 0x1D, 0xA0, 0x43, 0x01,
    0x94, 0x39, 0x02, 0xD6, 0x2B, 0x05, 0x00, 0x21, 0x1A, 0x8C, 0x25, 0x05, 0x14, 0x0B, 0x11, 0xE8,
    0x1B, 0x00, 0x05, 0x00, 0xFF, 0x05, 0x00, 0x43, 0x07, 0x18, 0x2D, 0x00, 0x14, 0x0B, 0x00, 0x6A,
    0x17, 0x05, 0x00, 0x47, 0x00, 0x04, 0x03, 0x14, 0x36, 0x35, 0x00, 0x05, 0x00, 0x9B, 0x00, 0x04,
    0x0F, 0x0F, 0x00, 0x31, 0x00, 0x2A, 0x0B, 0x00, 0x28, 0x05, 0x02, 0x80, 0x2D, 0x05, 0x08, 0x19,
    0x1D, 0x74, 0x2D, 0x00, 0x09, 0x96, 0x29, 0x06, 0x00, 0x29, 0x00, 0x88, 0x0F, 0x16, 0xCE, 0x3B,
    0x02, 0xAA, 0x1F, 0x05, 0xB4, 0x2F, 0x00, 0x92, 0x05, 0x16, 0x78, 0x2D, 0x00, 0x05, 0x00, 0x1D,
    0x0F, 0x00, 0x0D, 0x03, 0x2A, 0x45, 0x0F, 0x00, 0x49, 0x05, 0x54, 0x09, 0x02, 0x80, 0x49, 0x02,
    0x52, 0x33, 0x02, 0xAE, 0x1D, 0x00, 0x09, 0xAC, 0x29, 0x1F, 0x2C, 0x13, 0x05, 0xA8, 0x2D, 0x05,
    0x16, 0x2D, 0x0D, 0x36, 0x33, 0x18, 0xF8, 0x33, 0x07, 0x86, 0x0D, 0x01, 0x6E, 0x15, 0x00, 0x0F,
    0x00, 0x19, 0x0D, 0xFE, 0x3F, 0x05, 0x00, 0x43, 0x07, 0x80, 0x31, 0x05, 0x00, 0x1D, 0x1B, 0x76,
    0x2F, 0x02, 0x2A, 0x1F, 0x05, 0x28, 0x3B, 0x00, 0x1D, 0xA0, 0x2B, 0x02, 0xD6, 0x23, 0x02, 0x76,
    0x31, 0x05, 0x00, 0x45, 0x0F, 0x00, 0x1B, 0x05, 0x00, 0x29, 0x00, 0xA6, 0x0F, 0x05, 0x00, 0x45,
    0x00, 0x16, 0x18, 0x09, 0x05, 0x00, 0x6D, 0x00, 0xA6, 0x0F, 0x02, 0x2A, 0x29, 0x05, 0x00, 0x47,
    0x00, 0x04, 0x07, 0x05, 0x00, 0x67, 0x09, 0x66, 0x2D, 0x00, 0x05, 0x00, 0x55, 0x1E, 0x00, 0x0B,
    0x05, 0x00, 0x3D, 0x01, 0x56, 0x25, 0x01, 0x68, 0x11, 0x0F, 0x00, 0x0B, 0x00, 0x4A, 0x0F, 0x02,
    0x48, 0x05, 0x00, 0x02, 0x88, 0x3D, 0x1C, 0x88, 0x05, 0x00, 0x10, 0x05, 0x01, 0x58, 0x05, 0x00,
    0x10, 0x25, 0x01, 0x56, 0x05, 0x00, 0x40, 0x35, 0x00, 0x80, 0x3D, 0x00, 0x00, 0x10, 0x15, 0x01,
    0xEC, 0x05, 0x00, 0x80, 0x55, 0x01, 0x78, 0x35, 0x1B, 0x78, 0x0F, 0x1D, 0x10, 0x0F, 0x04, 0x78,
    0x0B, 0x09, 0xF2, 0x35, 0x80, 0x0F, 0x00, 0x29, 0x00, 0x12, 0x0F, 0x0F, 0x00, 0x1D, 0x02, 0x80,
    0x45, 0x01, 0xF0, 0x3D, 0x01, 0xE8, 0x05, 0x00, 0x20, 0x0B, 0xBD, 0x19, 0x7B, 0x02, 0x50, 0x4D,
    0x00, 0x10, 0x2B, 0xBD, 0x7B, 0x04, 0x68, 0x05, 0x00, 0x70, 0x55, 0x02, 0x80, 0x49, 0x40, 0x1D,
    0x10, 0x0D, 0x0F, 0x00, 0x31, 0x00, 0x28, 0x11, 0x0B, 0xD6, 0x39, 0x14, 0x00, 0x1D, 0x02, 0x80,
    0x71, 0xBB, 0x05, 0x00, 0x50, 0x00, 0x00, 0x80, 0x3D, 0x05, 0x00, 0x3D, 0x00, 0x80, 0x35, 0x05,
    0x00, 0x5F, 0x0B, 0x00, 0x2D, 0x16, 0x7E, 0x23, 0x05, 0x00, 0x31, 0x08, 0xA8, 0x11, 0x00, 0x02,
    0x80, 0x47, 0x06, 0x82, 0x03, 0x05, 0x00, 0x4B, 0x00, 0x50, 0x29, 0x00, 0x80, 0x3B, 0x00, 0x10,
    0x15, 0x05, 0x00, 0x27, 0x00, 0x80, 0x33, 0x00, 0x05, 0x00, 0x61, 0x07, 0x42, 0x0F, 0x15, 0x6A,
    0x31, 0x18, 0x00, 0x3B, 0x05, 0x90, 0x11, 0x0D, 0x80, 0x31, 0x00, 0x04, 0x55, 0x1F, 0x70, 0x25,
    0xDE, 0x00, 0x04, 0x1D, 0x1F, 0x06, 0x3F, 0x06, 0x00, 0x04, 0x01, 0xDF, 0x67, 0x03, 0xDF, 0x67,
    0x00, 0x04, 0x01, 0x00, 0x50, 0x3D, 0x03, 0x18, 0x05, 0x01, 0x20, 0x7D, 0x1A, 0x88, 0x25, 0x09,
    0xF8, 0x29, 0x00, 0x0A, 0x0E, 0x39, 0x00, 0x18, 0x0B, 0x0C, 0xC8, 0x17, 0x00, 0x0C, 0x05, 0x02,
    0x80, 0x07, 0x00, 0x2C, 0x0B, 0x02, 0x80, 0x87, 0x02, 0x82, 0x03, 0x40, 0x02, 0x80, 0x8D, 0x18,
    0x72, 0x05, 0x02, 0x80, 0x9B, 0x01, 0xD4, 0x07, 0x02, 0x80, 0x0D, 0x11, 0x7A, 0x3B, 0x04, 0x02,
    0xA4, 0x30, 0x40, 0x15, 0xDC, 0x13, 0x00, 0x98, 0x05, 0x02, 0xC0, 0x0D, 0x02, 0x80, 0x89, 0x01,
    0xE8, 0x41, 0x02, 0x7E, 0x03, 0x1F, 0x02, 0x80, 0x48, 0x00, 0x03, 0x18, 0x43, 0x05, 0x00, 0x65,
    0x06, 0xE8, 0x0B, 0x1A, 0x4C, 0x3B, 0x0C, 0x8C, 0x35, 0x15, 0xDC, 0x11, 0x05, 0x00, 0xFF, 0x00,
    0x04, 0x33, 0x00, 0x05, 0x00, 0xB9, 0x16, 0x7A, 0x3F, 0x05, 0x00, 0x0D, 0x1F, 0x88, 0x2D, 0x05,
    0x98, 0x17, 0x00, 0x04, 0x07, 0x15, 0x08, 0x33, 0x05, 0x00, 0x95, 0x00, 0x02, 0x78, 0x05, 0x05,
    0x08, 0x05, 0x05, 0x00, 0xCD, 0x04, 0xF8, 0x15, 0x04, 0x68, 0x13, 0x19, 0xDE, 0x25, 0x0C, 0x9E,
    0x13, 0x09, 0xC8, 0x0D, 0x00, 0x0C, 0x76, 0x2F, 0x00, 0x12, 0x07, 0x0C, 0x80, 0x0D, 0x00, 0x2C,
    0x0D, 0x02, 0x80, 0x81, 0x01, 0xE8, 0x41, 0x02, 0x80, 0x05, 0x05, 0x08, 0x05, 0x00, 0x0D, 0x18,
    0x85, 0x02, 0x80, 0x5B, 0x01, 0xEE, 0x07, 0x09, 0x68, 0x15, 0x19, 0xC4, 0x2B, 0x0F, 0x2A, 0x15,
    0x00, 0x1C, 0x17, 0x05, 0x56, 0x1D, 0x00, 0x05, 0x00, 0xFF, 0x00, 0x04, 0x33, 0x05, 0x00, 0x99,
    0x0E, 0x68, 0x1B, 0x0E, 0x98, 0x1B, 0x00, 0x04, 0x07, 0x0A, 0x12, 0x27, 0x05, 0x00, 0xFF, 0x00,
    0x00, 0x04, 0x1F, 0x05, 0x00, 0xFF, 0x05, 0x00, 0x3D, 0x07, 0x82, 0x15, 0x1F, 0xCE, 0x29, 0x00,
    0x7A, 0x17, 0x00, 0xA0, 0x03, 0x02, 0x88, 0x0D, 0x09, 0x04, 0x16, 0x88, 0x3E, 0x0F, 0x00, 0x86,
    0x0A, 0x0F, 0x00, 0xDB, 0x18, 0xF8, 0x15, 0x01, 0xD8, 0x01, 0x04, 0x64, 0x05, 0x00, 0x04, 0x68,
    0x15, 0x02, 0x42, 0x2D, 0x0F, 0x00, 0x23, 0x0A, 0x1A, 0x1F, 0x02, 0x80, 0x0B, 0x00, 0xAA, 0x03,
    0x00, 0x24, 0x0D, 0x02, 0x80, 0x81, 0x00, 0x0F, 0x00, 0xFF, 0x00, 0x04, 0x1F, 0x02, 0x80, 0x0F,
    0x18, 0x60, 0x07, 0x02, 0x7E, 0x07, 0x14, 0x00, 0x2B, 0x16, 0xA2, 0x29, 0x00, 0x52, 0x27, 0x10,
    0x02, 0x92, 0x13, 0x05, 0x00, 0x13, 0x02, 0x80, 0x83, 0x06, 0xE8, 0x41, 0x3F, 0x02, 0x7C, 0x00,
    0x05, 0x00, 0x4D, 0x07, 0x80, 0x89, 0x00, 0x05, 0x00, 0x3D, 0x09, 0xEE, 0x25, 0x05, 0x00, 0x55,
    0x00, 0xA0, 0x03, 0x05, 0x00, 0xDA, 0x07, 0x82, 0x02, 0x05, 0x00, 0xFF, 0x00, 0x20, 0x03, 0x00,
    0x11, 0x82, 0x29, 0x11, 0x72, 0x11, 0x0C, 0xC2, 0x2B, 0x11, 0xB2, 0x1B, 0x03, 0x28, 0x05, 0x05,
    0x00, 0x0B, 0x00, 0x28, 0x0B, 0x02, 0x88, 0x75, 0x18, 0x04, 0x68, 0x45, 0x0F, 0x00, 0x51, 0x05,
    0x00, 0x81, 0xBD, 0x7B, 0x02, 0x7A, 0x03, 0x02, 0x00, 0x15, 0x05, 0x00, 0x05, 0x00, 0x00, 0x18,
    0x07, 0x0C, 0x16, 0x25, 0x13, 0xFC, 0x1F, 0x11, 0x64, 0x23, 0x02, 0xAC, 0x0B, 0x07, 0xD4, 0x15,
    0x05, 0x00, 0x15, 0x02, 0x80, 0xCD, 0x00, 0x0F, 0x00, 0x47, 0x0D, 0x18, 0x43, 0x07, 0x78, 0x51,
    0x00, 0x04, 0x03, 0x01, 0xBE, 0x03, 0x05, 0x00, 0x05, 0x1B, 0x28, 0x29, 0x0A, 0x12, 0x21, 0x00,
    0x02, 0xC2, 0x15, 0x11, 0x9C, 0x1F, 0x00, 0x12, 0x13, 0x05, 0x00, 0x9B, 0x14, 0x00, 0xFF, 0x02,
    0x80, 0x25, 0x0E, 0x58, 0x0F, 0x05, 0x00, 0x11, 0x00, 0x02, 0x02, 0x0B, 0x14, 0x00, 0x29, 0x05,
    0x00, 0xFF, 0x00, 0x04, 0x33, 0x05, 0x00, 0xD7, 0x07, 0x82, 0x03, 0x02, 0x02, 0x0F, 0x05, 0x00,
    0x5B, 0x00, 0x00, 0x04, 0x0F, 0x0F, 0x00, 0x3B, 0x00, 0x5A, 0x05, 0x0D, 0x28, 0x0F, 0x02, 0xC0,
    0x0B, 0x02, 0x88, 0x05, 0x16, 0x98, 0x65, 0x02, 0x80, 0x03, 0x00, 0x14, 0x00, 0x40, 0x04, 0xF8,
    0x04, 0x14, 0x00, 0xBD, 0x01, 0x80, 0x0D, 0x01, 0xC4, 0x07, 0x01, 0xDC, 0x0B, 0x1A, 0xD8, 0x13,
    0x18, 0xAA, 0x29, 0x00, 0x02, 0x00, 0x13, 0x02, 0x82, 0x1B, 0x0A, 0x26, 0x17, 0x02, 0xF8, 0x25,
    0x17, 0x28, 0x09, 0x00, 0x18, 0x07, 0x00, 0x3E, 0x07, 0x02, 0x80, 0x73, 0x02, 0x14, 0x00, 0x46,
    0x0A, 0x11, 0x80, 0xBD, 0x02, 0x80, 0x17, 0x02, 0x00, 0x0B, 0x0E, 0xF6, 0x05, 0x02, 0x00, 0x2D,
    0x00, 0x28, 0x05, 0x00, 0x11, 0x4C, 0x1B, 0x1D, 0xE2, 0x29, 0x0F, 0x72, 0x2B, 0x05, 0x00, 0x19,
    0x11, 0x90, 0x09, 0x02, 0x80, 0x65, 0x1A, 0xE6, 0x03, 0x14, 0x00, 0x41, 0x00, 0x02, 0x82, 0x01,
    0x11, 0x80, 0x49, 0x02, 0x82, 0x03, 0x02, 0x80, 0x7F, 0x01, 0xD8, 0x13, 0x05, 0x00, 0x0F, 0x11,
    0x72, 0x29, 0x02, 0x60, 0x0B, 0x00, 0x0E, 0xFC, 0x19, 0x05, 0x00, 0x25, 0x02, 0x94, 0x25, 0x05,
    0xB8, 0x1D, 0x05, 0x00, 0xBC, 0x02, 0x80, 0xD0, 0x01, 0xA8, 0x07, 0x02, 0x00, 0x09, 0x00, 0x16,
    0x70, 0x11, 0x18, 0xF4, 0x3B, 0x1E, 0x08, 0x15, 0x05, 0x2A, 0x13, 0x1D, 0xF8, 0x25, 0x02, 0xAA,
    0x15, 0x00, 0xC0, 0x0D, 0x03, 0x16, 0x13, 0x03, 0x04, 0x15, 0x01, 0x08, 0x05, 0x0C, 0xA0, 0x55,
    0x05, 0x00, 0x45, 0x0F, 0x00, 0x06, 0x1E, 0x08, 0x04, 0x02, 0x80, 0xA5, 0x00, 0x01, 0x60, 0x0D,
    0x01, 0xAA, 0x0B, 0x01, 0xEA, 0x0F, 0x10, 0xC8, 0x05, 0x02, 0x00, 0x3D, 0x1B, 0x76, 0x3B, 0x00,
    0x7E, 0x25, 0x11, 0x90, 0x1D, 0x18, 0x05, 0xC0, 0x1B, 0x00, 0x12, 0x01, 0x01, 0x20, 0x03, 0xBD,
    0x7B, 0x02, 0x80, 0x55, 0x0B, 0xE6, 0x03, 0x0F, 0x00, 0x8F, 0x00, 0x03, 0x18, 0x45, 0x02, 0x80,
    0x3B, 0x1A, 0xC8, 0x15, 0x04, 0xF8, 0x1D, 0x05, 0x04, 0x45, 0x05, 0x00, 0x1F, 0x14, 0x2E, 0x11,
    0x00, 0x9C, 0x21, 0x00, 0x05, 0x00, 0x1D, 0x00, 0x12, 0x05, 0x05, 0x00, 0x5D, 0x19, 0x00, 0x4F,
    0x1E, 0x08, 0x03, 0x05, 0x00, 0xBF, 0x02, 0x00, 0x13, 0x0E, 0x40, 0x0D, 0x00, 0x02, 0x00, 0x35,
    0x02, 0x94, 0x21, 0x02, 0xA8, 0x17, 0x05, 0x00, 0x6D, 0x02, 0x80, 0x59, 0x05, 0x00, 0x4E, 0x07,
    0x82, 0x02, 0x05, 0x00, 0xC1, 0x00, 0x02, 0x00, 0x11, 0x07, 0x7E, 0x03, 0x05, 0x00, 0x61, 0x00,
    0x04, 0x17, 0x00, 0x40, 0x37, 0x03, 0x54, 0x0F, 0x14, 0xC0, 0x09, 0x0C, 0xDE, 0x0F, 0x00, 0x05,
    0x80, 0x17, 0x01, 0x38, 0x0D, 0x00, 0x10, 0x35, 0x04, 0x68, 0x05, 0x00, 0x30, 0x1D, 0x1D, 0x08,
    0x05, 0x00, 0x70, 0x3D, 0x00, 0x10, 0x25, 0x00, 0x00, 0x98, 0x05, 0x00, 0x80, 0x55, 0x01, 0xEC,
    0x25, 0x06, 0xB0, 0x0B, 0x01, 0xA8, 0x07, 0x02, 0x00, 0x45, 0x01, 0xF8, 0x11, 0x14, 0x46, 0x23,
    0x60, 0x11, 0xC2, 0x1B, 0x19, 0x76, 0x25, 0x19, 0xC0, 0x19, 0x00, 0x42, 0x19, 0x01, 0xF0, 0x43,
    0xBD, 0x7B, 0x05, 0x00, 0x05, 0x00, 0x02, 0x50, 0x5D, 0x00, 0x80, 0x15, 0x00, 0x20, 0x15, 0x05,
    0x00, 0x05, 0x00, 0x80, 0x55, 0x01, 0x56, 0x0B, 0x02, 0x3C, 0x1F, 0x1D, 0x40, 0x07, 0x00, 0x02,
    0x00, 0x4B, 0x00, 0x04, 0x03, 0x13, 0xF0, 0x1F, 0x0F, 0x1A, 0x1B, 0x0C, 0xE6, 0x2D, 0x05, 0x00,
    0x0F, 0x00, 0x94, 0x17, 0x00, 0xD6, 0x13, 0x02, 0x01, 0x60, 0x19, 0xBB, 0x01, 0x90, 0x28, 0x01,
    0xE8, 0x05, 0x01, 0xE0, 0x49, 0x00, 0x80, 0x29, 0x05, 0x00, 0x25, 0x00, 0x80, 0x4D, 0x00, 0x04,
    0xBA, 0x2D, 0x05, 0x00, 0x05, 0x02, 0x00, 0x4D, 0x18, 0xF4, 0x1D, 0x00, 0x04, 0x0B, 0x0A, 0x12,
    0x1B, 0x05, 0x00, 0x43, 0x00, 0x04, 0x07, 0x00, 0x05, 0x00, 0x5F, 0x07, 0x80, 0x01, 0x05, 0x00,
    0x25, 0x07, 0x02, 0x03, 0x05, 0x20, 0x65, 0x05, 0x00, 0x0F, 0x00, 0x80, 0x4B, 0x01, 0x56, 0x0B,
    0x00, 0x05, 0x00, 0x31, 0x00, 0x04, 0x07, 0x02, 0x00, 0x39, 0x00, 0x04, 0x03, 0x11, 0x7A, 0x19,
    0x02, 0xEA, 0x0F, 0x0A, 0x3C, 0x39, 0x17, 0x50, 0x1D, 0x00, 0x0C, 0x98, 0x07, 0x03, 0x16, 0x1B,
    0x0D, 0x58, 0x33, 0x14, 0xBE, 0x2D, 0x00, 0x04, 0x0F, 0x04, 0x00, 0x6F, 0x00, 0x2C, 0x21, 0x06,
    0xD6, 0x25, 0x00, 0x1D, 0xA0, 0x27, 0x1B, 0x60, 0x05, 0x10, 0xA8, 0x1F, 0x02, 0x00, 0x43, 0x0F,
    0x00, 0x65, 0x0A, 0x64, 0x15, 0x02, 0x7E, 0x0B, 0x00, 0xF0, 0x03, 0x00, 0x00, 0xE8, 0x31, 0x00,
    0x34, 0x1D, 0x01, 0x40, 0x3B, 0x0B, 0x00, 0x13, 0x00, 0x54, 0x29, 0x00, 0x80, 0x2D, 0x1D, 0x54,
    0x47, 0x01, 0x3A, 0x2B, 0x00, 0x06, 0x96, 0x03, 0x04, 0x10, 0x09, 0x02, 0x00, 0x5B, 0x1E, 0x04,
    0x13, 0x00, 0xD6, 0x25, 0x04, 0xA8, 0x31, 0x12, 0x58, 0x13, 0x05, 0x00, 0x63, 0x00, 0x00, 0x26,
    0x0B, 0x05, 0x00, 0x35, 0x00, 0x1C, 0x0B, 0x02, 0x2A, 0x43, 0x0D, 0x7E, 0x23, 0x02, 0xD6, 0x35,
    0x01, 0x50, 0x27, 0x05, 0x00, 0x45, 0x00, 0x05, 0xD8, 0x39, 0x01, 0x2E, 0x0F, 0x06, 0xC0, 0x4B,
    0x05, 0x00, 0x51, 0x00, 0x04, 0x0F, 0x02, 0x82, 0x49, 0x05, 0x00, 0x6B, 0x06, 0x80, 0x29, 0x00,
    0x05, 0x00, 0x63, 0x02, 0x00, 0x57, 0x00, 0xB0, 0x25, 0x0A, 0x16, 0x3B, 0x01, 0x2A, 0x1F, 0x00,
    0xF4, 0x07, 0x03, 0x80, 0x2D, 0x01, 0x18, 0x21, 0x00, 0x09, 0x00, 0x27, 0x06, 0x00, 0x5F, 0x00,
    0x04, 0x0B, 0x02, 0x40, 0x3F, 0x00, 0x04, 0x13, 0x01, 0xA8, 0x25, 0x06, 0x80, 0x0F, 0x00, 0x52,
    0x13, 0x00, 0x02, 0x00, 0x5D, 0x05, 0x30, 0x2D, 0x19, 0x60, 0x39, 0x00, 0x04, 0x03, 0x07, 0x88,
    0x15, 0x02, 0x80, 0x13, 0x08, 0x5E, 0x23, 0x00, 0x04, 0x0F, 0x00, 0x02, 0x38, 0x37, 0x08, 0x08,
    0x31, 0x15, 0x8C, 0x29, 0x00, 0x14, 0x07, 0x13, 0x06, 0x1B, 0x05, 0x36, 0x33, 0x01, 0xDC, 0x1F,
    0x00, 0x16, 0x03, 0x00, 0x02, 0x80, 0x1F, 0x02, 0x00, 0x63, 0x00, 0x28, 0x15, 0x04, 0x20, 0x25,
    0x01, 0x2E, 0x31, 0x07, 0x88, 0x13, 0x03, 0x90, 0x23, 0x00, 0x80, 0x3D, 0x00, 0x00, 0x04, 0x0B,
    0x00, 0x4C, 0x2D, 0x09, 0x78, 0x37, 0x04, 0x06, 0x2D, 0x05, 0x8A, 0x29, 0x09, 0x34, 0x21, 0x00,
    0x9A, 0x0D, 0x09, 0x00, 0x11, 0x00, 0x02, 0x00, 0x71, 0x02, 0x82, 0x1B, 0x00, 0x10, 0x07, 0x08,
    0x5E, 0x31, 0x0B, 0x5C, 0x13, 0x05, 0x00, 0x51, 0x1C, 0x74, 0x3F, 0x05, 0x58, 0x19, 0x00, 0x17,
    0xAE, 0x1F, 0x13, 0x0A, 0x33, 0x02, 0xD6, 0x3F, 0x00, 0x58, 0x1F, 0x00, 0x32, 0x0F, 0x05, 0x00,
    0x3B, 0x02, 0x00, 0x4D, 0x0C, 0x88, 0x15, 0x00, 0x04, 0x6A, 0x3B, 0x09, 0xB2, 0x2D, 0x00, 0x30,
    0x0F, 0x02, 0x94, 0x11, 0x02, 0xAA, 0x13, 0x1F, 0x22, 0x05, 0x00, 0x2C, 0x11, 0x00, 0x3E, 0x11,
    0x00, 0x00, 0x16, 0x29, 0x00, 0x80, 0xD7, 0x0C, 0x34, 0x33, 0x02, 0x00, 0x57, 0x02, 0xEE, 0x25,
    0x0C, 0xC8, 0x35, 0x05, 0xC0, 0x19, 0x00, 0x16, 0x11, 0x00, 0x01, 0xC0, 0x55, 0x01, 0xAC, 0x03,
    0x01, 0xEC, 0x25, 0x00, 0x80, 0xD7, 0x04, 0xEE, 0x35, 0x02, 0x00, 0x55, 0x00, 0x4E, 0x27, 0x05,
    0x98, 0x37, 0x00, 0x0F, 0xCA, 0x29, 0x01, 0xAA, 0x2D, 0x01, 0xC0, 0x4F, 0x00, 0x82, 0x03, 0x00,
    0x80, 0xD5, 0x0C, 0x38, 0x2F, 0x02, 0x00, 0x5B, 0x03, 0x00, 0x37, 0x00, 0x09, 0x00, 0x2D, 0x03,
    0x42, 0x19, 0x00, 0x1C, 0x07, 0x01, 0xAA, 0x2D, 0x06, 0xC0, 0x3B, 0x02, 0x40, 0x3B, 0x00, 0x80,
    0xB1, 0x05, 0x00, 0x47, 0x00, 0x02, 0x00, 0x43, 0x12, 0xA0, 0x3D, 0x00, 0x56, 0x19, 0x10, 0x68,
    0x1F, 0x19, 0xE0, 0x37, 0x02, 0xC0, 0x15, 0x0F, 0x00, 0x35, 0x0E, 0x96, 0x43, 0x00, 0x00, 0x04,
    0x13, 0x00, 0xEA, 0x43, 0x00, 0x14, 0x0B, 0x16, 0x8C, 0x2D, 0x07, 0x56, 0x37, 0x02, 0x00, 0x67,
    0x19, 0xE0, 0x45, 0x02, 0x14, 0x0B, 0x00, 0x01, 0xD6, 0x13, 0x18, 0xA0, 0x47, 0x08, 0x48, 0x1D,
    0x1C, 0xB6, 0x31, 0x00, 0x04, 0x0B, 0x1F, 0x20, 0x3B, 0x01, 0xC0, 0x37, 0x0F, 0x00, 0x31, 0x00,
    0x0F, 0xEA, 0x33, 0x02, 0x00, 0x85, 0x03, 0x00, 0x41, 0x00, 0x04, 0x0F, 0x04, 0xA8, 0x17, 0x02,
    0x2A, 0x2F, 0x00, 0xD6, 0x0F, 0x0F, 0xC6, 0x15, 0x00, 0x00, 0x04, 0x07, 0x1B, 0x08, 0x3B, 0x01,
    0xC0, 0x2D, 0x00, 0x18, 0x0F, 0x0B, 0xBC, 0x29, 0x02, 0xD6, 0x3B, 0x02, 0xE8, 0x3B, 0x02, 0x00,
    0x7D, 0x00, 0x03, 0x00, 0x4B, 0x00, 0x1A, 0x0F, 0x0C, 0xF0, 0x1F, 0x05, 0x00, 0x9D, 0x00, 0x6A,
    0x31, 0x01, 0xC0, 0x43, 0x00, 0x18, 0x0F, 0x05, 0x00, 0x9D, 0x00, 0x02, 0x00, 0x2F, 0x00, 0xC0,
    0x2D, 0x16, 0xFC, 0x45, 0x01, 0xD6, 0x47, 0x15, 0x2A, 0x37, 0x00, 0x16, 0x0B, 0x10, 0x1A, 0x27,
    0x06, 0x00, 0x7F, 0x00, 0x02, 0x40, 0x47, 0x02, 0x00, 0x75, 0x00, 0x04, 0x07, 0x0F, 0x18, 0x15,
    0x00, 0xD6, 0x4F, 0x07, 0x40, 0x3F, 0x04, 0xEA, 0x3F, 0x15, 0x68, 0x49, 0x00, 0x1B, 0xC4, 0x21,
    0x06, 0x00, 0x39, 0x00, 0xBE, 0x29, 0x0D, 0x2A, 0x3B, 0x00, 0x0C, 0x03, 0x02, 0x00, 0x65, 0x02,
    0x2A, 0x29, 0x03, 0x00, 0x4B, 0x00, 0x01, 0x04, 0x13, 0x00, 0xD6, 0x4F, 0x00, 0x04, 0x03, 0x02,
    0xD6, 0x2B, 0x05, 0x00, 0x39, 0x04, 0xEA, 0x0F, 0x10, 0x00, 0x43, 0x00, 0x04, 0x0B, 0x00, 0x0B,
    0x00, 0x67, 0x02, 0x00, 0x69, 0x01, 0x68, 0x2D, 0x07, 0x2A, 0x3F, 0x19, 0xD6, 0x51, 0x07, 0x7E,
    0x37, 0x05, 0x00, 0xB3, 0x1E, 0x50, 0x0D, 0x00, 0x03, 0x40, 0x29, 0x00, 0x04, 0x0B, 0x02, 0x00,
    0x6F, 0x04, 0x00, 0x3D, 0x00, 0x04, 0x0F, 0x04, 0x00, 0x19, 0x01, 0x2A, 0x0F, 0x04, 0x00, 0x9F,
    0x00, 0x0D, 0x40, 0x3F, 0x0B, 0xC0, 0x3B, 0x1C, 0xBC, 0x27, 0x06, 0x00, 0x71, 0x00, 0x04, 0x0F,
    0x02, 0x00, 0x35, 0x05, 0x68, 0x17, 0x00, 0x62, 0x0B, 0x00, 0x01, 0xCE, 0x35, 0x00, 0xD6, 0x07,
    0x01, 0xA6, 0x3B, 0x00, 0x28, 0x1F, 0x02, 0x94, 0x0F, 0x00, 0x04, 0x07, 0x13, 0xCC, 0x29, 0x03,
    0x22, 0x29, 0x00, 0x0B, 0x7A, 0x35, 0x00, 0xAC, 0x03, 0x02, 0x38, 0x35, 0x09, 0xB0, 0x17, 0x02,
    0x38, 0x35, 0x02, 0x00, 0x77, 0x00, 0x04, 0x07, 0x01, 0xC0, 0x2B, 0x00, 0x01, 0xD2, 0x1B, 0x01,
    0xC0, 0x37, 0x02, 0x2A, 0x23, 0x01, 0xC0, 0x07, 0x02, 0xD6, 0x51, 0x01, 0x40, 0x13, 0x00, 0x04,
    0x13, 0x07, 0xCE, 0x49, 0x00, 0x1A, 0x0A, 0x37, 0x00, 0x58, 0x39, 0x02, 0x00, 0x79, 0x09, 0x0E,
    0x4F, 0x05, 0x00, 0x51, 0x01, 0x68, 0x23, 0x02, 0x2A, 0x2F, 0x01, 0x56, 0x29, 0x00, 0x00, 0x56,
    0x13, 0x1A, 0xE0, 0x67, 0x0E, 0xB0, 0x23, 0x1B, 0xF6, 0x41, 0x02, 0x00, 0x69, 0x1D, 0xA0, 0x5B,
    0x03, 0x96, 0x41, 0x00, 0x04, 0x07, 0x00, 0x00, 0x6A, 0x51, 0x01, 0x2A, 0x25, 0x00, 0x6A, 0x29,
    0x06, 0x00, 0xCB, 0x02, 0x00, 0x57, 0x03, 0x96, 0x21, 0x0A, 0x56, 0x13, 0x00, 0x04, 0x07, 0x00,
    0x03, 0xA8, 0x29, 0x1E, 0xE0, 0x45, 0x01, 0x40, 0x53, 0x00, 0xAC, 0x19, 0x19, 0xA4, 0x37, 0x14,
    0xA0, 0x5D, 0x02, 0x2A, 0x4D, 0x02, 0x00, 0x67, 0x00, 0x00, 0x04, 0x03, 0x05, 0x00, 0x8B, 0x08,
    0xA8, 0x25, 0x15, 0x76, 0x43, 0x1A, 0x9E, 0x25, 0x09, 0x00, 0x39, 0x01, 0xC0, 0x07, 0x1E, 0x3A,
    0x4D, 0x00, 0x03, 0xC0, 0x8D, 0x00, 0x04, 0x07, 0x05, 0x00, 0x49, 0x00, 0x04, 0x03, 0x09, 0x00,
    0x35, 0x05, 0x00, 0x71, 0x02, 0x56, 0x29, 0x07, 0xD6, 0x51, 0x00, 0x07, 0x7E, 0x2D, 0x05, 0x00,
    0x9B, 0x00, 0x04, 0x03, 0x02, 0x00, 0x51, 0x00, 0x04, 0x03, 0x00, 0xC0, 0x1B, 0x00, 0x1E, 0x19,
    0x04, 0x00, 0xFF, 0x00, 0x00, 0x04, 0x03, 0x06, 0x00, 0x67, 0x03, 0xD6, 0x37, 0x16, 0xE0, 0x29,
    0x02, 0x00, 0x6B, 0x08, 0xC6, 0x39, 0x0B, 0x7E, 0x29, 0x01, 0x02, 0x35, 0x00, 0x00, 0x04, 0x03,
    0x0C, 0x68, 0x43, 0x00, 0x6A, 0x13, 0x18, 0x54, 0x0F, 0x0D, 0x2A, 0x3B, 0x1A, 0xB8, 0x25, 0x0F,
    0x00, 0x35, 0x00, 0xAC, 0x21, 0x00, 0x17, 0xE0, 0x37, 0x02, 0x00, 0x6F, 0x00, 0x04, 0x03, 0x04,
    0xA8, 0x21, 0x19, 0x76, 0x4B, 0x00, 0x04, 0x03, 0x02, 0xD6, 0x63, 0x00, 0x04, 0x13, 0x00, 0x01,
    0xC0, 0x43, 0x02, 0xD6, 0x49, 0x1B, 0xE0, 0x33, 0x08, 0xA6, 0x35, 0x02, 0x00, 0x81, 0x01, 0x9C,
    0x23, 0x06, 0xBC, 0x2D, 0x05, 0x00, 0x55, 0x00, 0x03, 0x92, 0x2F, 0x05, 0x00, 0x77, 0x00, 0x04,
    0x07, 0x03, 0x40, 0x9B, 0x00, 0x04, 0x13, 0x02, 0x00, 0x61, 0x00, 0x2E, 0x0F, 0x1D, 0xA0, 0x31,
    0x00, 0x04, 0x00, 0x75, 0x01, 0x2A, 0x17, 0x02, 0x40, 0x31, 0x04, 0x00, 0x87, 0x1C, 0x14, 0x29,
    0x02, 0xC0, 0x43, 0x02, 0x00, 0x73, 0x08, 0xA8, 0x25, 0x00, 0x06, 0x18, 0x3F, 0x08, 0x16, 0x37,
    0x00, 0x04, 0x1F, 0x16, 0xE8, 0x4D, 0x16, 0x82, 0x1B, 0x00, 0x14, 0x0B, 0x16, 0x7E, 0x31, 0x00,
    0x46, 0x1D, 0x00, 0x1A, 0xD6, 0x3B, 0x07, 0xC0, 0x43, 0x02, 0x00, 0x63, 0x03, 0x00, 0x45, 0x00,
    0x04, 0x0B, 0x01, 0xC0, 0x3F, 0x00, 0x5A, 0x13, 0x00, 0xD6, 0x13, 0x00, 0x01, 0x40, 0x3F, 0x00,
    0x04, 0x0B, 0x02, 0x2A, 0x17, 0x18, 0xA8, 0x35, 0x00, 0x04, 0x03, 0x0B, 0x00, 0x81, 0x00, 0x58,
    0x21, 0x02, 0x00, 0x69, 0x00, 0x09, 0x00, 0x43, 0x05, 0x00, 0x79, 0x03, 0x40, 0x93, 0x00, 0x80,
    0x3F, 0x05, 0x00, 0x6F, 0x02, 0x00, 0x71, 0x09, 0x66, 0x39, 0x04, 0x00, 0x9F, 0x00, 0x00, 0x04,
    0x0F, 0x04, 0x00, 0x6F, 0x00, 0x58, 0x2F, 0x06, 0x00, 0x89, 0x00, 0x04, 0x0B, 0x02, 0x00, 0x55,
    0x15, 0xE0, 0x81, 0x00, 0x04, 0x1B, 0x00, 0x0D, 0x86, 0x13, 0x09, 0xF8, 0x45, 0x15, 0x2C, 0x0F,
    0x1D, 0xA0, 0x35, 0x00, 0x04, 0x0B, 0x02, 0xCA, 0x2D, 0x0D, 0xA2, 0x29, 0x04, 0xB2, 0x21, 0x00,
    0x17, 0xE0, 0xA9, 0x00, 0x04, 0x03, 0x0A, 0x88, 0x3F, 0x03, 0x9C, 0x13, 0x0D, 0xCC, 0x25, 0x00,
    0x5A, 0x13, 0x01, 0x68, 0x13, 0x01, 0x40, 0x49, 0x00, 0x06, 0x1E, 0x1B, 0x03, 0x40, 0x37, 0x00,
    0x58, 0x31, 0x16, 0x1A, 0x45, 0x02, 0x2A, 0x3F, 0x02, 0x00, 0x5D, 0x03, 0x00, 0x59, 0x04, 0xA8,
    0x1F, 0x00, 0x01, 0x40, 0x33, 0x00, 0xD6, 0x17, 0x01, 0xD2, 0x3F, 0x05, 0x6A, 0x4D, 0x00, 0xA4,
    0x1B, 0x1B, 0xB4, 0x3B, 0x03, 0xC0, 0x33, 0x05, 0x00, 0x67, 0x00, 0x02, 0x00, 0x21, 0x0E, 0xA0,
    0x3B, 0x04, 0x16, 0x29, 0x13, 0xF8, 0x55, 0x00, 0x04, 0x0B, 0x05, 0x6A, 0x21, 0x02, 0xC0, 0x0F,
    0x07, 0x7A, 0x1B, 0x00, 0x03, 0x40, 0x2D, 0x0A, 0xF8, 0x49, 0x05, 0x3E, 0x17, 0x0A, 0xF8, 0x3B,
    0x00, 0x58, 0x1B, 0x00, 0x14, 0x0B, 0x02, 0x00, 0x67, 0x00, 0x04, 0x03, 0x00, 0x03, 0x00, 0x25,
    0x05, 0x9C, 0x29, 0x00, 0xAA, 0x1D, 0x03, 0x66, 0x1F, 0x02, 0xD6, 0x3B, 0x00, 0x6A, 0x25, 0x00,
    0x04, 0x17, 0x0B, 0x76, 0x37, 0x00, 0x00, 0x04, 0x0F, 0x0B, 0xE0, 0x31, 0x0D, 0x76, 0x55, 0x00,
    0x2E, 0x0F, 0x02, 0x00, 0x69, 0x0B, 0xAE, 0x37, 0x00, 0x1C, 0x13, 0x00, 0xD6, 0x3B, 0x00, 0x19,
    0xEE, 0x17, 0x05, 0x00, 0x3F, 0x00, 0x2E, 0x0F, 0x05, 0x00, 0x0F, 0x00, 0x04, 0x17, 0x02, 0xD6,
    0x37, 0x13, 0xA0, 0x47, 0x00, 0x40, 0x0F, 0x00, 0x18, 0xA0, 0x3B, 0x0F, 0x24, 0x37, 0x02, 0x00,
    0x55, 0x00, 0x04, 0x03, 0x01, 0xC0, 0x3B, 0x1E, 0xFA, 0x29, 0x0E, 0x16, 0x3B, 0x01, 0xC0, 0x37,
    0x00, 0x1F, 0xB4, 0x29, 0x05, 0x00, 0xFF, 0x02, 0x00, 0x59, 0x04, 0x00, 0x51, 0x13, 0xF8, 0x55,
    0x00, 0x40, 0x0F, 0x02, 0xC0, 0x37, 0x04, 0x00, 0x93, 0x00, 0x06, 0x00, 0x25, 0x03, 0x2A, 0x3F,
    0x06, 0x00, 0x59, 0x01, 0x54, 0x2D, 0x0B, 0x7E, 0x1F, 0x0F, 0x98, 0x3B, 0x0F, 0xC0, 0x37, 0x00,
    0x6A, 0x3F, 0x00, 0x15, 0x22, 0x31, 0x01, 0xEC, 0x51, 0x00, 0x04, 0x0F, 0x00, 0xEA, 0x1D, 0x01,
    0x96, 0x0D, 0x0D, 0xD6, 0x49, 0x00, 0x6A, 0x1B, 0x00, 0x04, 0x13, 0x00, 0x02, 0x00, 0x53, 0x0A,
    0x02, 0x0B, 0x0E, 0x00, 0x3F, 0x02, 0xFC, 0x35, 0x00, 0x04, 0x07, 0x02, 0xD6, 0x51, 0x02, 0x2A,
    0x3F, 0x00, 0x14, 0x0B, 0x00, 0x09, 0xEE, 0x31, 0x02, 0xD6, 0x21, 0x04, 0xA8, 0x25, 0x03, 0xC0,
    0x37, 0x02, 0xD6, 0x0F, 0x02, 0x00, 0x7B, 0x05, 0x00, 0xEB, 0x01, 0x6C, 0x0D, 0x00, 0x05, 0x00,
    0x99, 0x09, 0x2C, 0x15, 0x00, 0x04, 0x0B, 0x08, 0x2E, 0x33, 0x05, 0x00, 0x87, 0x04, 0x00, 0x41,
    0x01, 0xD6, 0x0F, 0x19, 0x58, 0x4B, 0x00, 0x04, 0x00, 0x5B, 0x1D, 0xE2, 0x39, 0x06, 0x00, 0x4D,
    0x01, 0x16, 0x33, 0x06, 0x00, 0x7D, 0x02, 0x00, 0x47, 0x17, 0xC2, 0x31, 0x00, 0x1C, 0x0D, 0x00,
    0x16, 0x7E, 0x4D, 0x00, 0x6A, 0x17, 0x00, 0x04, 0x13, 0x18, 0x96, 0x3F, 0x00, 0x04, 0x13, 0x06,
    0x00, 0x8F, 0x18, 0x7C, 0x25, 0x16, 0x7E, 0x3F, 0x00, 0x02, 0x00, 0x63, 0x00, 0x04, 0x03, 0x02,
    0x2A, 0x3B, 0x03, 0x00, 0x17, 0x00, 0x04, 0x0B, 0x01, 0x40, 0x3F, 0x00, 0x5A, 0x13, 0x01, 0x40,
    0x3B, 0x00, 0x0B, 0x00, 0xD1, 0x05, 0xEA, 0x17, 0x04, 0x2A, 0x51, 0x02, 0x00, 0x3B, 0x1C, 0xC2,
    0x45, 0x00, 0x72, 0x0F, 0x09, 0x6A, 0x37, 0x05, 0x00, 0x5F, 0x00, 0x09, 0x00, 0x23, 0x00, 0x04,
    0x0B, 0x05, 0x00, 0x51, 0x01, 0xC0, 0x13, 0x05, 0x00, 0x33, 0x1B, 0x7E, 0x4B, 0x02, 0x00, 0x57,
    0x04, 0x00, 0x33, 0x00, 0x15, 0x14, 0x29, 0x15, 0x2A, 0x43, 0x00, 0x2A, 0x0F, 0x04, 0x6A, 0x2F,
    0x01, 0xD6, 0x1F, 0x06, 0x00, 0x9D, 0x0B, 0x00, 0x3F, 0x06, 0x00, 0x43, 0x00, 0x02, 0x00, 0x4B,
    0x00, 0x38, 0x2D, 0x00, 0x16, 0x3B, 0x00, 0x12, 0x1F, 0x01, 0x14, 0x07, 0x1F, 0x60, 0x4D, 0x00,
    0x12, 0x0D, 0x1E, 0x08, 0x2F, 0x00, 0x00, 0x42, 0x0F, 0x00, 0x6A, 0x0D, 0x02, 0x44, 0x17, 0x11,
    0xE4, 0x3B, 0x00, 0x6A, 0x0F, 0x00, 0x04, 0x07, 0x17, 0xE0, 0x51, 0x02, 0x00, 0x63, 0x00, 0x00,
    0xD6, 0x2B, 0x00, 0xE8, 0x29, 0x00, 0x04, 0x13, 0x18, 0x8A, 0x29, 0x00, 0x58, 0x2D, 0x00, 0x14,
    0x0B, 0x01, 0xC0, 0x13, 0x19, 0xA0, 0x55, 0x00, 0x01, 0x54, 0x25, 0x00, 0x04, 0x17, 0x1B, 0x76,
    0x49, 0x05, 0x20, 0x27, 0x02, 0x00, 0x7F, 0x13, 0x0A, 0x2F, 0x05, 0x00, 0xA9, 0x00, 0x26, 0x0B,
    0x00, 0x0D, 0xAC, 0x23, 0x03, 0x40, 0x45, 0x02, 0xE8, 0x3F, 0x03, 0x40, 0x67, 0x02, 0x00, 0x79,
    0x00, 0xC0, 0x4D, 0x04, 0x00, 0x7F, 0x06, 0xD6, 0x55, 0x00, 0x04, 0x00, 0x53, 0x0B, 0x3A, 0x41,
    0x02, 0x40, 0x3B, 0x02, 0x00, 0x81, 0x00, 0x04, 0x23, 0x04, 0x00, 0x1F, 0x0B, 0x2A, 0x07, 0x02,
    0x2A, 0x4B, 0x00, 0x0D, 0x74, 0x33, 0x04, 0x00, 0x51, 0x00, 0x04, 0x13, 0x11, 0x26, 0x43, 0x00,
    0x04, 0x03, 0x05, 0xA8, 0x31, 0x0A, 0xEA, 0x21, 0x02, 0x14, 0x3F, 0x00, 0x02, 0x00, 0x53, 0x05,
    0xC0, 0x4D, 0x0C, 0x40, 0x4F, 0x00, 0xD6, 0x2B, 0x0E, 0x20, 0x31, 0x13, 0x20, 0x37, 0x0B, 0x00,
    0x43, 0x00, 0x2E, 0x0F, 0x00, 0x05, 0x00, 0x55, 0x0F, 0x6E, 0x1F, 0x00, 0x04, 0x07, 0x02, 0x00,
    0x67, 0x00, 0x04, 0x23, 0x01, 0xC0, 0x3F, 0x00, 0x04, 0x13, 0x05, 0x00, 0x8F, 0x00, 0x16, 0xF6,
    0x2D, 0x0B, 0x00, 0x3B, 0x00, 0xEA, 0x1B, 0x05, 0x00, 0x3F, 0x00, 0x04, 0x03, 0x05, 0x00, 0x61,
    0x00, 0x04, 0x03, 0x00, 0x6A, 0x27, 0x00, 0x11, 0xCC, 0x43, 0x0C, 0x2A, 0x4D, 0x09, 0x00, 0x61,
    0x04, 0x00, 0x8B, 0x06, 0x00, 0x59, 0x00, 0xEA, 0x0B, 0x13, 0xCC, 0x51, 0x04, 0x6C, 0x39, 0x00,
    0x1E, 0xE0, 0x29, 0x04, 0x04, 0x2D, 0x00, 0x12, 0x37, 0x01, 0xC4, 0x2D, 0x0F, 0x00, 0x2D, 0x02,
    0x7E, 0x19, 0x15, 0xE0, 0x47, 0x00, 0x04, 0x0B, 0x00, 0x1B, 0xE0, 0x43, 0x0A, 0x96, 0x2D, 0x00,
    0x30, 0x1D, 0x02, 0x00, 0x7B, 0x00, 0xD6, 0x29, 0x14, 0x00, 0x55, 0x00, 0x2A, 0x0F, 0x02, 0x7E,
    0x09, 0x00, 0x04, 0xA8, 0x37, 0x1D, 0xA0, 0x6F, 0x04, 0xA8, 0x19, 0x00, 0x6A, 0x29, 0x1B, 0xE0,
    0x3F, 0x02, 0x56, 0x2D, 0x02, 0x00, 0x75, 0x03, 0x00, 0x6D, 0x00, 0x00, 0x04, 0x0F, 0x1C, 0xDE,
    0x3F, 0x01, 0xC0, 0x51, 0x00, 0x68, 0x13, 0x05, 0x00, 0xBB, 0x02, 0x6C, 0x2D, 0x02, 0x00, 0x63,
    0x04, 0x00, 0x57, 0x00, 0x01, 0x2A, 0x3F, 0x00, 0x26, 0x0B, 0x04, 0x00, 0x6B, 0x02, 0x98, 0x37,
    0x02, 0xC0, 0x2D, 0x00, 0x2A, 0x0F, 0x06, 0x00, 0x2D, 0x00, 0x04, 0x0F, 0x00, 0x0E, 0x14, 0x3F,
    0x02, 0x00, 0x6B, 0x04, 0x00, 0x4F, 0x18, 0x00, 0x4B, 0x02, 0x94, 0x33, 0x00, 0x58, 0x49, 0x1E,
    0x3A, 0x1B, 0x0D, 0x2A, 0x3B, 0x00, 0x00, 0x14, 0x0B, 0x1E, 0x50, 0x31, 0x08, 0x6C, 0x3F, 0x00,
    0x04, 0x07, 0x02, 0x00, 0x69, 0x09, 0x00, 0x4B, 0x00, 0x04, 0x03, 0x07, 0x40, 0x59, 0x00, 0x02,
    0x2A, 0x3B, 0x03, 0x40, 0x59, 0x0A, 0xA8, 0x45, 0x0F, 0x42, 0x31, 0x03, 0x68, 0x2D, 0x02, 0xD6,
    0x33, 0x02, 0x00, 0x53, 0x09, 0x00, 0x55, 0x00, 0x01, 0xC0, 0x3B, 0x05, 0x00, 0x81, 0x0E, 0x6A,
    0x3B, 0x00, 0x04, 0x13, 0x05, 0x00, 0x55, 0x00, 0x04, 0x0B, 0x0B, 0x00, 0x81, 0x05, 0x00, 0x27,
    0x00, 0x04, 0x00, 0x6B, 0x02, 0x56, 0x29, 0x0F, 0x00, 0x55, 0x01, 0xD6, 0x33, 0x10, 0xD2, 0x29,
    0x06, 0x00, 0x85, 0x00, 0x04, 0x0B, 0x06, 0x00, 0x81, 0x00, 0x08, 0xC8, 0x1B, 0x00, 0x04, 0x13,
    0x00, 0xA2, 0x1D, 0x13, 0xB2, 0x1B, 0x15, 0xE0, 0x37, 0x1E, 0xCA, 0x1B, 0x15, 0xE0, 0x47, 0x00,
    0x04, 0x07, 0x00, 0x01, 0xE0, 0x4D, 0x08, 0x08, 0x3B, 0x1B, 0xE0, 0x51, 0x02, 0x00, 0x89, 0x00,
    0x04, 0x27, 0x01, 0xC0, 0x1D, 0x02, 0x2A, 0x1B, 0x00, 0x04, 0x0B, 0x00, 0x1D, 0xA0, 0x3F, 0x02,
    0xE8, 0x43, 0x07, 0x9E, 0x37, 0x15, 0xCE, 0x31, 0x00, 0x14, 0x0B, 0x16, 0x1A, 0x29, 0x1B, 0xE0,
    0x37, 0x06, 0x06, 0x25, 0x00, 0x00, 0x04, 0x1F, 0x02, 0x00, 0x53, 0x1C, 0xE2, 0x29, 0x00, 0x14,
    0x0B, 0x1D, 0xA0, 0x3F, 0x01, 0x40, 0x33, 0x1D, 0xA0, 0x29, 0x0C, 0x88, 0x1F, 0x00, 0x05, 0x00,
    0x3B, 0x1A, 0xA2, 0x3B, 0x00, 0xFC, 0x21, 0x05, 0x00, 0x59, 0x0A, 0xE2, 0x29, 0x02, 0x00, 0x55,
    0x07, 0xF8, 0x31, 0x00, 0xC0, 0x0F, 0x00, 0x01, 0x2A, 0x1F, 0x1D, 0x36, 0x3F, 0x04, 0x00, 0x3B,
    0x1D, 0xA0, 0x5D, 0x00, 0x04, 0x03, 0x08, 0x26, 0x43, 0x06, 0x00, 0x8B, 0x02, 0x00, 0x67, 0x00,
    0x00, 0x04, 0x03, 0x01, 0x2E, 0x1D, 0x17, 0x06, 0x31, 0x0B, 0x60, 0x3B, 0x05, 0xA8, 0x29, 0x04,
    0xEA, 0x2D, 0x09, 0x00, 0x51, 0x00, 0x04, 0x0B, 0x00, 0x07, 0xC0, 0x3F, 0x00, 0xBE, 0x43, 0x06,
    0x58, 0x25, 0x02, 0x00, 0x79, 0x00, 0xAA, 0x2F, 0x03, 0x00, 0x37, 0x08, 0x08, 0x0F, 0x12, 0x8A,
    0x2D, 0x00, 0x01, 0xC0, 0x37, 0x01, 0x7A, 0x31, 0x19, 0x36, 0x37, 0x0F, 0x5E, 0x3F, 0x02, 0x7E,
    0x33, 0x17, 0x30, 0x1F, 0x0B, 0x00, 0x3B, 0x02, 0x00, 0x49, 0x00, 0x00, 0x04, 0x07, 0x0A, 0x40,
    0x29, 0x04, 0xC2, 0x3B, 0x05, 0x00, 0x87, 0x00, 0xF4, 0x1F, 0x02, 0xD6, 0x3B, 0x05, 0x00, 0x51,
    0x0B, 0xBE, 0x2D, 0x00, 0x05, 0x00, 0x45, 0x02, 0x00, 0x57, 0x04, 0x00, 0x67, 0x12, 0xA0, 0x55,
    0x00, 0x04, 0x0B, 0x04, 0x00, 0x31, 0x0E, 0xD4, 0x2D, 0x06, 0x00, 0x51, 0x00, 0x0C, 0xD6, 0x51,
    0x06, 0x00, 0x8B, 0x0F, 0x00, 0x2F, 0x00, 0x04, 0x0F, 0x1F, 0xB4, 0x3F, 0x1C, 0xB6, 0x3B, 0x01,
    0x56, 0x1D, 0x01, 0xCE, 0x0D, 0x00, 0x04, 0x00, 0x37, 0x09, 0xFC, 0x21, 0x04, 0xAC, 0x43, 0x00,
    0xEA, 0x33, 0x12, 0x40, 0x47, 0x02, 0x00, 0x6F, 0x02, 0x2A, 0x65, 0x00, 0x14, 0x0B, 0x00, 0x19,
    0x20, 0x47, 0x00, 0x04, 0x0B, 0x04, 0xA8, 0x2D, 0x04, 0x2C, 0x2F, 0x02, 0xD6, 0x0F, 0x06, 0x46,
    0x23, 0x07, 0x68, 0x3B, 0x0F, 0x5C, 0x3B, 0x00, 0x19, 0xA0, 0x6B, 0x00, 0x3C, 0x0F, 0x00, 0x28,
    0x19, 0x05, 0x00, 0xD7, 0x00, 0x30, 0x0F, 0x04, 0xA8, 0x23, 0x00, 0x04, 0x0F, 0x05, 0x00, 0x87,
    0x00, 0x12, 0x38, 0x1F, 0x05, 0x00, 0xB9, 0x06, 0xD6, 0x59, 0x00, 0x04, 0x0F, 0x1A, 0x82, 0x43,
    0x04, 0x00, 0x41, 0x14, 0x0E, 0x23, 0x06, 0x00, 0x69, 0x00, 0x05, 0xA8, 0x31, 0x06, 0x00, 0x75,
    0x02, 0x00, 0x47, 0x00, 0x04, 0x03, 0x0D, 0x92, 0x3F, 0x0F, 0x00, 0x3B, 0x00, 0x0C, 0x03, 0x06,
    0xD6, 0x1B, 0x00, 0x15, 0x68, 0x43, 0x05, 0x16, 0x13, 0x00, 0x5A, 0x13, 0x16, 0x7E, 0x3B, 0x16,
    0xE8, 0x37, 0x02, 0xD6, 0x3F, 0x00, 0xEA, 0x17, 0x08, 0x2A, 0x51, 0x00, 0x14, 0x00, 0x41, 0x00,
    0x14, 0x0B, 0x00, 0xD6, 0x29, 0x09, 0x00, 0x51, 0x19, 0x16, 0x2D, 0x18, 0x28, 0x37, 0x06, 0x7E,
    0x3B, 0x02, 0x2A, 0x43, 0x00, 0x05, 0x00, 0x45, 0x01, 0x96, 0x1F, 0x19, 0x54, 0x3B, 0x02, 0x00,
    0x51, 0x00, 0x04, 0x03, 0x0E, 0x00, 0x37, 0x01, 0x40, 0x13, 0x00, 0x04, 0x13, 0x00, 0x08, 0x2C,
    0x2D, 0x05, 0x00, 0x57, 0x00, 0x80, 0x35, 0x05, 0x00, 0x81, 0x0A, 0x54, 0x29, 0x05, 0x00, 0x57,
    0x02, 0x00, 0x45, 0x04, 0x00, 0xDF, 0x00, 0x01, 0x2A, 0x0F, 0x0B, 0x56, 0x3D, 0x0F, 0x00, 0x69,
    0x01, 0xA0, 0x23, 0x06, 0x00, 0xAB, 0x00, 0xD6, 0x03, 0x00, 0x4E, 0x35, 0x01, 0xF0, 0x17, 0x00,
    0x00, 0xB8, 0x2F, 0x04, 0x92, 0x2D, 0x00, 0x04, 0x0B, 0x01, 0xCE, 0x1F, 0x01, 0xC0, 0x07, 0x04,
    0x8E, 0x4D, 0x02, 0x82, 0x0F, 0x01, 0x54, 0x17, 0x00, 0x00, 0x04, 0x17, 0x15, 0xE0, 0x37, 0x06,
    0x0E, 0x39, 0x02, 0x00, 0x81, 0x1B, 0x0C, 0x3B, 0x18, 0x4C, 0x43, 0x03, 0xEA, 0x31, 0x00, 0x04,
    0x0B, 0x00, 0x07, 0x22, 0x37, 0x00, 0x04, 0x0F, 0x10, 0xE0, 0x27, 0x01, 0xC0, 0x2B, 0x02, 0x2A,
    0x51, 0x1B, 0xE0, 0x55, 0x02, 0x00, 0x65, 0x01, 0x40, 0x39, 0x00, 0x03, 0x00, 0x2F, 0x00, 0xC0,
    0x3F, 0x00, 0x04, 0x13, 0x05, 0x00, 0xA1, 0x11, 0xE0, 0x43, 0x02, 0xD6, 0x4B, 0x02, 0x00, 0x83,
    0x00, 0x04, 0x27, 0x00, 0x04, 0x00, 0x77, 0x01, 0x2A, 0x2B, 0x0D, 0xE2, 0x2D, 0x06, 0x00, 0x7D,
    0x03, 0x2A, 0x4D, 0x06, 0x00, 0x3B, 0x00, 0x04, 0x17, 0x02, 0x00, 0x55, 0x00, 0x05, 0xC0, 0x4B,
    0x04, 0x00, 0x4F, 0x0C, 0x40, 0x07, 0x07, 0x9C, 0x3B, 0x00, 0xAC, 0x29, 0x18, 0xA4, 0x2D, 0x06,
    0x00, 0x43, 0x00, 0xAC, 0x19, 0x00, 0x00, 0x04, 0x17, 0x16, 0x4A, 0x2F, 0x00, 0x04, 0x23, 0x02,
    0x00, 0x67, 0x1D, 0xA0, 0x4F, 0x07, 0x94, 0x4D, 0x02, 0x2A, 0x31, 0x15, 0x4E, 0x3F, 0x00, 0x00,
    0xB6, 0x17, 0x02, 0x2A, 0x21, 0x0E, 0x24, 0x33, 0x0B, 0x00, 0x4F, 0x03, 0xC0, 0x2B, 0x02, 0x00,
    0x6D, 0x0A, 0xC0, 0x4D, 0x0E, 0xCC, 0x31, 0x00, 0x09, 0x00, 0x59, 0x05, 0x00, 0xA9, 0x00, 0x04,
    0x07, 0x05, 0x00, 0x67, 0x02, 0x00, 0x7B, 0x01, 0x6C, 0x35, 0x04, 0x00, 0x67, 0x03, 0xB4, 0x2F,
    0x00, 0x04, 0x00, 0x93, 0x0B, 0x00, 0x3F, 0x1D, 0x74, 0x29, 0x06, 0x00, 0x55, 0x02, 0x00, 0x4B,
    0x17, 0xCC, 0x2D, 0x06, 0x7E, 0x29, 0x00, 0x04, 0x0F, 0x00, 0x0A, 0x16, 0x31, 0x0B, 0x36, 0x33,
    0x10, 0xAA, 0x2D, 0x00, 0x04, 0x13, 0x1B, 0xE0, 0x37, 0x00, 0xEA, 0x3B, 0x02, 0xD6, 0x3B, 0x15,
    0x50, 0x1B, 0x00, 0x19, 0xCC, 0x3B, 0x02, 0x00, 0x4D, 0x0E, 0x28, 0x41, 0x06, 0x98, 0x3B, 0x0C,
    0x68, 0x43, 0x15, 0xAA, 0x3B, 0x00, 0x04, 0x0B, 0x05, 0x00, 0x43, 0x00, 0x00, 0x40, 0x0F, 0x10,
    0x00, 0x51, 0x04, 0xA4, 0x1F, 0x02, 0xD6, 0x51, 0x00, 0x04, 0x07, 0x02, 0x00, 0x3D, 0x03, 0x00,
    0x35, 0x00, 0x04, 0x07, 0x00, 0x05, 0x00, 0x67, 0x1A, 0x22, 0x3B, 0x05, 0x00, 0x47, 0x00, 0xC2,
    0x1D, 0x05, 0x00, 0x59, 0x00, 0x3C, 0x0F, 0x0A, 0x50, 0x2D, 0x05, 0x00, 0x43, 0x00, 0x00, 0x04,
    0x07, 0x05, 0x00, 0x3D, 0x00, 0x04, 0x0F, 0x09, 0x00, 0x73, 0x01, 0x7E, 0x0F, 0x04, 0x00, 0x67,
    0x00, 0x44, 0x0F, 0x18, 0x6A, 0x31, 0x00, 0x05, 0x72, 0x33, 0x06, 0x00, 0xD5, 0x14, 0x00, 0x41,
    0x00, 0x04, 0x0F, 0x04, 0x00, 0x29, 0x00, 0x18, 0x0B, 0x0F, 0x00, 0x67, 0x13, 0x50, 0x1B, 0x00,
    0x1D, 0x6A, 0x63, 0x00, 0x04, 0x13, 0x04, 0xD4, 0x2D, 0x0F, 0x00, 0x55, 0x02, 0x0A, 0x37, 0x02,
    0x00, 0x55, 0x05, 0x00, 0xA7, 0x00, 0x3C, 0x0B, 0x00, 0x08, 0x96, 0x2D, 0x02, 0xD6, 0x51, 0x07,
    0x1C, 0x2D, 0x00, 0x14, 0x0B, 0x00, 0x12, 0x1B, 0x0D, 0x7E, 0x45, 0x05, 0x00, 0xF1, 0x0E, 0x00,
    0x8B, 0x00, 0x02, 0xD6, 0x47, 0x00, 0x04, 0x0B, 0x00, 0x58, 0x0F, 0x13, 0x50, 0x3B, 0x05, 0x00,
    0x61, 0x00, 0x04, 0x37, 0x02, 0x00, 0x4B,
];

static TRACK_3_15BPP: [u8; 13086] = [
    0x2F, 0x24, 0x15, 0x24, 0x15, 0x00, 0x04, 0x0F, 0x04, 0x00, 0x14, 0x10, 0x00, 0x04, 0x03, 0x00,
    0x00, 0x1A, 0x01, 0x00, 0x1E, 0x0B, 0x00, 0x12, 0x0F, 0x00, 0x16, 0x1B, 0x00, 0x5A, 0x13, 0x00,
    0x2C, 0x21, 0x00, 0x54, 0x05, 0x00, 0x80, 0x21, 0x00, 0x00, 0x04, 0x17, 0x00, 0x58, 0x21, 0x00,
    0x6A, 0x17, 0x00, 0x66, 0x2D, 0x00, 0x58, 0x33, 0x01, 0x28, 0x1F, 0x00, 0x54, 0x0B, 0x00, 0x34,
    0x0F, 0x00, 0x01, 0x80, 0x2D, 0x00, 0x04, 0x0B, 0x02, 0x00, 0x6F, 0x00, 0x60, 0x2D, 0x01, 0x3C,
    0x2D, 0x00, 0xA2, 0x25, 0x00, 0x04, 0x17, 0x01, 0x72, 0x0F, 0x00, 0x02, 0xB8, 0x29, 0x00, 0xF8,
    0x29, 0x00, 0xC2, 0x21, 0x00, 0xBE, 0x25, 0x02, 0xCA, 0x2D, 0x01, 0xB8, 0x25, 0x03, 0x34, 0x17,
    0x00, 0x5A, 0x13, 0x00, 0x01, 0x96, 0x37, 0x02, 0x00, 0x6D, 0x03, 0x48, 0x3B, 0x01, 0x14, 0x0F,
    0x00, 0xD6, 0x1B, 0x01, 0x98, 0x29, 0x00, 0x0C, 0x03, 0x02, 0x2A, 0x1B, 0x00, 0x01, 0x40, 0x37,
    0x00, 0x92, 0x13, 0x03, 0x40, 0x3F, 0x00, 0x58, 0x31, 0x03, 0x90, 0x25, 0x05, 0xA0, 0x29, 0x02,
    0x2A, 0x33, 0x02, 0x00, 0x5D, 0x00, 0x03, 0x00, 0x59, 0x04, 0xA8, 0x1F, 0x01, 0x40, 0x33, 0x00,
    0xD6, 0x17, 0x01, 0xD2, 0x3F, 0x05, 0x6A, 0x4D, 0x00, 0xA4, 0x1B, 0x06, 0xB8, 0x37, 0x00, 0x03,
    0xC0, 0x37, 0x05, 0x00, 0x67, 0x02, 0x00, 0x21, 0x01, 0x56, 0x37, 0x04, 0x16, 0x2D, 0x02, 0x2A,
    0x3B, 0x04, 0x16, 0x3B, 0x03, 0x96, 0x1D, 0x00, 0x07, 0x7A, 0x1B, 0x03, 0x40, 0x2D, 0x0A, 0xF8,
    0x49, 0x05, 0x3E, 0x17, 0x0A, 0xF8, 0x3B, 0x00, 0x58, 0x1B, 0x00, 0x14, 0x0B, 0x02, 0x00, 0x67,
    0x00, 0x00, 0x04, 0x03, 0x03, 0x00, 0x25, 0x05, 0x9C, 0x29, 0x00, 0xAA, 0x1D, 0x03, 0x66, 0x1F,
    0x02, 0xD6, 0x3B, 0x00, 0x6A, 0x25, 0x00, 0x04, 0x17, 0x00, 0x0B, 0x76, 0x37, 0x00, 0x04, 0x0F,
    0x0B, 0xE0, 0x31, 0x0D, 0x76, 0x55, 0x00, 0x2E, 0x0F, 0x02, 0x00, 0x69, 0x0B, 0xAE, 0x37, 0x00,
    0x1C, 0x13, 0x00, 0x00, 0xD6, 0x3B, 0x04, 0xA8, 0x13, 0x05, 0x00, 0x43, 0x00, 0x2E, 0x0F, 0x05,
    0x00, 0x0F, 0x00, 0x04, 0x17, 0x02, 0xD6, 0x37, 0x0B, 0xC0, 0x3F, 0x00, 0x01, 0x54, 0x29, 0x00,
    0xC4, 0x17, 0x05, 0x00, 0x37, 0x00, 0x04, 0x0F, 0x02, 0x00, 0x55, 0x00, 0x04, 0x03, 0x01, 0xC0,
    0x3B, 0x03, 0x00, 0x25, 0x00, 0x01, 0x40, 0x29, 0x05, 0x00, 0x49, 0x10, 0xB4, 0x1B, 0x01, 0x76,
    0x17, 0x05, 0x00, 0xFF, 0x02, 0x00, 0x51, 0x04, 0x00, 0x51, 0x13, 0xF8, 0x55, 0x00, 0x00, 0x40,
    0x0F, 0x02, 0xC0, 0x37, 0x04, 0x00, 0x93, 0x06, 0x00, 0x25, 0x03, 0x2A, 0x3F, 0x06, 0x00, 0x59,
    0x01, 0x54, 0x2D, 0x0B, 0x7E, 0x1F, 0x00, 0x0F, 0x98, 0x3B, 0x0F, 0xC0, 0x37, 0x00, 0x6A, 0x3F,
    0x15, 0x22, 0x31, 0x01, 0xEC, 0x51, 0x00, 0x04, 0x0F, 0x00, 0xEA, 0x1D, 0x01, 0x96, 0x0D, 0x00,
    0x0D, 0xD6, 0x49, 0x00, 0x6A, 0x1B, 0x00, 0x04, 0x13, 0x02, 0x00, 0x53, 0x0A, 0x02, 0x0B, 0x0E,
    0x00, 0x3F, 0x02, 0xFC, 0x35, 0x00, 0x04, 0x07, 0x00, 0x02, 0xD6, 0x51, 0x02, 0x2A, 0x3F, 0x00,
    0x14, 0x0B, 0x09, 0xEE, 0x31, 0x02, 0xD6, 0x21, 0x04, 0xA8, 0x25, 0x03, 0xC0, 0x37, 0x02, 0xD6,
    0x0F, 0x00, 0x02, 0x00, 0x7B, 0x05, 0x00, 0xEB, 0x01, 0x6C, 0x0D, 0x05, 0x00, 0x99, 0x09, 0x2C,
    0x15, 0x00, 0x04, 0x0B, 0x08, 0x2E, 0x33, 0x05, 0x00, 0x87, 0x00, 0x04, 0x00, 0x41, 0x01, 0xD6,
    0x0F, 0x19, 0x58, 0x4B, 0x04, 0x00, 0x5B, 0x1D, 0xE2, 0x39, 0x06, 0x00, 0x4D, 0x01, 0x16, 0x33,
    0x06, 0x00, 0x7D, 0x00, 0x02, 0x00, 0x47, 0x17, 0xC2, 0x31, 0x00, 0x1C, 0x0D, 0x16, 0x7E, 0x4D,
    0x00, 0x6A, 0x17, 0x00, 0x04, 0x13, 0x18, 0x96, 0x3F, 0x00, 0x04, 0x13, 0x00, 0x06, 0x00, 0x8F,
    0x18, 0x7C, 0x25, 0x16, 0x7E, 0x3F, 0x02, 0x00, 0x63, 0x00, 0x04, 0x03, 0x02, 0x2A, 0x3B, 0x03,
    0x00, 0x17, 0x00, 0x04, 0x0B, 0x00, 0x01, 0x40, 0x3F, 0x00, 0x5A, 0x13, 0x01, 0x40, 0x3B, 0x0B,
    0x00, 0xD1, 0x05, 0xEA, 0x17, 0x04, 0x2A, 0x51, 0x02, 0x00, 0x3B, 0x1C, 0xC2, 0x45, 0x00, 0x00,
    0x72, 0x0F, 0x09, 0x6A, 0x37, 0x05, 0x00, 0x5F, 0x09, 0x00, 0x23, 0x00, 0x04, 0x0B, 0x05, 0x00,
    0x51, 0x01, 0xC0, 0x13, 0x05, 0x00, 0x33, 0x00, 0x1B, 0x7E, 0x4B, 0x02, 0x00, 0x57, 0x04, 0x00,
    0x33, 0x15, 0x14, 0x29, 0x15, 0x2A, 0x43, 0x00, 0x2A, 0x0F, 0x04, 0x6A, 0x2F, 0x01, 0xD6, 0x1F,
    0x00, 0x06, 0x00, 0x9D, 0x0B, 0x00, 0x3F, 0x06, 0x00, 0x43, 0x02, 0x00, 0x4B, 0x00, 0x38, 0x2D,
    0x00, 0x16, 0x3B, 0x00, 0x12, 0x1F, 0x01, 0x14, 0x07, 0x00, 0x1F, 0x60, 0x4D, 0x00, 0x12, 0x0D,
    0x1E, 0x08, 0x2F, 0x00, 0x42, 0x0F, 0x00, 0x6A, 0x0D, 0x02, 0x44, 0x17, 0x11, 0xE4, 0x3B, 0x00,
    0x6A, 0x0F, 0x00, 0x00, 0x04, 0x07, 0x17, 0xE0, 0x51, 0x02, 0x00, 0x63, 0x00, 0xD6, 0x2B, 0x00,
    0xE8, 0x29, 0x00, 0x04, 0x13, 0x18, 0x8A, 0x29, 0x00, 0x58, 0x2D, 0x00, 0x00, 0x14, 0x0B, 0x01,
    0xC0, 0x13, 0x19, 0xA0, 0x55, 0x01, 0x54, 0x25, 0x00, 0x04, 0x17, 0x1B, 0x76, 0x49, 0x05, 0x20,
    0x27, 0x02, 0x00, 0x7F, 0x00, 0x13, 0x0A, 0x2F, 0x05, 0x00, 0xA9, 0x00, 0x26, 0x0B, 0x0D, 0xAC,
    0x23, 0x03, 0x40, 0x45, 0x02, 0xE8, 0x3F, 0x03, 0x40, 0x67, 0x02, 0x00, 0x79, 0x00, 0x00, 0xC0,
    0x4D, 0x04, 0x00, 0x7F, 0x06, 0xD6, 0x55, 0x04, 0x00, 0x53, 0x0B, 0x3A, 0x41, 0x02, 0x40, 0x3B,
    0x02, 0x00, 0x81, 0x00, 0x04, 0x23, 0x00, 0x04, 0x00, 0x1F, 0x0B, 0x2A, 0x07, 0x02, 0x2A, 0x4B,
    0x0D, 0x74, 0x33, 0x04, 0x00, 0x51, 0x00, 0x04, 0x13, 0x11, 0x26, 0x43, 0x00, 0x04, 0x03, 0x00,
    0x05, 0xA8, 0x31, 0x0A, 0xEA, 0x21, 0x02, 0x14, 0x3F, 0x02, 0x00, 0x53, 0x05, 0xC0, 0x4D, 0x0C,
    0x40, 0x4F, 0x00, 0xD6, 0x2B, 0x0E, 0x20, 0x31, 0x00, 0x13, 0x20, 0x37, 0x0B, 0x00, 0x43, 0x00,
    0x2E, 0x0F, 0x05, 0x00, 0x55, 0x0F, 0x6E, 0x1F, 0x00, 0x04, 0x07, 0x02, 0x00, 0x67, 0x00, 0x04,
    0x23, 0x00, 0x01, 0xC0, 0x3F, 0x00, 0x04, 0x13, 0x05, 0x00, 0x8F, 0x16, 0xF6, 0x2D, 0x0B, 0x00,
    0x3B, 0x00, 0xEA, 0x1B, 0x05, 0x00, 0x3F, 0x00, 0x04, 0x03, 0x00, 0x05, 0x00, 0x61, 0x00, 0x04,
    0x03, 0x00, 0x6A, 0x27, 0x11, 0xCC, 0x43, 0x0C, 0x2A, 0x4D, 0x09, 0x00, 0x61, 0x04, 0x00, 0x8B,
    0x06, 0x00, 0x59, 0x00, 0x00, 0xEA, 0x0B, 0x13, 0xCC, 0x51, 0x04, 0x6C, 0x39, 0x1E, 0xE0, 0x29,
    0x04, 0x04, 0x2D, 0x00, 0x12, 0x37, 0x01, 0xC4, 0x2D, 0x0F, 0x00, 0x2D, 0x00, 0x02, 0x7E, 0x19,
    0x15, 0xE0, 0x47, 0x00, 0x04, 0x0B, 0x1B, 0xE0, 0x43, 0x0A, 0x96, 0x2D, 0x00, 0x30, 0x1D, 0x02,
    0x00, 0x7B, 0x00, 0xD6, 0x29, 0x00, 0x14, 0x00, 0x55, 0x00, 0x2A, 0x0F, 0x02, 0x7E, 0x09, 0x04,
    0xA8, 0x37, 0x1D, 0xA0, 0x6F, 0x04, 0xA8, 0x19, 0x00, 0x6A, 0x29, 0x1B, 0xE0, 0x3F, 0x00, 0x02,
    0x56, 0x2D, 0x02, 0x00, 0x75, 0x03, 0x00, 0x6D, 0x00, 0x04, 0x0F, 0x1C, 0xDE, 0x3F, 0x01, 0xC0,
    0x51, 0x00, 0x68, 0x13, 0x05, 0x00, 0xBB, 0x00, 0x02, 0x6C, 0x2D, 0x02, 0x00, 0x63, 0x04, 0x00,
    0x57, 0x01, 0x2A, 0x3F, 0x00, 0x26, 0x0B, 0x04, 0x00, 0x6B, 0x02, 0x98, 0x37, 0x02, 0xC0, 0x2D,
    0x00, 0x00, 0x2A, 0x0F, 0x06, 0x00, 0x2D, 0x00, 0x04, 0x0F, 0x0E, 0x14, 0x3F, 0x02, 0x00, 0x6B,
    0x04, 0x00, 0x4F, 0x18, 0x00, 0x4B, 0x02, 0x94, 0x33, 0x00, 0x00, 0x58, 0x49, 0x1E, 0x3A, 0x1B,
    0x0D, 0x2A, 0x3B, 0x00, 0x14, 0x0B, 0x1E, 0x50, 0x31, 0x08, 0x6C, 0x3F, 0x00, 0x04, 0x07, 0x02,
    0x00, 0x69, 0x00, 0x09, 0x00, 0x4B, 0x00, 0x04, 0x03, 0x07, 0x40, 0x59, 0x02, 0x2A, 0x3B, 0x03,
    0x40, 0x59, 0x0A, 0xA8, 0x45, 0x0F, 0x42, 0x31, 0x03, 0x68, 0x2D, 0x00, 0x02, 0xD6, 0x33, 0x02,
    0x00, 0x53, 0x09, 0x00, 0x55, 0x01, 0xC0, 0x3B, 0x05, 0x00, 0x81, 0x0E, 0x6A, 0x3B, 0x00, 0x04,
    0x13, 0x05, 0x00, 0x55, 0x00, 0x00, 0x04, 0x0B, 0x0B, 0x00, 0x81, 0x05, 0x00, 0x27, 0x04, 0x00,
    0x6B, 0x02, 0x56, 0x29, 0x0F, 0x00, 0x55, 0x01, 0xD6, 0x33, 0x10, 0xD2, 0x29, 0x00, 0x06, 0x00,
    0x85, 0x00, 0x04, 0x0B, 0x06, 0x00, 0x81, 0x08, 0xC8, 0x1B, 0x00, 0x04, 0x13, 0x00, 0xA2, 0x1D,
    0x13, 0xB2, 0x1B, 0x15, 0xE0, 0x37, 0x00, 0x1E, 0xCA, 0x1B, 0x15, 0xE0, 0x47, 0x00, 0x04, 0x07,
    0x01, 0xE0, 0x4D, 0x08, 0x08, 0x3B, 0x1B, 0xE0, 0x51, 0x02, 0x00, 0x89, 0x00, 0x04, 0x27, 0x00,
    0x01, 0xC0, 0x1D, 0x02, 0x2A, 0x1B, 0x00, 0x04, 0x0B, 0x1D, 0xA0, 0x3F, 0x02, 0xE8, 0x43, 0x07,
    0x9E, 0x37, 0x15, 0xCE, 0x31, 0x00, 0x14, 0x0B, 0x00, 0x16, 0x1A, 0x29, 0x1B, 0xE0, 0x37, 0x06,
    0x06, 0x25, 0x00, 0x04, 0x1F, 0x02, 0x00, 0x53, 0x1C, 0xE2, 0x29, 0x00, 0x14, 0x0B, 0x1D, 0xA0,
    0x3F, 0x00, 0x01, 0x40, 0x33, 0x1D, 0xA0, 0x29, 0x0C, 0x88, 0x1F, 0x05, 0x00, 0x3B, 0x1A, 0xA2,
    0x3B, 0x00, 0xFC, 0x21, 0x05, 0x00, 0x59, 0x0A, 0xE2, 0x29, 0x00, 0x02, 0x00, 0x55, 0x07, 0xF8,
    0x31, 0x00, 0xC0, 0x0F, 0x01, 0x2A, 0x1F, 0x1D, 0x36, 0x3F, 0x04, 0x00, 0x3B, 0x1D, 0xA0, 0x5D,
    0x00, 0x04, 0x03, 0x00, 0x08, 0x26, 0x43, 0x06, 0x00, 0x8B, 0x02, 0x00, 0x67, 0x00, 0x04, 0x03,
    0x01, 0x2E, 0x1D, 0x17, 0x06, 0x31, 0x0B, 0x60, 0x3B, 0x05, 0xA8, 0x29, 0x00, 0x04, 0xEA, 0x2D,
    0x09, 0x00, 0x51, 0x00, 0x04, 0x0B, 0x07, 0xC0, 0x3F, 0x00, 0xBE, 0x43, 0x06, 0x58, 0x25, 0x02,
    0x00, 0x79, 0x00, 0xAA, 0x2F, 0x00, 0x03, 0x00, 0x37, 0x08, 0x08, 0x0F, 0x12, 0x8A, 0x2D, 0x01,
    0xC0, 0x37, 0x01, 0x7A, 0x31, 0x19, 0x36, 0x37, 0x0F, 0x5E, 0x3F, 0x02, 0x7E, 0x33, 0x00, 0x17,
    0x30, 0x1F, 0x0B, 0x00, 0x3B, 0x02, 0x00, 0x49, 0x00, 0x04, 0x07, 0x0A, 0x40, 0x29, 0x04, 0xC2,
    0x3B, 0x05, 0x00, 0x87, 0x00, 0xF4, 0x1F, 0x00, 0x02, 0xD6, 0x3B, 0x05, 0x00, 0x51, 0x0B, 0xBE,
    0x2D, 0x05, 0x00, 0x45, 0x02, 0x00, 0x57, 0x04, 0x00, 0x67, 0x12, 0xA0, 0x55, 0x00, 0x04, 0x0B,
    0x00, 0x04, 0x00, 0x31, 0x0E, 0xD4, 0x2D, 0x06, 0x00, 0x51, 0x0C, 0xD6, 0x51, 0x06, 0x00, 0x8B,
    0x0F, 0x00, 0x2F, 0x00, 0x04, 0x0F, 0x1F, 0xB4, 0x3F, 0x00, 0x1C, 0xB6, 0x3B, 0x01, 0x56, 0x1D,
    0x01, 0xCE, 0x0D, 0x04, 0x00, 0x37, 0x09, 0xFC, 0x21, 0x04, 0xAC, 0x43, 0x00, 0xEA, 0x33, 0x12,
    0x40, 0x47, 0x00, 0x02, 0x00, 0x6F, 0x02, 0x2A, 0x65, 0x00, 0x14, 0x0B, 0x19, 0x20, 0x47, 0x00,
    0x04, 0x0B, 0x04, 0xA8, 0x2D, 0x04, 0x2C, 0x2F, 0x02, 0xD6, 0x0F, 0x00, 0x06, 0x46, 0x23, 0x07,
    0x68, 0x3B, 0x0F, 0x5C, 0x3B, 0x19, 0xA0, 0x6B, 0x00, 0x3C, 0x0F, 0x00, 0x28, 0x19, 0x05, 0x00,
    0xD7, 0x00, 0x30, 0x0F, 0x00, 0x04, 0xA8, 0x23, 0x00, 0x04, 0x0F, 0x05, 0x00, 0x87, 0x12, 0x38,
    0x1F, 0x05, 0x00, 0xB9, 0x06, 0xD6, 0x59, 0x00, 0x04, 0x0F, 0x1A, 0x82, 0x43, 0x00, 0x04, 0x00,
    0x41, 0x14, 0x0E, 0x23, 0x06, 0x00, 0x69, 0x05, 0xA8, 0x31, 0x06, 0x00, 0x75, 0x02, 0x00, 0x47,
    0x00, 0x04, 0x03, 0x0D, 0x92, 0x3F, 0x00, 0x0F, 0x00, 0x3B, 0x00, 0x0C, 0x03, 0x06, 0xD6, 0x1B,
    0x15, 0x68, 0x43, 0x05, 0x16, 0x13, 0x00, 0x5A, 0x13, 0x16, 0x7E, 0x3B, 0x16, 0xE8, 0x37, 0x00,
    0x02, 0xD6, 0x3F, 0x00, 0xEA, 0x17, 0x08, 0x2A, 0x51, 0x14, 0x00, 0x41, 0x00, 0x14, 0x0B, 0x00,
    0xD6, 0x29, 0x09, 0x00, 0x51, 0x19, 0x16, 0x2D, 0x00, 0x18, 0x28, 0x37, 0x06, 0x7E, 0x3B, 0x02,
    0x2A, 0x43, 0x05, 0x00, 0x45, 0x01, 0x96, 0x1F, 0x19, 0x54, 0x3B, 0x02, 0x00, 0x51, 0x00, 0x04,
    0x03, 0x00, 0x0E, 0x00, 0x37, 0x01, 0x40, 0x13, 0x00, 0x04, 0x13, 0x08, 0x2C, 0x2D, 0x05, 0x00,
    0x57, 0x00, 0x80, 0x35, 0x05, 0x00, 0x81, 0x0A, 0x54, 0x29, 0x00, 0x05, 0x00, 0x57, 0x02, 0x00,
    0x45, 0x04, 0x00, 0xDF, 0x01, 0x2A, 0x0F, 0x0B, 0x56, 0x3D, 0x0F, 0x00, 0x69, 0x01, 0xA0, 0x23,
    0x06, 0x00, 0xAB, 0x00, 0x00, 0xD6, 0x03, 0x00, 0x4E, 0x35, 0x01, 0xF0, 0x17, 0x00, 0xB8, 0x2F,
    0x04, 0x92, 0x2D, 0x00, 0x04, 0x0B, 0x01, 0xCE, 0x1F, 0x01, 0xC0, 0x07, 0x00, 0x04, 0x8E, 0x4D,
    0x02, 0x82, 0x0F, 0x01, 0x54, 0x17, 0x00, 0x04, 0x17, 0x15, 0xE0, 0x37, 0x06, 0x0E, 0x39, 0x02,
    0x00, 0x81, 0x1B, 0x0C, 0x3B, 0x00, 0x18, 0x4C, 0x43, 0x03, 0xEA, 0x31, 0x00, 0x04, 0x0B, 0x07,
    0x22, 0x37, 0x00, 0x04, 0x0F, 0x10, 0xE0, 0x27, 0x01, 0xC0, 0x2B, 0x02, 0x2A, 0x51, 0x00, 0x1B,
    0xE0, 0x55, 0x02, 0x00, 0x65, 0x01, 0x40, 0x39, 0x03, 0x00, 0x2F, 0x00, 0xC0, 0x3F, 0x00, 0x04,
    0x13, 0x05, 0x00, 0xA1, 0x11, 0xE0, 0x43, 0x00, 0x02, 0xD6, 0x4B, 0x02, 0x00, 0x83, 0x00, 0x04,
    0x27, 0x04, 0x00, 0x77, 0x01, 0x2A, 0x2B, 0x0D, 0xE2, 0x2D, 0x06, 0x00, 0x7D, 0x03, 0x2A, 0x4D,
    0x00, 0x06, 0x00, 0x3B, 0x00, 0x04, 0x17, 0x02, 0x00, 0x55, 0x05, 0xC0, 0x4B, 0x04, 0x00, 0x4F,
    0x0C, 0x40, 0x07, 0x07, 0x9C, 0x3B, 0x00, 0xAC, 0x29, 0x00, 0x18, 0xA4, 0x2D, 0x06, 0x00, 0x43,
    0x00, 0xAC, 0x19, 0x00, 0x04, 0x17, 0x16, 0x4A, 0x2F, 0x00, 0x04, 0x23, 0x02, 0x00, 0x67, 0x1D,
    0xA0, 0x4F, 0x00, 0x07, 0x94, 0x4D, 0x02, 0x2A, 0x31, 0x15, 0x4E, 0x3F, 0x00, 0xB6, 0x17, 0x02,
    0x2A, 0x21, 0x0E, 0x24, 0x33, 0x0B, 0x00, 0x4F, 0x03, 0xC0, 0x2B, 0x00, 0x02, 0x00, 0x6D, 0x0A,
    0xC0, 0x4D, 0x0E, 0xCC, 0x31, 0x09, 0x00, 0x59, 0x05, 0x00, 0xA9, 0x00, 0x04, 0x07, 0x05, 0x00,
    0x67, 0x02, 0x00, 0x7B, 0x00, 0x01, 0x6C, 0x35, 0x04, 0x00, 0x67, 0x03, 0xB4, 0x2F, 0x04, 0x00,
    0x93, 0x0B, 0x00, 0x3F, 0x1D, 0x74, 0x29, 0x06, 0x00, 0x55, 0x02, 0x00, 0x4B, 0x00, 0x17, 0xCC,
    0x2D, 0x06, 0x7E, 0x29, 0x00, 0x04, 0x0F, 0x0A, 0x16, 0x31, 0x0B, 0x36, 0x33, 0x10, 0xAA, 0x2D,
    0x00, 0x04, 0x13, 0x1B, 0xE0, 0x37, 0x00, 0x00, 0xEA, 0x3B, 0x02, 0xD6, 0x3B, 0x15, 0x50, 0x1B,
    0x19, 0xCC, 0x3B, 0x02, 0x00, 0x4D, 0x0E, 0x28, 0x41, 0x06, 0x98, 0x3B, 0x0C, 0x68, 0x43, 0x00,
    0x15, 0xAA, 0x3B, 0x00, 0x04, 0x0B, 0x05, 0x00, 0x43, 0x00, 0x40, 0x0F, 0x10, 0x00, 0x51, 0x04,
    0xA4, 0x1F, 0x02, 0xD6, 0x51, 0x00, 0x04, 0x07, 0x00, 0x02, 0x00, 0x3D, 0x03, 0x00, 0x35, 0x00,
    0x04, 0x07, 0x05, 0x00, 0x67, 0x1A, 0x22, 0x3B, 0x05, 0x00, 0x47, 0x00, 0xC2, 0x1D, 0x05, 0x00,
    0x59, 0x00, 0x00, 0x3C, 0x0F, 0x0A, 0x50, 0x2D, 0x05, 0x00, 0x43, 0x00, 0x04, 0x07, 0x05, 0x00,
    0x3D, 0x00, 0x04, 0x0F, 0x09, 0x00, 0x73, 0x01, 0x7E, 0x0F, 0x00, 0x04, 0x00, 0x67, 0x00, 0x44,
    0x0F, 0x18, 0x6A, 0x31, 0x05, 0x72, 0x33, 0x06, 0x00, 0xD5, 0x14, 0x00, 0x41, 0x00, 0x04, 0x0F,
    0x04, 0x00, 0x29, 0x00, 0x00, 0x18, 0x0B, 0x0F, 0x00, 0x67, 0x13, 0x50, 0x1B, 0x1D, 0x6A, 0x63,
    0x00, 0x04, 0x13, 0x04, 0xD4, 0x2D, 0x0F, 0x00, 0x55, 0x02, 0x0A, 0x37, 0x00, 0x02, 0x00, 0x55,
    0x05, 0x00, 0xA7, 0x00, 0x3C, 0x0B, 0x08, 0x96, 0x2D, 0x02, 0xD6, 0x51, 0x07, 0x1C, 0x2D, 0x00,
    0x14, 0x0B, 0x00, 0x12, 0x1B, 0x00, 0x0D, 0x7E, 0x45, 0x05, 0x00, 0xF1, 0x0E, 0x00, 0x8B, 0x02,
    0xD6, 0x47, 0x00, 0x04, 0x0B, 0x00, 0x58, 0x0F, 0x13, 0x50, 0x3B, 0x05, 0x00, 0x61, 0x00, 0x00,
    0x04, 0x37, 0x02, 0x00, 0x4F, 0x04, 0x00, 0x59, 0x00, 0x04, 0x0F, 0x1C, 0x28, 0x53, 0x04, 0x00,
    0xBD, 0x0B, 0x00, 0x3B, 0x06, 0x00, 0x1B, 0x00, 0x03, 0x82, 0x37, 0x00, 0x14, 0x0B, 0x02, 0x00,
    0x55, 0x00, 0x04, 0x23, 0x01, 0x0C, 0x1D, 0x1A, 0xC6, 0x35, 0x00, 0x04, 0x0B, 0x1B, 0xE0, 0x79,
    0x00, 0x01, 0x8C, 0x25, 0x07, 0x1E, 0x1B, 0x19, 0x36, 0x33, 0x13, 0xB2, 0x17, 0x0E, 0xFC, 0x31,
    0x00, 0x10, 0x07, 0x1D, 0x8A, 0x3D, 0x00, 0x04, 0x07, 0x00, 0x02, 0x00, 0x53, 0x19, 0xA2, 0x37,
    0x0E, 0x8A, 0x29, 0x06, 0x90, 0x37, 0x17, 0xDE, 0x2D, 0x00, 0x04, 0x0B, 0x04, 0x06, 0x13, 0x01,
    0x98, 0x17, 0x00, 0x01, 0x9C, 0x21, 0x02, 0x2A, 0x1B, 0x18, 0x0A, 0x37, 0x00, 0x92, 0x17, 0x01,
    0xA8, 0x2D, 0x00, 0x58, 0x55, 0x00, 0x14, 0x0B, 0x02, 0x00, 0x43, 0x00, 0x0E, 0xA0, 0x3D, 0x12,
    0x36, 0x37, 0x00, 0x04, 0x13, 0x1D, 0x8A, 0x3B, 0x04, 0xA8, 0x2D, 0x05, 0x00, 0x3B, 0x16, 0x7A,
    0x3F, 0x1B, 0x60, 0x1D, 0x00, 0x0C, 0x88, 0x1F, 0x03, 0xC0, 0x33, 0x1F, 0xA0, 0x47, 0x02, 0x00,
    0x4D, 0x03, 0x3E, 0x2B, 0x00, 0x04, 0x0F, 0x03, 0x6A, 0x29, 0x1F, 0x22, 0x37, 0x00, 0x04, 0x80,
    0x2D, 0x00, 0x58, 0x2D, 0x00, 0x04, 0x0F, 0x08, 0x02, 0x37, 0x0C, 0x9E, 0x17, 0x00, 0x16, 0x07,
    0x07, 0xD2, 0x35, 0x01, 0x16, 0x25, 0x00, 0x1F, 0x8A, 0x3B, 0x02, 0x00, 0x59, 0x05, 0xC0, 0x4B,
    0x17, 0xA4, 0x3F, 0x00, 0x04, 0x17, 0x0F, 0xE4, 0x49, 0x00, 0x8E, 0x2D, 0x19, 0x4C, 0x3B, 0x00,
    0x09, 0x28, 0x25, 0x15, 0x0A, 0x43, 0x19, 0x24, 0x43, 0x00, 0x14, 0x07, 0x02, 0x00, 0x6D, 0x02,
    0x2A, 0x3B, 0x05, 0x00, 0x3B, 0x00, 0x04, 0x17, 0x00, 0x09, 0x00, 0x3F, 0x00, 0x32, 0x13, 0x00,
    0x2C, 0x19, 0x06, 0xFE, 0x2D, 0x09, 0x00, 0x2D, 0x05, 0x00, 0x25, 0x00, 0x04, 0x13, 0x02, 0xD6,
    0x51, 0x00, 0x02, 0x00, 0x6F, 0x03, 0x00, 0x89, 0x01, 0x40, 0x29, 0x01, 0xC0, 0x3B, 0x08, 0xA8,
    0x2D, 0x05, 0x00, 0x49, 0x07, 0x2A, 0x2D, 0x05, 0x00, 0x55, 0x00, 0x01, 0x96, 0x29, 0x02, 0x00,
    0x57, 0x04, 0x00, 0xD1, 0x03, 0x80, 0x39, 0x03, 0x2A, 0x5D, 0x06, 0x00, 0x6F, 0x0B, 0x00, 0x2D,
    0x02, 0x00, 0x6B, 0x00, 0x00, 0x7E, 0x1F, 0x0D, 0x2C, 0x29, 0x01, 0xD2, 0x33, 0x00, 0xE8, 0x0D,
    0x00, 0xD6, 0x37, 0x0F, 0x6A, 0x3B, 0x07, 0xC0, 0x3F, 0x09, 0x6A, 0x3F, 0x00, 0x00, 0xB2, 0x17,
    0x05, 0x2C, 0x3B, 0x00, 0x14, 0x0B, 0x01, 0x54, 0x21, 0x02, 0x00, 0x63, 0x01, 0xEC, 0x2B, 0x0D,
    0xA8, 0x3F, 0x00, 0xD6, 0x0F, 0x00, 0x02, 0x34, 0x1F, 0x0E, 0x00, 0x29, 0x0E, 0xEA, 0x55, 0x00,
    0x14, 0x0B, 0x04, 0x80, 0x2D, 0x02, 0x2A, 0x37, 0x15, 0x16, 0x3F, 0x0A, 0x16, 0x2D, 0x00, 0x00,
    0x26, 0x0F, 0x02, 0x00, 0x59, 0x01, 0xC0, 0x29, 0x12, 0x8E, 0x31, 0x05, 0x00, 0xEF, 0x00, 0x04,
    0x0F, 0x01, 0xC0, 0x17, 0x05, 0x00, 0x99, 0xF0, 0x02, 0x00, 0x67, 0x00, 0x04, 0x07, 0x00, 0xC0,
    0x3B, 0x04, 0x00, 0x29, 0xC5, 0x1C, 0xA5, 0x1C, 0x00, 0x00, 0x04, 0x03, 0x00, 0x0A, 0x07, 0x00,
    0x04, 0x07, 0x00, 0x12, 0x0F, 0x00, 0x16, 0x23, 0x00, 0x4E, 0x05, 0x00, 0x28, 0x11, 0x00, 0x16,
    0x29, 0x80, 0x00, 0x80, 0xEF, 0x01, 0x98, 0x03, 0x02, 0x00, 0x67, 0x0F, 0x00, 0x2F, 0x13, 0xA8,
    0x2B, 0x0A, 0x5C, 0x11, 0x00, 0x10, 0x07, 0x04, 0x00, 0x02, 0x80, 0x00, 0x01, 0x56, 0x19, 0x01,
    0xC0, 0x5F, 0x00, 0x80, 0xFF, 0x00, 0x16, 0x0B, 0x02, 0x00, 0x6D, 0x14, 0x00, 0x2D, 0x00, 0x14,
    0x0B, 0x00, 0x09, 0x3E, 0x31, 0x05, 0x00, 0x35, 0x01, 0xAA, 0x1B, 0x01, 0xC0, 0x5F, 0x00, 0x80,
    0xE3, 0x01, 0x9C, 0x07, 0x02, 0x00, 0x63, 0x02, 0x7E, 0x11, 0x00, 0x02, 0x96, 0x07, 0x08, 0xA8,
    0x1B, 0x00, 0x04, 0x1B, 0x05, 0x7E, 0x23, 0x01, 0xC0, 0x51, 0x01, 0xAA, 0x31, 0x00, 0x80, 0xFF,
    0x05, 0x00, 0x07, 0xC0, 0x02, 0x00, 0x69, 0x02, 0x82, 0x17, 0x00, 0x0C, 0x03, 0x00, 0x1A, 0x13,
    0x0D, 0x00, 0x37, 0x01, 0x2A, 0x0D, 0x2C, 0x39, 0x13, 0x4C, 0x3D, 0x00, 0x04, 0x03, 0x00, 0x06,
    0x03, 0x4D, 0x00, 0x0A, 0x02, 0x00, 0x16, 0x05, 0x00, 0x1C, 0x05, 0x00, 0x00, 0x16, 0x0F, 0x00,
    0x12, 0x01, 0x00, 0x04, 0x01, 0x00, 0x22, 0x05, 0x00, 0x16, 0x13, 0x00, 0x3E, 0x07, 0x00, 0x16,
    0x13, 0x00, 0x54, 0x07, 0x00, 0x00, 0x80, 0xFF, 0x00, 0x06, 0x03, 0x02, 0x94, 0x0D, 0x02, 0x00,
    0x4D, 0x00, 0x2C, 0x19, 0x0E, 0x0A, 0x23, 0x11, 0x2A, 0x1D, 0x02, 0xF8, 0x1B, 0x00, 0x03, 0x80,
    0x0D, 0x01, 0x18, 0x07, 0x01, 0x08, 0x07, 0x01, 0x2E, 0x07, 0x01, 0x1E, 0x09, 0x00, 0x16, 0x11,
    0x01, 0x5A, 0x09, 0x00, 0x16, 0x11, 0x00, 0x01, 0x9E, 0x07, 0x00, 0x16, 0x11, 0x00, 0x54, 0x09,
    0x00, 0x80, 0xFF, 0x00, 0x06, 0x03, 0x05, 0x54, 0x0D, 0x02, 0x00, 0x4D, 0x00, 0x04, 0x07, 0x00,
    0x07, 0x76, 0x17, 0x00, 0x16, 0x23, 0x00, 0x80, 0x13, 0x05, 0xA2, 0x1D, 0x06, 0x40, 0x0D, 0x01,
    0x40, 0x23, 0x01, 0xAA, 0x13, 0x00, 0x2C, 0x1F, 0x00, 0x01, 0xC0, 0x45, 0x00, 0x80, 0xE7, 0x05,
    0x00, 0x11, 0x02, 0x00, 0x49, 0x09, 0xF8, 0x21, 0x00, 0x2C, 0x0B, 0x05, 0x00, 0x57, 0x02, 0x8A,
    0x01, 0x00, 0x01, 0x56, 0x1B, 0x01, 0xC0, 0x5B, 0x01, 0xD6, 0x1F, 0x00, 0x80, 0xEF, 0x05, 0x00,
    0x77, 0x1A, 0x38, 0x31, 0x02, 0xEA, 0x1F, 0x0A, 0xE8, 0x0D, 0x00, 0x01, 0x56, 0x0B, 0x01, 0xC0,
    0x51, 0x01, 0xAA, 0x13, 0x01, 0xD6, 0x13, 0x00, 0x80, 0xFF, 0x00, 0x80, 0x1D, 0x0C, 0xD2, 0x0D,
    0x01, 0xDC, 0x07, 0x00, 0x04, 0xEA, 0x37, 0x18, 0xFC, 0x1D, 0x00, 0x10, 0x07, 0x11, 0xBE, 0x1F,
    0x00, 0x40, 0x0B, 0x00, 0x12, 0x0F, 0x0D, 0x66, 0x0D, 0x03, 0xEA, 0x11, 0x00, 0x04, 0x00, 0x13,
    0x01, 0x14, 0x07, 0x0B, 0x32, 0x09, 0x00, 0x16, 0x0B, 0x01, 0x2A, 0x05, 0x01, 0x56, 0x07, 0x00,
    0x16, 0x09, 0x00, 0x6A, 0x29, 0x00, 0x00, 0x80, 0xFF, 0x00, 0x80, 0x13, 0x04, 0x40, 0x0D, 0x1E,
    0xF4, 0x3D, 0x0C, 0xC0, 0x07, 0x0F, 0x4C, 0x27, 0x05, 0x00, 0x37, 0x11, 0x60, 0x09, 0x00, 0x00,
    0x04, 0x03, 0x01, 0x40, 0x13, 0x01, 0x56, 0x15, 0x01, 0x40, 0x2D, 0x01, 0xAA, 0x13, 0x01, 0xD6,
    0x17, 0x00, 0x80, 0xFF, 0x00, 0x80, 0x1D, 0x00, 0x04, 0x40, 0x0D, 0x01, 0xDE, 0x07, 0x1C, 0x72,
    0x29, 0x04, 0xD6, 0x27, 0x05, 0x2A, 0x1B, 0x05, 0x00, 0x41, 0x01, 0x56, 0x19, 0x03, 0xEA, 0x17,
    0x00, 0x01, 0x56, 0x13, 0x01, 0x40, 0x1B, 0x01, 0xAA, 0x13, 0x00, 0x80, 0xFF, 0x00, 0x80, 0x29,
    0x07, 0x7E, 0x0B, 0x05, 0x00, 0x3F, 0x00, 0x04, 0x03, 0x00, 0x16, 0x76, 0x1B, 0x00, 0x16, 0x19,
    0x19, 0x56, 0x13, 0x00, 0x04, 0x07, 0x0C, 0x68, 0x09, 0x00, 0xB8, 0x01, 0x06, 0x40, 0x23, 0x00,
    0x16, 0x07, 0xEF, 0x9A, 0x1C, 0x9A, 0x1C, 0x00, 0x04, 0x01, 0x63, 0x10, 0x63, 0xBD, 0x10, 0x00,
    0x04, 0x01, 0xDE, 0x7B, 0xDE, 0x7B, 0x00, 0x04, 0x01, 0x9C, 0x47, 0x77, 0x9C, 0x77, 0x00, 0x04,
    0x01, 0x00, 0x20, 0x05, 0x00, 0x10, 0x5D, 0xBD, 0x00, 0x72, 0x04, 0xFE, 0x00, 0x40, 0x2D, 0x65,
    0x7F, 0x65, 0x7F, 0x65, 0x7F, 0x64, 0x01, 0x7F, 0x00, 0x80, 0x75, 0x00, 0x10, 0x2D, 0x11, 0xC0,
    0x2B, 0x05, 0x10, 0x03, 0x02, 0x88, 0x0D, 0x07, 0x16, 0x27, 0x16, 0x58, 0x0B, 0x80, 0x0F, 0x00,
    0x33, 0x00, 0x64, 0x23, 0x0F, 0xC0, 0x05, 0x00, 0xD8, 0x01, 0x00, 0xDA, 0x0D, 0x02, 0x94, 0x09,
    0x00, 0x16, 0x0B, 0x4C, 0x4D, 0x3D, 0x02, 0x80, 0x5B, 0xBD, 0x7B, 0x01, 0xD0, 0x5D, 0x02, 0x7E,
    0x03, 0x65, 0x02, 0x80, 0x14, 0x00, 0x00, 0x80, 0x5F, 0x01, 0x00, 0x2D, 0x01, 0x80, 0x0D, 0x01,
    0x96, 0x0B, 0x00, 0x12, 0x0B, 0x11, 0xA0, 0x05, 0x07, 0x88, 0x0B, 0x16, 0x7E, 0x35, 0x40, 0x07,
    0x86, 0x15, 0x1E, 0x76, 0x21, 0x05, 0x00, 0x2B, 0x00, 0xD6, 0x0F, 0x08, 0x9A, 0x11, 0x05, 0x00,
    0x37, 0xBB, 0x01, 0xD0, 0x76, 0x00, 0x00, 0x80, 0x0F, 0x02, 0x80, 0x01, 0x00, 0x04, 0x01, 0x00,
    0x80, 0x75, 0x05, 0x00, 0x2F, 0x02, 0x6C, 0x0F, 0x07, 0xAA, 0x0B, 0x00, 0x1A, 0x0B, 0x00, 0x05,
    0x00, 0x2F, 0x19, 0x0E, 0x27, 0x05, 0x00, 0x53, 0x05, 0xD6, 0x0D, 0x05, 0x00, 0x79, 0x00, 0x10,
    0x29, 0x07, 0x02, 0x03, 0x05, 0x00, 0x4B, 0x00, 0x00, 0x80, 0x5F, 0x00, 0x10, 0x2D, 0x05, 0x00,
    0x73, 0x1D, 0xF8, 0x15, 0x00, 0x04, 0x0F, 0x05, 0x16, 0x09, 0x1E, 0x16, 0x17, 0x00, 0x04, 0x03,
    0xE0, 0x00, 0x16, 0x01, 0x18, 0xD8, 0x0B, 0x00, 0xC0, 0x0F, 0x05, 0x00, 0x05, 0x01, 0x08, 0x0D,
    0xC6, 0x1C, 0xC6, 0xC1, 0x1C, 0x00, 0x04, 0x09, 0x02, 0x78, 0x05, 0x02, 0x88, 0x05, 0x00, 0x20,
    0x0D, 0x00, 0x04, 0x35, 0x3F, 0x0A, 0xFF, 0x1F, 0x06, 0x1F, 0x06, 0x3F, 0x06, 0xDF, 0x67, 0x03,
    0xDF, 0x67, 0x00, 0x04, 0x01, 0x00, 0x58, 0x45, 0x00, 0x04, 0x05, 0x05, 0x00, 0x05, 0x00, 0x58,
    0x4D, 0x00, 0x04, 0x5D, 0x00, 0x05, 0xB8, 0x0D, 0x05, 0x00, 0x15, 0x00, 0x16, 0x05, 0x0C, 0x90,
    0x27, 0x0C, 0x54, 0x17, 0x11, 0x7C, 0x1F, 0x0C, 0x7A, 0x0F, 0x07, 0x94, 0x1D, 0x20, 0x11, 0x68,
    0x09, 0x03, 0x54, 0x13, 0x02, 0x82, 0x03, 0x02, 0x80, 0x75, 0x02, 0x7C, 0x01, 0x3F, 0x02, 0x82,
    0x00, 0x02, 0x80, 0xFF, 0x00, 0x00, 0x04, 0x0B, 0x05, 0xB4, 0x01, 0x02, 0x80, 0x09, 0x09, 0x2A,
    0x1D, 0x11, 0x90, 0x25, 0x18, 0xBC, 0x39, 0x16, 0xAC, 0x1B, 0x00, 0x12, 0x13, 0x40, 0x05, 0x00,
    0x0D, 0x0D, 0x58, 0x11, 0x07, 0x68, 0x09, 0x05, 0x00, 0x6E, 0x02, 0x7E, 0x02, 0x05, 0x00, 0x5D,
    0x64, 0x05, 0x00, 0xC4, 0x40, 0x19, 0x42, 0x13, 0x05, 0x00, 0x49, 0x09, 0xCC, 0x1F, 0x05, 0x00,
    0x39, 0x1A, 0x02, 0x17, 0x05, 0x00, 0x78, 0x0A, 0x05, 0x00, 0xFF, 0x00, 0x00, 0x04, 0x0F, 0x05,
    0x00, 0x7F, 0x07, 0xAC, 0x29, 0x00, 0x12, 0x0F, 0x0D, 0x16, 0x03, 0x0C, 0x70, 0x0D, 0x0A, 0x00,
    0x0F, 0x02, 0x78, 0x05, 0x00, 0x01, 0x10, 0x1D, 0x0C, 0x80, 0x0D, 0x01, 0x68, 0x45, 0x02, 0x78,
    0x05, 0x05, 0x04, 0x01, 0x00, 0x04, 0x01, 0x05, 0x00, 0xFD, 0x0D, 0x2E, 0x03, 0x00, 0x02, 0x7E,
    0x05, 0x03, 0x38, 0x07, 0x0F, 0x20, 0x0B, 0x1E, 0x42, 0x17, 0x05, 0x08, 0x0D, 0x1E, 0x16, 0x35,
    0x04, 0xDE, 0x1D, 0x02, 0xE6, 0x1D, 0x00, 0x1D, 0xE0, 0x09, 0x00, 0x04, 0x07, 0x17, 0x60, 0x09,
    0x02, 0x80, 0xE9, 0x05, 0x00, 0xA7, 0x00, 0xB0, 0x05, 0x0F, 0xB8, 0x05, 0x02, 0x80, 0x0B, 0x03,
    0xBD, 0x7B, 0x01, 0xC2, 0x0F, 0x18, 0x36, 0x0B, 0x07, 0x88, 0x11, 0x00, 0x04, 0x13, 0x11, 0x48,
    0x27, 0x04, 0xF0, 0x17, 0x00, 0x05, 0x0E, 0x17, 0x19, 0xA4, 0x05, 0x04, 0xF0, 0x0B, 0x00, 0xAA,
    0x09, 0x11, 0x60, 0x07, 0x12, 0xB0, 0x01, 0x02, 0x80, 0x7D, 0x02, 0x7E, 0x03, 0x01, 0x1F, 0x02,
    0x80, 0x4E, 0x04, 0x4A, 0x05, 0x02, 0x80, 0xAF, 0x05, 0x08, 0x03, 0x05, 0x00, 0x0D, 0x01, 0xC2,
    0x0F, 0x04, 0x56, 0x0B, 0x00, 0x07, 0x88, 0x0F, 0x1B, 0x88, 0x25, 0x09, 0xDC, 0x0B, 0x02, 0x9A,
    0x19, 0x1E, 0x20, 0x17, 0x00, 0x16, 0x07, 0x07, 0x80, 0x0F, 0x05, 0x00, 0xFF, 0x00, 0x05, 0x00,
    0xBF, 0x1B, 0xA0, 0x09, 0x04, 0x56, 0x13, 0x0C, 0x88, 0x23, 0x05, 0x00, 0x1B, 0x0A, 0x0E, 0x19,
    0x00, 0x14, 0x07, 0x0A, 0x20, 0x13, 0x00, 0x18, 0xE8, 0x05, 0x05, 0x98, 0x0D, 0x02, 0x7E, 0x05,
    0x0C, 0x60, 0x15, 0x00, 0x04, 0x1D, 0x11, 0x80, 0xB5, 0x05, 0x00, 0xC5, 0x00, 0x04, 0x0D, 0x0C,
    0x04, 0x38, 0x05, 0x04, 0x56, 0x13, 0x2C, 0x39, 0x07, 0x00, 0x05, 0x02, 0x1C, 0x07, 0x02, 0x86,
    0x17, 0x00, 0x14, 0x0B, 0x00, 0x09, 0xF0, 0x15, 0x05, 0x44, 0x23, 0x0E, 0xF0, 0x07, 0x00, 0x94,
    0x0F, 0x00, 0x04, 0x01, 0x02, 0x80, 0x8D, 0x02, 0x7C, 0x01, 0x0F, 0x04, 0x01, 0x00, 0x0F, 0x00,
    0x57, 0x02, 0x82, 0x03, 0x05, 0x00, 0xBD, 0x02, 0x80, 0x15, 0x09, 0x56, 0x11, 0x01, 0xE8, 0x01,
    0x07, 0x00, 0x05, 0x07, 0x86, 0x39, 0x00, 0x00, 0x2A, 0x31, 0x0C, 0x78, 0x07, 0x05, 0xAA, 0x13,
    0x05, 0x00, 0x93, 0x19, 0x00, 0xFF, 0x05, 0x00, 0x13, 0x02, 0x80, 0x21, 0x01, 0xEA, 0x13, 0x00,
    0x05, 0x00, 0x19, 0x09, 0xC0, 0x1B, 0x05, 0x00, 0x3F, 0x00, 0x7C, 0x01, 0x05, 0x00, 0x07, 0x03,
    0x1A, 0x0B, 0x05, 0x00, 0x94, 0x02, 0x80, 0x58, 0x00, 0x05, 0x00, 0xFF, 0x05, 0x00, 0x39, 0x16,
    0x9C, 0x1B, 0x0A, 0x00, 0x15, 0x05, 0x00, 0x17, 0x01, 0x18, 0x35, 0x0F, 0x00, 0x5E, 0x1E, 0x08,
    0x00, 0x00, 0x0F, 0x00, 0x51, 0x05, 0x00, 0xB5, 0x00, 0x30, 0x25, 0x0A, 0x00, 0x13, 0x05, 0x00,
    0x07, 0x11, 0x90, 0x19, 0x11, 0x82, 0x19, 0x11, 0x9A, 0x21, 0x00, 0x05, 0x2A, 0x11, 0x0A, 0x00,
    0x07, 0x14, 0xA0, 0x09, 0x03, 0x1A, 0x07, 0x02, 0x80, 0x95, 0x0F, 0x00, 0x57, 0x05, 0x00, 0xB3,
    0x00, 0x30, 0x25, 0x00, 0x01, 0xD8, 0x01, 0x16, 0x8E, 0x09, 0x16, 0x88, 0x07, 0x02, 0x7E, 0x09,
    0x11, 0x90, 0x0D, 0x16, 0x58, 0x1F, 0x00, 0x2A, 0x27, 0x05, 0x00, 0x0D, 0x10, 0x02, 0xFA, 0x03,
    0x17, 0x14, 0x05, 0x00, 0x94, 0x05, 0x00, 0x10, 0x03, 0x4C, 0x05, 0x00, 0x97, 0x0A, 0x08, 0x02,
    0x14, 0x00, 0xFF, 0x00, 0x05, 0x00, 0x33, 0x01, 0xEA, 0x0F, 0x05, 0x00, 0x25, 0x00, 0x14, 0x0B,
    0x02, 0x6A, 0x07, 0x05, 0x00, 0x2B, 0x00, 0x20, 0x07, 0x0F, 0x00, 0x0B, 0x00, 0x19, 0xA0, 0x07,
    0x05, 0x00, 0xA0, 0x07, 0x82, 0x02, 0x05, 0x00, 0xFF, 0x02, 0x82, 0x03, 0x05, 0x00, 0x89, 0x00,
    0x2E, 0x07, 0x0A, 0x1A, 0x15, 0x00, 0x09, 0xF8, 0x0B, 0x02, 0x6C, 0x05, 0x00, 0x94, 0x09, 0x16,
    0x68, 0x25, 0x14, 0x00, 0xFF, 0x00, 0x04, 0x73, 0x0E, 0xF2, 0x07, 0x00, 0x04, 0x03, 0x00, 0x00,
    0x38, 0x25, 0x16, 0x98, 0x0F, 0x02, 0x00, 0x0B, 0x0A, 0x00, 0x23, 0x02, 0x58, 0x17, 0x00, 0x04,
    0x07, 0x1B, 0x86, 0x17, 0x04, 0xF8, 0x09, 0x00, 0x1E, 0x8C, 0x07, 0x0A, 0x00, 0x0B, 0x02, 0x80,
    0x95, 0x0F, 0x00, 0xFF, 0x00, 0x04, 0x03, 0x02, 0x7E, 0x0B, 0x02, 0x80, 0x2F, 0x01, 0xEE, 0x05,
    0x00, 0x02, 0x00, 0x0D, 0x04, 0x98, 0x05, 0x1D, 0xC4, 0x19, 0x02, 0x7E, 0x1D, 0x18, 0xEA, 0x07,
    0x05, 0x00, 0x21, 0x1E, 0x98, 0x13, 0x05, 0x00, 0xFF, 0x00, 0x02, 0x82, 0x9B, 0x18, 0xEE, 0x03,
    0x02, 0x82, 0x07, 0x05, 0x00, 0x33, 0x02, 0x7E, 0x07, 0x02, 0x00, 0x05, 0x05, 0x00, 0x07, 0x09,
    0xD8, 0x11, 0x00, 0x14, 0x00, 0x3F, 0x05, 0x00, 0xFF, 0x00, 0x04, 0x1B, 0x05, 0x00, 0xFF, 0x05,
    0x00, 0x47, 0x0A, 0x1C, 0x13, 0x00, 0x40, 0x03, 0x1D, 0xF8, 0x07, 0x00, 0x03, 0x00, 0x07, 0x04,
    0xF8, 0x41, 0x0F, 0x00, 0x67, 0x14, 0x00, 0x53, 0x05, 0x00, 0xAD, 0x00, 0x40, 0x35, 0x05, 0x08,
    0x07, 0x02, 0x00, 0x0B, 0x80, 0x0F, 0x00, 0x2F, 0x16, 0xA0, 0x23, 0x1D, 0xF8, 0x15, 0x0D, 0x04,
    0x07, 0x00, 0x06, 0x03, 0x02, 0x80, 0xA5, 0x14, 0x00, 0x04, 0x0A, 0x00, 0x0E, 0x50, 0x53, 0x1F,
    0xC8, 0x17, 0x0E, 0xF8, 0x8B, 0x00, 0xA8, 0x37, 0x02, 0x80, 0x05, 0x02, 0x00, 0x0D, 0x0F, 0x00,
    0x13, 0x1B, 0x76, 0x49, 0x10, 0x05, 0x00, 0x09, 0x0A, 0x00, 0x01, 0x0D, 0x08, 0x07, 0x05, 0x00,
    0x05, 0xBB, 0x05, 0x00, 0xA6, 0x11, 0x80, 0x51, 0x04, 0x58, 0x3B, 0x00, 0x11, 0x78, 0x95, 0x0F,
    0x08, 0x21, 0x05, 0x00, 0x19, 0x04, 0xFC, 0x1F, 0x1B, 0xA0, 0x23, 0x00, 0x04, 0x03, 0x1D, 0xF8,
    0x07, 0x05, 0x00, 0xBC, 0x00, 0x1B, 0x80, 0x54, 0x05, 0x00, 0xFF, 0x02, 0x32, 0x0B, 0x05, 0x00,
    0x33, 0x0A, 0x2A, 0x07, 0x16, 0x70, 0x0B, 0x0E, 0xF8, 0x07, 0x0E, 0xF2, 0x09, 0x80, 0x00, 0x06,
    0x03, 0x00, 0x98, 0x05, 0x00, 0xD8, 0x3D, 0x0C, 0x80, 0x0D, 0x02, 0xD8, 0x05, 0x00, 0x20, 0x05,
    0x00, 0x10, 0x45, 0xBD, 0x01, 0x7B, 0x00, 0x12, 0x03, 0x00, 0x50, 0x45, 0x05, 0x00, 0x05, 0x00,
    0x80, 0x75, 0x00, 0x10, 0x25, 0x05, 0x00, 0x3D, 0x00, 0x50, 0x05, 0x00, 0x02, 0x00, 0x0D, 0x02,
    0x16, 0x05, 0x02, 0x86, 0x03, 0x0C, 0x88, 0x03, 0x1D, 0xF8, 0x19, 0x00, 0x04, 0x0F, 0x02, 0x74,
    0x0F, 0x00, 0x40, 0x09, 0x20, 0x00, 0x56, 0x03, 0x18, 0xF0, 0x01, 0x17, 0x04, 0x0D, 0x00, 0x06,
    0x03, 0x00, 0xE0, 0x03, 0xBD, 0x04, 0xB0, 0x36, 0x02, 0x80, 0x43, 0x03, 0xBD, 0x7B, 0x01, 0xD0,
    0x6D, 0x02, 0x80, 0x09, 0x02, 0x82, 0x01, 0x00, 0x80, 0x75, 0x00, 0x10, 0x03, 0x01, 0x00, 0x1F,
    0x00, 0x02, 0x80, 0x03, 0x05, 0x00, 0x37, 0x00, 0x50, 0x05, 0x02, 0x00, 0x0D, 0x02, 0x16, 0x05,
    0x0E, 0xA0, 0x05, 0x02, 0x7E, 0x35, 0x00, 0x04, 0x03, 0x00, 0x00, 0x2A, 0x0F, 0x05, 0x00, 0x07,
    0x13, 0xF2, 0x0D, 0x05, 0x00, 0x5F, 0x0A, 0x58, 0x01, 0x01, 0xD0, 0x73, 0x00, 0x10, 0x03, 0x00,
    0x80, 0x21, 0x00, 0x05, 0x00, 0x2D, 0x00, 0x80, 0x4D, 0x05, 0x00, 0x7D, 0x14, 0x08, 0x0B, 0x05,
    0x00, 0x0F, 0x14, 0x16, 0x07, 0x02, 0x86, 0x15, 0x07, 0xAC, 0x1B, 0x00, 0x05, 0x00, 0x1B, 0x07,
    0x80, 0xAF, 0x04, 0x2C, 0x01, 0x05, 0x00, 0x7B, 0x00, 0x80, 0x4B, 0x02, 0x80, 0x2B, 0x05, 0x00,
    0x4D, 0x1D, 0x86, 0x07, 0x00, 0x05, 0x00, 0x43, 0x02, 0xAC, 0x0F, 0x05, 0x00, 0x1D, 0x12, 0x50,
    0x43, 0x03, 0x54, 0x0F, 0x00, 0x16, 0x13, 0x00, 0x80, 0x0F, 0x0A, 0x96, 0x0B, 0x00, 0x06, 0x14,
    0x0B, 0x06, 0x2A, 0x13, 0x00, 0x08, 0x05, 0x00, 0x6A, 0x1B, 0x00, 0x80, 0xD5, 0x0E, 0x30, 0x3D,
    0x0A, 0x00, 0x1D, 0x0E, 0xC4, 0x19, 0x00, 0x00, 0x12, 0x0B, 0x05, 0x22, 0x09, 0x09, 0xFC, 0x13,
    0x05, 0x00, 0x09, 0x00, 0xF0, 0x0F, 0x00, 0x0E, 0x03, 0x02, 0x80, 0x3D, 0x01, 0x32, 0x0B, 0x00,
    0x01, 0x7E, 0x09, 0x00, 0x6A, 0x0B, 0x00, 0x80, 0x15, 0x00, 0x16, 0x0B, 0x00, 0x12, 0x0B, 0x00,
    0x16, 0x0F, 0x01, 0xFE, 0x07, 0x00, 0x16, 0x01, 0x00, 0x00, 0x30, 0x0D, 0x00, 0x80, 0xE1, 0x02,
    0x80, 0x3D, 0x00, 0x80, 0x15, 0x05, 0x00, 0x0B, 0x09, 0xDA, 0x13, 0x18, 0xF8, 0x23, 0x05, 0x00,
    0x15, 0x00, 0x00, 0xD6, 0x13, 0x17, 0x50, 0x47, 0x01, 0x40, 0x19, 0x01, 0xAA, 0x0F, 0x01, 0xD6,
    0x13, 0x01, 0xC0, 0x55, 0x00, 0x80, 0xC7, 0x15, 0xB0, 0x3D, 0x00, 0x00, 0x80, 0x15, 0x0A, 0x00,
    0x09, 0x04, 0xD6, 0x1F, 0x05, 0x00, 0x99, 0x06, 0x56, 0x0D, 0x01, 0xC0, 0x57, 0x04, 0x80, 0x13,
    0x00, 0x80, 0xDB, 0x00, 0x05, 0x00, 0x67, 0x00, 0x04, 0x07, 0x11, 0x94, 0x13, 0x00, 0x04, 0x0B,
    0x0C, 0xA8, 0x15, 0x16, 0x78, 0x05, 0x00, 0xD6, 0x15, 0x14, 0xC8, 0x37, 0x00, 0x01, 0xC0, 0x55,
    0x01, 0xAA, 0x1B, 0x01, 0xD6, 0x0B, 0x00, 0x80, 0xF7, 0x02, 0x88, 0x35, 0x00, 0x80, 0x15, 0x0F,
    0x00, 0x0D, 0x02, 0x60, 0x0B, 0x80, 0x02, 0x7A, 0x19, 0x00, 0x04, 0x0B, 0x07, 0xBE, 0x0D, 0x0F,
    0x00, 0x0D, 0x00, 0xC4, 0x09, 0x05, 0x00, 0x31, 0x02, 0x80, 0x03, 0xBD, 0x01, 0x7B, 0x01, 0x6C,
    0x13, 0x01, 0x7E, 0x11, 0x01, 0x98, 0x0F, 0x00, 0x16, 0x0F, 0x00, 0x12, 0x07, 0x06, 0xAA, 0x1B,
    0x00, 0x16, 0x1D, 0x00, 0x00, 0x80, 0xE7, 0x02, 0x80, 0x35, 0x00, 0x80, 0x15, 0x0F, 0x00, 0x25,
    0x02, 0x8A, 0x1B, 0x00, 0x2A, 0x0F, 0x0A, 0x00, 0x4D, 0x19, 0xC8, 0x09, 0x00, 0x03, 0xD4, 0x1D,
    0x01, 0x7E, 0x13, 0x01, 0xD6, 0x29, 0x04, 0x6A, 0x17, 0x00, 0x80, 0xFD, 0x05, 0x00, 0x41, 0x00,
    0x54, 0x09, 0x05, 0x00, 0x59, 0x00, 0x02, 0x82, 0x01, 0x00, 0xD6, 0x15, 0x0C, 0x78, 0x37, 0x01,
    0x40, 0x27, 0x01, 0x56, 0x27, 0x01, 0xC2, 0x03, 0x00, 0x54, 0x31, 0x00, 0x80, 0xED, 0x00, 0x05,
    0x00, 0x3F, 0x0A, 0x00, 0x19, 0x14, 0x00, 0x23, 0x0A, 0x18, 0x0F, 0x00, 0x12, 0x0F, 0x05, 0x00,
    0x15, 0x16, 0x78, 0x35, 0x14, 0xC8, 0x09, 0x00, 0x00, 0xC0, 0x11, 0x03, 0x48, 0x03, 0x00, 0x04,
    0x0B, 0x00, 0x16, 0x3D, 0x00, 0x28, 0x11, 0x00, 0x16, 0x13, 0x00, 0x80, 0xD7, 0x02, 0x82, 0x0D,
    0x08, 0x1E, 0x88, 0x05, 0x19, 0x08, 0x37, 0x05, 0x00, 0x11, 0xC5, 0x0F, 0x00, 0x1C, 0x11, 0x6E,
    0x1B, 0x02, 0xA8, 0x11, 0x02, 0x80, 0x13, 0x00, 0x1D, 0xF8, 0x05, 0x00, 0xC0, 0x39, 0x15, 0x4C,
    0x09, 0x02, 0x80, 0x45, 0x02, 0x6A, 0xFF, 0x00, 0x16, 0x15, 0x01, 0x6A, 0x07, 0x1D, 0x38, 0x3B,
    0x00, 0x02, 0x80, 0x09, 0x00, 0x54, 0x09, 0x16, 0x80, 0x09, 0x02, 0x72, 0x17, 0x02, 0x92, 0x0B,
    0x00, 0x0C, 0x03, 0x0F, 0x1E, 0x1B, 0x00, 0xE8, 0x05, 0x00, 0x00, 0xC0, 0x65, 0x01, 0x7E, 0x25,
    0x01, 0xD6, 0x53, 0x00, 0x80, 0xD7, 0x01, 0xBE, 0x0B, 0x01, 0xC0, 0x41, 0x02, 0x12, 0x0B, 0x07,
    0x80, 0x07, 0x00, 0x11, 0x76, 0x29, 0x00, 0x04, 0x03, 0x05, 0x00, 0x0F, 0x07, 0x80, 0x11, 0x00,
    0x70, 0x09, 0x00, 0xC0, 0x57, 0x01, 0xC0, 0x39, 0x01, 0xAA, 0x29, 0x00, 0x02, 0x40, 0x51, 0x00,
    0x80, 0x99, 0x04, 0x40, 0x0F, 0x07, 0x82, 0x03, 0x04, 0x40, 0x49, 0x00, 0x6C, 0x01, 0x18, 0xDC,
    0x1F, 0x00, 0x08, 0x03, 0x00, 0x13, 0xF0, 0x07, 0x0C, 0xA0, 0x1B, 0x00, 0xC0, 0x15, 0x0A, 0xC0,
    0x35, 0x0C, 0x80, 0x09, 0x07, 0x82, 0x09, 0x05, 0xC0, 0x23, 0x00, 0xDA, 0x17, 0x00, 0x00, 0x04,
    0x17, 0x1A, 0x08, 0x13, 0x0D, 0xA4, 0x21, 0x01, 0x40, 0x19, 0x00, 0x96, 0x27, 0x00, 0x6A, 0x33,
    0x0E, 0x3A, 0x2D, 0x06, 0xEC, 0x13, 0x19, 0x04, 0x09, 0x40, 0x14, 0x01, 0xC0, 0x3F, 0x4C, 0x3D,
    0x05, 0x00, 0x1D, 0x0E, 0xF8, 0x2B, 0x02, 0x80, 0x17, 0x00, 0x0A, 0x00, 0x13, 0x00, 0xC0, 0x5F,
    0x08, 0x42, 0x17, 0x02, 0x7E, 0x37, 0x02, 0x2A, 0x29, 0x00, 0x28, 0x1B, 0x02, 0x44, 0x25, 0x00,
    0x80, 0x1D, 0x00, 0x00, 0xD0, 0x1B, 0x02, 0xD6, 0x3F, 0x04, 0x40, 0x11, 0x02, 0x80, 0x41, 0x0A,
    0x00, 0x1D, 0x00, 0x04, 0x13, 0x07, 0x62, 0x0D, 0x01, 0xCA, 0x1F, 0x00, 0x00, 0xC0, 0x09, 0x00,
    0x70, 0x09, 0x00, 0xC0, 0x61, 0x02, 0x2A, 0x29, 0x00, 0xC4, 0x17, 0x05, 0x00, 0x37, 0x00, 0x04,
    0x0F, 0x02, 0x2A, 0x3F, 0x00, 0x05, 0xD4, 0x21, 0x15, 0xB0, 0x27, 0x00, 0x04, 0x07, 0x05, 0x00,
    0x2B, 0x04, 0x40, 0x03, 0x1E, 0x08, 0x31, 0x04, 0x40, 0x17, 0x00, 0x68, 0x01, 0x00, 0x04, 0x40,
    0x11, 0x00, 0xBE, 0x1F, 0x00, 0x26, 0x19, 0x00, 0xC0, 0x19, 0x05, 0x00, 0x43, 0x00, 0x08, 0x03,
    0x05, 0x00, 0xB3, 0x02, 0x2A, 0x1F, 0x00, 0x03, 0x40, 0x3B, 0x05, 0x00, 0xDD, 0x01, 0x06, 0x1F,
    0x00, 0xC0, 0x15, 0x0F, 0xC0, 0x59, 0x01, 0xD6, 0x17, 0x04, 0xEA, 0x31, 0x00, 0x2A, 0x0F, 0x00,
    0x02, 0x40, 0x13, 0x00, 0x04, 0x13, 0x07, 0x40, 0x29, 0x09, 0xD8, 0x3B, 0x03, 0x2A, 0x3B, 0x00,
    0x68, 0x13, 0x05, 0x00, 0x17, 0x01, 0xC0, 0x3D, 0x00, 0x0A, 0x00, 0x23, 0x01, 0x96, 0x27, 0x11,
    0xAC, 0x15, 0x0F, 0x00, 0x0F, 0x14, 0x7A, 0x03, 0x00, 0xC0, 0x3F, 0x17, 0xE0, 0x09, 0x17, 0x40,
    0x0D, 0x00, 0x0D, 0x1C, 0x1F, 0x0C, 0x40, 0x37, 0x03, 0x84, 0x0F, 0x02, 0xD6, 0x3F, 0x00, 0xA4,
    0x37, 0x07, 0x40, 0x1D, 0x00, 0x6A, 0x35, 0x05, 0x00, 0x0D, 0x0C, 0x06, 0x6A, 0x07, 0x13, 0x40,
    0x09, 0xBD, 0x7B, 0x16, 0x80, 0x3D, 0x00, 0x54, 0x05, 0x02, 0x26, 0x03, 0x05, 0x00, 0x1D, 0x00,
    0x07, 0x98, 0x2F, 0x00, 0xC0, 0x1B, 0x17, 0x40, 0x3F, 0x0F, 0x00, 0x15, 0x04, 0xA8, 0x13, 0x01,
    0xC0, 0x37, 0x02, 0xD6, 0x0F, 0x09, 0x66, 0x23, 0x00, 0x04, 0x96, 0x21, 0x0A, 0x50, 0x31, 0x0F,
    0x16, 0x37, 0x00, 0x6A, 0x2B, 0x04, 0x40, 0x63, 0x02, 0x80, 0x01, 0x05, 0x00, 0x27, 0x01, 0xC0,
    0x27, 0x00, 0x14, 0x00, 0x15, 0x05, 0xC0, 0x45, 0x00, 0xC0, 0x23, 0x05, 0xB0, 0x15, 0x07, 0x3C,
    0x41, 0x05, 0x00, 0xFB, 0x04, 0x40, 0x5B, 0x00, 0x04, 0x13, 0x00, 0x00, 0xD8, 0x03, 0x08, 0x42,
    0x25, 0x00, 0xC0, 0x15, 0x0A, 0xC0, 0x41, 0x05, 0x00, 0x21, 0x00, 0x94, 0x0F, 0x1E, 0xE0, 0x27,
    0x00, 0x04, 0x03, 0x00, 0x0C, 0xC0, 0x37, 0x0E, 0xA8, 0x2D, 0x03, 0x2A, 0x21, 0x02, 0x56, 0x2D,
    0x06, 0x00, 0x3D, 0x05, 0x00, 0x15, 0x0E, 0x40, 0x3F, 0x05, 0x00, 0x1D, 0x00, 0x0E, 0x26, 0x27,
    0x05, 0xC0, 0x2B, 0x0F, 0x00, 0x45, 0x0A, 0x00, 0x15, 0x10, 0xAA, 0x29, 0x0D, 0x58, 0x1F, 0x16,
    0x7E, 0x3B, 0x17, 0xC2, 0x1F, 0x00, 0x00, 0x04, 0x07, 0x16, 0x7E, 0x4D, 0x00, 0x6A, 0x17, 0x00,
    0x04, 0x13, 0x0F, 0x00, 0x1B, 0x01, 0x6E, 0x05, 0x03, 0xF8, 0x05, 0x04, 0x40, 0x49, 0x00, 0x00,
    0x0C, 0x01, 0x04, 0x40, 0x23, 0x01, 0xA8, 0x09, 0x09, 0x00, 0x23, 0x00, 0xC0, 0x59, 0x19, 0x00,
    0x19, 0x06, 0xD6, 0x3F, 0x04, 0x34, 0x13, 0x00, 0x18, 0xA8, 0x51, 0x02, 0xD6, 0x07, 0x0F, 0x50,
    0x23, 0x03, 0x40, 0x3B, 0x00, 0x5A, 0x13, 0x03, 0x40, 0x15, 0x04, 0x40, 0x0B, 0x01, 0xBE, 0x05,
    0x00, 0x04, 0x40, 0x65, 0x01, 0x0E, 0x1B, 0x09, 0x00, 0x21, 0x00, 0xC0, 0x7B, 0x05, 0x00, 0x2F,
    0x1B, 0x7E, 0x4B, 0x1B, 0x82, 0x2D, 0x00, 0x82, 0x0F, 0x00, 0x0C, 0xC0, 0x25, 0x00, 0x3C, 0x0F,
    0x05, 0x00, 0xDB, 0x00, 0x04, 0x0F, 0x14, 0xC0, 0x1F, 0x0A, 0xC0, 0x55, 0x00, 0xC0, 0x09, 0x04,
    0x00, 0x13, 0x00, 0x0F, 0x00, 0x3F, 0x01, 0xD6, 0x1B, 0x02, 0xC0, 0x3B, 0x1E, 0xA8, 0x51, 0x0F,
    0x00, 0x53, 0x04, 0x40, 0x07, 0x13, 0x40, 0x57, 0x00, 0xE8, 0x1B, 0x20, 0x01, 0x16, 0x2D, 0x14,
    0xC0, 0x0B, 0x00, 0x70, 0x07, 0x00, 0xC0, 0x43, 0x0B, 0x10, 0x05, 0x4D, 0x14, 0x00, 0x0C, 0x02,
    0x1C, 0x0B, 0x00, 0x1B, 0x34, 0x31, 0x04, 0xE2, 0x3B, 0x18, 0xCC, 0x37, 0x07, 0xCE, 0x39, 0x03,
    0x14, 0x07, 0x02, 0xB8, 0x37, 0x01, 0x2C, 0x0D, 0x05, 0x00, 0x09, 0x00, 0x17, 0xF4, 0x09, 0x04,
    0x40, 0x45, 0x02, 0x16, 0x05, 0x18, 0x40, 0x15, 0x00, 0x04, 0x1B, 0x01, 0xC0, 0x1F, 0x00, 0xC0,
    0x09, 0x02, 0x82, 0x09, 0x00, 0x00, 0xC0, 0x55, 0x1B, 0x76, 0x3B, 0x05, 0x20, 0x27, 0x02, 0xD6,
    0x2B, 0x02, 0xE8, 0x29, 0x00, 0x04, 0x13, 0x00, 0xD4, 0x17, 0x02, 0xD6, 0x29, 0x00, 0x00, 0x04,
    0x0F, 0x03, 0x40, 0x1D, 0x04, 0x40, 0x7F, 0x00, 0x04, 0x3B, 0x00, 0xC0, 0x5F, 0x00, 0x58, 0x03,
    0x05, 0x00, 0x1D, 0x1A, 0xE0, 0x67, 0x00, 0x09, 0xA0, 0x17, 0x05, 0x00, 0xA9, 0x0E, 0x40, 0x11,
    0x05, 0x00, 0x77, 0x00, 0x12, 0x11, 0x04, 0x00, 0x23, 0x00, 0xC0, 0x15, 0x0A, 0xC0, 0x45, 0x00,
    0x00, 0xC0, 0x15, 0x04, 0x00, 0x45, 0x0C, 0x34, 0x31, 0x02, 0xC0, 0x35, 0x01, 0x54, 0x19, 0x00,
    0x04, 0x17, 0x0A, 0x62, 0x37, 0x00, 0x04, 0x17, 0x0C, 0x05, 0x00, 0x1F, 0x01, 0xC0, 0x35, 0xBD,
    0x7B, 0x01, 0xC2, 0x03, 0x05, 0x00, 0x17, 0x00, 0x94, 0x13, 0x00, 0xC2, 0x11, 0x08, 0x04, 0x00,
    0x21, 0x00, 0xC0, 0x07, 0x11, 0x32, 0x09, 0x4D, 0x0F, 0x00, 0x44, 0x05, 0x00, 0x11, 0x18, 0xE6,
    0x3B, 0x02, 0x14, 0x0F, 0x00, 0x01, 0xC0, 0x31, 0x00, 0x04, 0x0F, 0x07, 0x40, 0x1F, 0x00, 0x6A,
    0x33, 0x03, 0x40, 0x51, 0x0A, 0x00, 0x15, 0x17, 0xF0, 0x09, 0x04, 0x40, 0x45, 0x00, 0x02, 0x16,
    0x05, 0x0F, 0x00, 0x0D, 0x05, 0xEE, 0x21, 0x03, 0x6A, 0x21, 0x00, 0xC0, 0x71, 0x05, 0x00, 0x55,
    0x13, 0x6E, 0x1F, 0x00, 0x04, 0x07, 0x00, 0x07, 0xC0, 0x33, 0x0C, 0x40, 0x4F, 0x02, 0xD6, 0x2B,
    0x00, 0x24, 0x0F, 0x04, 0x40, 0x13, 0x13, 0x40, 0x45, 0x10, 0xC6, 0x07, 0x05, 0x00, 0x47, 0x00,
    0x05, 0xC0, 0x5B, 0x00, 0xC0, 0x23, 0x01, 0xC8, 0x29, 0x11, 0x0C, 0x51, 0x00, 0x04, 0x0F, 0x0C,
    0x40, 0x25, 0x05, 0x00, 0xDF, 0x07, 0x82, 0x03, 0x00, 0x05, 0x00, 0x3F, 0x0F, 0x00, 0x37, 0x0A,
    0xC0, 0x59, 0x04, 0x00, 0x4B, 0x04, 0xEA, 0x0B, 0x13, 0xCC, 0x51, 0x0C, 0x2A, 0x47, 0x00, 0x04,
    0x07, 0x08, 0x06, 0x00, 0x49, 0x05, 0x00, 0x15, 0x01, 0xC0, 0x3D, 0x4D, 0x04, 0x40, 0x22, 0x00,
    0x04, 0x1B, 0x02, 0xA4, 0x21, 0x05, 0x00, 0x0F, 0x00, 0x00, 0x08, 0x03, 0x00, 0xC0, 0x43, 0x00,
    0x04, 0x07, 0x0F, 0xC0, 0x19, 0x02, 0x2A, 0x17, 0x00, 0xDE, 0x17, 0x00, 0x30, 0x21, 0x01, 0xFE,
    0x25, 0x00, 0x02, 0x10, 0x1B, 0x11, 0xC4, 0x37, 0x02, 0x3C, 0x1B, 0x02, 0x82, 0x33, 0x09, 0x40,
    0x15, 0x03, 0xF0, 0x0D, 0x04, 0x40, 0x41, 0x00, 0x54, 0x09, 0x00, 0x18, 0x40, 0x15, 0x00, 0x04,
    0x03, 0x04, 0xFC, 0x2B, 0x05, 0x00, 0x11, 0x00, 0xC0, 0x51, 0x05, 0x00, 0x19, 0x00, 0x90, 0x0B,
    0x1A, 0xDC, 0x37, 0x00, 0x05, 0x00, 0x31, 0x00, 0x40, 0x0F, 0x14, 0x00, 0x55, 0x00, 0x2A, 0x0F,
    0x02, 0x7E, 0x09, 0x0A, 0xA8, 0x37, 0x09, 0x40, 0x15, 0x01, 0x72, 0x07, 0x02, 0x01, 0xC0, 0x39,
    0xBB, 0x04, 0x40, 0x1E, 0x00, 0x94, 0x0B, 0x00, 0xBE, 0x15, 0x05, 0x00, 0x2F, 0x00, 0xC0, 0x43,
    0x05, 0x00, 0x6F, 0x00, 0x02, 0x6C, 0x2D, 0x05, 0x00, 0x51, 0x00, 0x04, 0x0F, 0x1E, 0xDE, 0x3F,
    0x05, 0x00, 0xBD, 0x0F, 0x00, 0x33, 0x00, 0x04, 0x01, 0x0F, 0x00, 0x41, 0x00, 0x00, 0xC0, 0x19,
    0x04, 0x00, 0x25, 0x00, 0x04, 0x0F, 0x0C, 0x14, 0x3F, 0x07, 0x40, 0x31, 0x0A, 0xA8, 0x0B, 0x03,
    0x2A, 0x3F, 0x00, 0x26, 0x0B, 0x00, 0x06, 0x00, 0x37, 0x03, 0xD6, 0x03, 0x02, 0x80, 0x01, 0x04,
    0x40, 0x0B, 0x01, 0xC0, 0x3D, 0x04, 0x40, 0x17, 0x00, 0xE8, 0x13, 0x14, 0x00, 0x2B, 0x00, 0x00,
    0x10, 0x07, 0x05, 0x00, 0x15, 0x00, 0xC0, 0x3F, 0x03, 0x92, 0x0B, 0x05, 0xC0, 0x0F, 0x02, 0x7E,
    0x25, 0x0C, 0x40, 0x25, 0x1C, 0x90, 0x3F, 0xC0, 0x0C, 0xAA, 0x37, 0x07, 0x40, 0x37, 0x02, 0x94,
    0x35, 0x0E, 0x40, 0x15, 0x04, 0x44, 0x05, 0x01, 0xC0, 0x3B, 0xBD, 0x7B, 0x00, 0x01, 0xBE, 0x09,
    0x04, 0x40, 0x09, 0x01, 0x5E, 0x17, 0x16, 0x7E, 0x31, 0x00, 0xC0, 0x55, 0x19, 0x00, 0x0B, 0x05,
    0x00, 0x15, 0x10, 0xC0, 0x49, 0x00, 0x02, 0xD6, 0x3B, 0x1B, 0xD2, 0x3F, 0x00, 0x6C, 0x17, 0x02,
    0xD6, 0x49, 0x05, 0x92, 0x0F, 0x04, 0x40, 0x63, 0x05, 0x00, 0x23, 0x1D, 0x00, 0x31, 0x00, 0x00,
    0xC0, 0x0F, 0x19, 0x00, 0x43, 0x0A, 0xC0, 0x1F, 0x07, 0x7E, 0x45, 0x1D, 0xA4, 0x3B, 0x05, 0x00,
    0x61, 0x0A, 0xA8, 0x21, 0x05, 0x00, 0x39, 0x00, 0x01, 0x58, 0x01, 0x04, 0x40, 0x65, 0x01, 0x9C,
    0x17, 0x13, 0x1C, 0x17, 0x00, 0x04, 0x19, 0x05, 0x00, 0x15, 0x1C, 0x08, 0x05, 0x0F, 0x00, 0x41,
    0x02, 0x00, 0xC0, 0x07, 0xC5, 0x0F, 0x00, 0x18, 0x04, 0x92, 0x33, 0x02, 0x40, 0x6F, 0x00, 0x2A,
    0x13, 0x02, 0x56, 0x2D, 0x0F, 0x00, 0x99, 0x00, 0x0E, 0x40, 0x03, 0x05, 0x00, 0x15, 0x16, 0x7A,
    0x35, 0x00, 0x12, 0x13, 0x02, 0x80, 0x05, 0x13, 0xFA, 0x05, 0x00, 0x04, 0x05, 0x0D, 0x40, 0x41,
    0x00, 0x00, 0x54, 0x09, 0x03, 0x40, 0x15, 0x10, 0xE0, 0x3B, 0x0C, 0x08, 0x17, 0x07, 0xE0, 0x45,
    0x13, 0xB2, 0x1B, 0x1B, 0xE0, 0x37, 0x05, 0x0A, 0x13, 0x00, 0x06, 0x12, 0x2F, 0x02, 0x80, 0x13,
    0x16, 0x80, 0x3F, 0x16, 0xCC, 0x09, 0x07, 0x80, 0x1B, 0x0E, 0x0C, 0x23, 0x01, 0xC0, 0x15, 0x00,
    0xC0, 0x13, 0x00, 0x02, 0x80, 0x41, 0x02, 0xD2, 0x0B, 0x1B, 0x80, 0x17, 0x07, 0x3C, 0x33, 0x0A,
    0x06, 0x25, 0x00, 0x04, 0x1F, 0x02, 0x18, 0x1D, 0x02, 0x2A, 0x1B, 0x00, 0x00, 0x04, 0x0B, 0x05,
    0x20, 0x31, 0x05, 0xF8, 0x3B, 0x01, 0xBE, 0x03, 0x04, 0x40, 0x89, 0x00, 0xD4, 0x03, 0x05, 0x00,
    0x3F, 0x07, 0x82, 0x03, 0x00, 0x00, 0xC0, 0x49, 0x00, 0x6C, 0x01, 0x04, 0xA8, 0x39, 0x05, 0x00,
    0x25, 0x11, 0x22, 0x29, 0x1D, 0xA0, 0x51, 0x03, 0x40, 0x33, 0x00, 0x2C, 0x1B, 0x00, 0x00, 0x22,
    0x0B, 0x07, 0x80, 0x11, 0x01, 0x6E, 0x09, 0x04, 0x40, 0x5D, 0x03, 0x2E, 0x35, 0x00, 0x04, 0x0F,
    0x05, 0x00, 0x15, 0x0A, 0xC0, 0x3D, 0x03, 0x4C, 0x3D, 0x00, 0xC0, 0x1D, 0x04, 0x00, 0x43, 0x09,
    0xE2, 0x29, 0x02, 0x14, 0x21, 0x00, 0x2C, 0x0B, 0x03, 0x2A, 0x1F, 0x00, 0x02, 0xC0, 0x3B, 0x0D,
    0x3C, 0x37, 0x00, 0x66, 0x05, 0x04, 0x40, 0x15, 0x0C, 0x80, 0x41, 0x07, 0x82, 0x09, 0x05, 0x00,
    0x11, 0x02, 0x68, 0x19, 0x00, 0x02, 0x84, 0x25, 0x00, 0xC0, 0x11, 0x02, 0x80, 0x41, 0x05, 0xC0,
    0x21, 0x02, 0x2A, 0x29, 0x00, 0x04, 0x13, 0x16, 0x8C, 0x29, 0x00, 0x54, 0x1D, 0x00, 0x19, 0x06,
    0x31, 0x11, 0x60, 0x3B, 0x04, 0xEA, 0x21, 0x00, 0x6A, 0x1D, 0x03, 0xD4, 0x01, 0x0A, 0x00, 0x11,
    0x04, 0x40, 0x67, 0x01, 0xA8, 0x1F, 0x00, 0x00, 0x26, 0x19, 0x0A, 0xC0, 0x15, 0x1C, 0x08, 0x05,
    0x00, 0xC0, 0x47, 0x00, 0x68, 0x01, 0x00, 0xC0, 0x1F, 0x00, 0xD6, 0x21, 0x04, 0x96, 0x1B, 0x00,
    0x00, 0x58, 0x25, 0x1E, 0x4C, 0x21, 0x05, 0x00, 0x31, 0x12, 0x5C, 0x0F, 0x14, 0x8A, 0x2D, 0x0E,
    0x40, 0x35, 0x01, 0x72, 0x09, 0x04, 0x40, 0x61, 0x00, 0x00, 0xD6, 0x1F, 0x02, 0xA0, 0x1F, 0x05,
    0x00, 0x8F, 0x04, 0x16, 0x29, 0x05, 0x00, 0x49, 0x09, 0xEA, 0x1F, 0x05, 0x00, 0x91, 0x04, 0x40,
    0x19, 0x00, 0x05, 0x00, 0x43, 0x00, 0x08, 0x03, 0x05, 0x00, 0x39, 0x03, 0x42, 0x19, 0x0F, 0xC0,
    0x55, 0x05, 0xC0, 0x1F, 0x0F, 0x00, 0x3B, 0x0C, 0x68, 0x29, 0x00, 0x18, 0xA0, 0x31, 0x1E, 0x62,
    0x33, 0x14, 0xA0, 0x55, 0x00, 0x04, 0x0B, 0x1A, 0xC0, 0x11, 0x04, 0x40, 0x0D, 0x13, 0x40, 0x7B,
    0x14, 0x12, 0x27, 0x18, 0x16, 0x80, 0x09, 0x00, 0x70, 0x09, 0x00, 0xC0, 0x03, 0xBD, 0x7B, 0x16,
    0x80, 0x3D, 0x00, 0x54, 0x05, 0x02, 0xE6, 0x03, 0x00, 0x05, 0x00, 0x1D, 0x04, 0xEA, 0x43, 0x04,
    0x58, 0x2D, 0x00, 0x04, 0x0B, 0x18, 0xA0, 0x3B, 0x1E, 0xB6, 0x3F, 0x01, 0x16, 0x1D, 0x05, 0xA4,
    0x0B, 0x00, 0x0F, 0x00, 0x0F, 0x01, 0x7A, 0x03, 0x04, 0x40, 0x3F, 0x1B, 0x0C, 0x07, 0x14, 0x00,
    0x2D, 0x00, 0xD6, 0x29, 0x00, 0xC0, 0x63, 0x02, 0x80, 0x01, 0x00, 0x0F, 0xC0, 0x27, 0x07, 0x2E,
    0x2D, 0x00, 0x04, 0x07, 0x02, 0x2A, 0x6F, 0x00, 0x14, 0x0B, 0x19, 0x20, 0x47, 0x00, 0x04, 0x0B,
    0x00, 0x16, 0x17, 0x00, 0x04, 0x40, 0x1B, 0x1A, 0xC0, 0x3F, 0x0F, 0x00, 0x19, 0x11, 0x7E, 0x3D,
    0x00, 0xC0, 0x7D, 0x0B, 0xE8, 0x0F, 0x05, 0x00, 0xFF, 0x06, 0x16, 0x2B, 0x00, 0x14, 0x00, 0x15,
    0x09, 0x40, 0x45, 0x04, 0x40, 0x2F, 0x0D, 0xB2, 0x11, 0x00, 0xC0, 0x2B, 0x02, 0x3A, 0x03, 0x0A,
    0xC0, 0x3F, 0x05, 0x00, 0x1D, 0x00, 0x1D, 0xA0, 0x3F, 0x0E, 0xA8, 0x17, 0x0A, 0x2C, 0x2F, 0x01,
    0x2C, 0x0D, 0x0A, 0x00, 0x33, 0x03, 0x2A, 0x3F, 0x06, 0x00, 0x2D, 0x04, 0x40, 0x15, 0x00, 0x0E,
    0x40, 0x41, 0x04, 0x40, 0x21, 0x00, 0x94, 0x0B, 0x0F, 0xF8, 0x09, 0x18, 0x66, 0x23, 0x00, 0xC0,
    0x0D, 0x00, 0x78, 0x05, 0x00, 0xC0, 0x49, 0x00, 0x00, 0x0C, 0x01, 0x14, 0xC0, 0x27, 0x06, 0x94,
    0x2D, 0x00, 0xEA, 0x0F, 0x0C, 0xD2, 0x49, 0x0F, 0x00, 0x47, 0x00, 0x0C, 0x03, 0x00, 0x1C, 0x0D,
    0x00, 0x19, 0xA8, 0x3D, 0x05, 0x00, 0x15, 0x04, 0x40, 0x4B, 0x14, 0x00, 0x61, 0x02, 0x7E, 0x09,
    0x00, 0xC0, 0x77, 0x01, 0xC0, 0x3B, 0x05, 0x42, 0x29, 0x00, 0x02, 0xD6, 0x29, 0x13, 0xA8, 0x3F,
    0x00, 0x28, 0x17, 0x14, 0x00, 0x43, 0x04, 0x40, 0x51, 0x19, 0x00, 0x2F, 0x01, 0xA8, 0x15, 0x05,
    0x00, 0xAD, 0x00, 0x11, 0x56, 0x29, 0x05, 0x00, 0x57, 0x1B, 0x90, 0x0D, 0x1F, 0x56, 0x11, 0x0D,
    0x02, 0x3D, 0x05, 0x00, 0x4B, 0x04, 0x40, 0x7F, 0x08, 0x96, 0x2D, 0x3E, 0x00, 0xC0, 0x15, 0x65,
    0x7F, 0x65, 0x7F, 0x64, 0x00, 0x04, 0x04, 0x00, 0x0C, 0x01, 0x00, 0x00, 0x04, 0x07, 0x00, 0x16,
    0x23, 0x0F, 0xC0, 0x29, 0x05, 0xC6, 0x35, 0x0E, 0x3E, 0x3B, 0x00, 0x04, 0x13, 0x0F, 0x00, 0x51,
    0x02, 0xC0, 0x13, 0x00, 0x06, 0x00, 0x43, 0x19, 0x00, 0x15, 0x0E, 0x40, 0x49, 0x04, 0x40, 0x15,
    0x0F, 0x00, 0x39, 0x00, 0x26, 0x05, 0x05, 0x00, 0x09, 0x14, 0x74, 0x09, 0x00, 0x02, 0x60, 0x0B,
    0x02, 0x8A, 0x25, 0x00, 0x12, 0x07, 0x02, 0xCA, 0x07, 0x00, 0x54, 0x03, 0x00, 0xC0, 0x05, 0x15,
    0xE0, 0x29, 0x04, 0x0E, 0x2F, 0x00, 0x00, 0x12, 0x07, 0x01, 0xEC, 0x03, 0x02, 0x4E, 0x35, 0x01,
    0xF0, 0x17, 0x02, 0xB8, 0x2F, 0x0C, 0xD2, 0x17, 0x03, 0x76, 0x37, 0x00, 0x16, 0x07, 0x00, 0x18,
    0x40, 0x0B, 0x02, 0x86, 0x07, 0x13, 0x40, 0x43, 0x02, 0x16, 0x07, 0x04, 0x40, 0x07, 0x18, 0xF8,
    0x2F, 0x00, 0x04, 0x07, 0x00, 0x38, 0x0F, 0x00, 0x00, 0xC0, 0x15, 0x02, 0x7E, 0x31, 0x00, 0x16,
    0x09, 0x00, 0xC0, 0x27, 0x02, 0x2A, 0x15, 0x0E, 0x36, 0x2D, 0x1E, 0x0A, 0x37, 0x0C, 0x90, 0x35,
    0x00, 0x00, 0x14, 0x0B, 0x07, 0x9C, 0x21, 0x01, 0xB8, 0x31, 0x19, 0xA0, 0x1B, 0x04, 0x40, 0x09,
    0x01, 0xC2, 0x09, 0x05, 0x00, 0x45, 0x04, 0x40, 0x0D, 0x00, 0x13, 0xF4, 0x3D, 0x05, 0x00, 0x85,
    0x00, 0x90, 0x0B, 0x05, 0x00, 0x4F, 0x1B, 0x4A, 0x15, 0x01, 0x40, 0x23, 0x05, 0x00, 0x2F, 0x02,
    0xC0, 0x3F, 0x80, 0x00, 0x04, 0x13, 0x05, 0x00, 0x7F, 0x00, 0x58, 0x03, 0x05, 0x00, 0x19, 0x18,
    0xF4, 0x27, 0x00, 0xC0, 0x27, 0x0A, 0xC0, 0x35, 0xBD, 0x01, 0x7B, 0x00, 0xFA, 0x03, 0x05, 0x00,
    0x17, 0x01, 0xD6, 0x3B, 0x05, 0x2C, 0x17, 0x06, 0x10, 0x31, 0x00, 0x04, 0x07, 0x07, 0xC0, 0x3B,
    0x00, 0x03, 0x2A, 0x67, 0x00, 0x42, 0x0D, 0x04, 0x40, 0x15, 0x0E, 0x40, 0x45, 0x05, 0x00, 0x11,
    0x03, 0xC4, 0x27, 0x06, 0xD6, 0x1F, 0x05, 0xC0, 0x11, 0x00, 0x00, 0xC0, 0x49, 0x01, 0x14, 0x05,
    0x05, 0xC0, 0x0D, 0x04, 0x00, 0x45, 0x02, 0x7E, 0x35, 0x07, 0xC0, 0x33, 0x02, 0xFE, 0x31, 0x01,
    0x80, 0x1B, 0x10, 0x17, 0x40, 0x07, 0x00, 0xC6, 0x33, 0x04, 0x40, 0x07, 0x11, 0x32, 0x09, 0x4D,
    0x0F, 0x00, 0x44, 0x05, 0x00, 0x11, 0x00, 0x90, 0x17, 0x00, 0x02, 0x82, 0x15, 0x00, 0x2C, 0x0F,
    0x05, 0x00, 0x11, 0x11, 0xF2, 0x0B, 0x00, 0xC0, 0x43, 0x0D, 0x46, 0x07, 0x00, 0xC0, 0x21, 0x00,
    0x04, 0x13, 0x00, 0x02, 0x02, 0x1B, 0x01, 0xC0, 0x2B, 0x1D, 0xA0, 0x43, 0x07, 0x94, 0x4D, 0x0B,
    0x00, 0x2D, 0x0A, 0x00, 0x1D, 0x04, 0x40, 0x5D, 0x05, 0x00, 0x9B, 0x00, 0x07, 0x82, 0x03, 0x05,
    0x00, 0x83, 0x0C, 0xC0, 0x4D, 0x0E, 0xCC, 0x31, 0x02, 0xD6, 0x37, 0x00, 0xBE, 0x1F, 0x05, 0x00,
    0x09, 0x09, 0x40, 0x43, 0x20, 0x04, 0x40, 0x39, 0x15, 0x1E, 0x23, 0x00, 0x14, 0x0B, 0x05, 0x00,
    0x15, 0x0A, 0xC0, 0x3D, 0x4D, 0x00, 0xC0, 0x16, 0x01, 0xD6, 0x29, 0x00, 0x1B, 0x0C, 0x29, 0x0B,
    0xFE, 0x3F, 0x00, 0x88, 0x0F, 0x0F, 0x00, 0x3F, 0x02, 0xAA, 0x1B, 0x05, 0xB4, 0x2F, 0x0F, 0x00,
    0x21, 0x00, 0x08, 0x01, 0x08, 0x0E, 0x18, 0x0F, 0x0E, 0x3E, 0x0D, 0x0E, 0x52, 0x19, 0x64, 0x0E,
    0x40, 0x30, 0x06, 0xD8, 0x2B, 0x00, 0xC0, 0x0D, 0x00, 0x70, 0x0D, 0x00, 0x0F, 0xC0, 0x41, 0x00,
    0x54, 0x09, 0x0F, 0x00, 0x43, 0x13, 0x50, 0x1B, 0x09, 0xAC, 0x37, 0x13, 0xFC, 0x17, 0x14, 0x00,
    0x37, 0x05, 0x16, 0x1F, 0x00, 0x0D, 0x36, 0x33, 0x0E, 0x40, 0x1D, 0x00, 0x08, 0x03, 0x02, 0x68,
    0x11, 0x10, 0xAC, 0x13, 0x00, 0x16, 0x13, 0x04, 0x40, 0x03, 0x00, 0x04, 0x07, 0x20, 0x0F, 0x00,
    0x31, 0x00, 0x04, 0x0F, 0x14, 0x00, 0x1D, 0x02, 0x82, 0x07, 0x02, 0x80, 0x39, 0xBB, 0x05, 0x00,
    0x06, 0x00, 0xC0, 0x27, 0x00, 0x1B, 0x76, 0x2F, 0x02, 0x2A, 0x1F, 0x05, 0x28, 0x3B, 0x1D, 0xA0,
    0x2D, 0x00, 0x04, 0x0F, 0x0C, 0x68, 0x43, 0x09, 0x40, 0x23, 0x04, 0x40, 0x0D, 0x00, 0x04, 0xDC,
    0x13, 0x05, 0x06, 0x0F, 0x05, 0x28, 0x13, 0x05, 0x00, 0x1B, 0x00, 0xA6, 0x0F, 0x05, 0x00, 0xC1,
    0x00, 0xA6, 0x0F, 0x16, 0x52, 0x2D, 0x00, 0x05, 0x00, 0x43, 0x00, 0x04, 0x07, 0x05, 0x00, 0x67,
    0x1C, 0x22, 0x37, 0x04, 0x40, 0x15, 0x05, 0x00, 0x81, 0x01, 0x56, 0x21, 0x00, 0x56, 0x03, 0x00,
    0x02, 0x80, 0x01, 0x00, 0xC0, 0x0B, 0x0A, 0xC0, 0x3D, 0x00, 0xC0, 0x15, 0x02, 0x88, 0x03, 0x00,
    0x04, 0x0B, 0x00, 0x18, 0x01, 0x00, 0x16, 0x11, 0x00, 0x00, 0x2C, 0x0F, 0x00, 0x3E, 0x11, 0x00,
    0x16, 0x29, 0x00, 0x80, 0xD7, 0x19, 0x00, 0x0D, 0x0F, 0x00, 0x41, 0x04, 0x40, 0x11, 0x0C, 0x6C,
    0x2B, 0x18, 0x0F, 0x00, 0x2F, 0x00, 0xC4, 0x05, 0x00, 0xC0, 0x3B, 0xBD, 0x7B, 0x00, 0xBC, 0x09,
    0x00, 0xC0, 0x09, 0x01, 0xC0, 0x3D, 0x00, 0x01, 0xAA, 0x25, 0x02, 0x40, 0x55, 0x00, 0x80, 0x95,
    0x04, 0x40, 0x4F, 0x07, 0x12, 0x0B, 0x0F, 0x00, 0x1D, 0x02, 0x90, 0x11, 0x06, 0xEC, 0x21, 0x00,
    0x00, 0xC0, 0x63, 0x05, 0x00, 0x1D, 0x01, 0xC0, 0x51, 0x02, 0x2A, 0x3B, 0x00, 0x80, 0xAD, 0x04,
    0x40, 0x4B, 0x19, 0x00, 0x0B, 0x05, 0x00, 0x23, 0x00, 0x16, 0x7E, 0x23, 0x05, 0x00, 0x11, 0x00,
    0xEC, 0x01, 0x00, 0xC0, 0x65, 0x01, 0x6C, 0x3B, 0x01, 0xC0, 0x53, 0x00, 0x80, 0xC1, 0x01, 0xBE,
    0x0B, 0x00, 0x09, 0x40, 0x57, 0x13, 0xFC, 0x37, 0x0F, 0x00, 0x2B, 0x02, 0x40, 0x05, 0x14, 0x00,
    0x37, 0x02, 0x82, 0x0D, 0x00, 0x12, 0x0F, 0x00, 0x16, 0x29, 0x00, 0x08, 0xD8, 0x05, 0x00, 0x16,
    0x3B, 0x00, 0x80, 0xE7, 0x1F, 0x88, 0x05, 0x01, 0xC0, 0x2D, 0x00, 0x80, 0x15, 0x02, 0xEC, 0x05,
    0x14, 0x00, 0x35, 0x00, 0x00, 0x38, 0x15, 0x02, 0x80, 0x13, 0x16, 0x3C, 0x03, 0x00, 0x86, 0x01,
    0x0F, 0x00, 0x37, 0x16, 0xCC, 0x07, 0x00, 0x54, 0x0D, 0x00, 0x6A, 0x13, 0x00, 0x00, 0x16, 0x1F,
    0x00, 0x54, 0x19, 0x00, 0x16, 0x29, 0x00, 0x80, 0xE1, 0x10, 0xC0, 0x35, 0x00, 0x80, 0x15, 0x07,
    0x80, 0x0D, 0x0E, 0xE4, 0x1D, 0x00, 0x02, 0xA4, 0x25, 0x05, 0xD4, 0x05, 0x01, 0x2A, 0x15, 0x11,
    0x80, 0x39, 0x01, 0x56, 0x0F, 0x01, 0xAA, 0x43, 0x00, 0x2C, 0x1F, 0x0D, 0xBE, 0x03, 0x00, 0x00,
    0x80, 0xF9, 0x02, 0x80, 0x35, 0x00, 0x54, 0x15, 0x07, 0x80, 0x17, 0x02, 0x6A, 0x23, 0x05, 0x00,
    0x1F, 0x00, 0x70, 0x09, 0x01, 0x42, 0x03, 0x00, 0x05, 0x00, 0x3F, 0x03, 0xEA, 0x29, 0x00, 0x80,
    0x13, 0x01, 0x7E, 0x1F, 0x01, 0xD6, 0x19, 0x00, 0x80, 0xF7, 0x1F, 0x88, 0x05, 0x05, 0x00, 0x33,
    0x00, 0x00, 0x82, 0x03, 0x05, 0x00, 0x0D, 0x02, 0x28, 0x01, 0x05, 0x00, 0x33, 0x07, 0xA0, 0x17,
    0x0A, 0xEA, 0x05, 0x00, 0xD6, 0x13, 0x05, 0x00, 0x2F, 0x00, 0x0A, 0x08, 0x11, 0x06, 0x40, 0x31,
    0x00, 0x80, 0x05, 0x06, 0xAA, 0x35, 0x01, 0xD6, 0x13, 0x00, 0x80, 0xDF, 0x04, 0xF8, 0x35, 0x05,
    0x00, 0x0D, 0x20, 0x00, 0x80, 0x0D, 0x05, 0x00, 0x0F, 0x13, 0xE0, 0x0F, 0x1A, 0x32, 0x11, 0x17,
    0xC4, 0x1B, 0x04, 0x07, 0x80, 0x02, 0x0A, 0x00, 0x49, 0x00, 0x05, 0x08, 0x0F, 0x03, 0xD4, 0x1D,
    0x04, 0x2C, 0x29, 0x01, 0xAA, 0x05, 0x00, 0x1A, 0x0B, 0x04, 0x3E, 0x11, 0x01, 0xC0, 0x0F, 0x00,
    0x6C, 0x03, 0x00, 0x00, 0x80, 0xDD, 0x02, 0x80, 0x3D, 0x0A, 0x00, 0x29, 0x1D, 0x04, 0x19, 0x16,
    0x76, 0x19, 0x16, 0x80, 0x11, 0x00, 0xD6, 0x13, 0x05, 0x00, 0x3B, 0x00, 0x1E, 0x08, 0x01, 0x06,
    0x2A, 0x1B, 0x01, 0xAA, 0x07, 0x00, 0x80, 0x15, 0x01, 0xC0, 0x53, 0x00, 0x80, 0xD7, 0x05, 0x00,
    0x57, 0x16, 0xFE, 0x03, 0x00, 0x02, 0x56, 0x07, 0x04, 0xDA, 0x17, 0x14, 0x0A, 0x11, 0x05, 0x02,
    0x13, 0x0F, 0x00, 0x4F, 0x0A, 0x08, 0x1B, 0x01, 0xC0, 0x5B, 0x04, 0x80, 0x13, 0x00, 0x00, 0x80,
    0xEB, 0x05, 0x00, 0x77, 0x07, 0x82, 0x15, 0x0C, 0xA8, 0x1B, 0x0A, 0x00, 0x11, 0x01, 0x40, 0x09,
    0x14, 0xC8, 0x35, 0x02, 0x88, 0x0D, 0x00, 0x01, 0x18, 0x05, 0x00, 0x10, 0x15, 0x12, 0xB0, 0x05,
    0x00, 0x30, 0x1D, 0x1F, 0x2E, 0x05, 0x00, 0x50, 0x1D, 0x00, 0x10, 0x2D, 0x00, 0x80, 0x25, 0x00,
    0x00, 0x10, 0x2D, 0x1F, 0xDC, 0x09, 0x1F, 0xDA, 0x01, 0x00, 0x80, 0x5D, 0x01, 0xA8, 0x35, 0x00,
    0x80, 0x05, 0x08, 0x40, 0x15, 0x0F, 0x00, 0x13, 0x80, 0x1D, 0xE0, 0x1F, 0x00, 0x2A, 0x1D, 0x0F,
    0x00, 0x0F, 0x14, 0x7A, 0x05, 0x00, 0x06, 0x03, 0x02, 0x80, 0x65, 0x01, 0xD0, 0x2B, 0x64, 0x66,
    0x02, 0x80, 0x24, 0xBD, 0x7B, 0x00, 0x80, 0x4D, 0x00, 0x10, 0x2B, 0xBD, 0x7B, 0x00, 0xAC, 0x01,
    0x00, 0x02, 0x82, 0x09, 0x00, 0x80, 0x5D, 0x01, 0xA8, 0x35, 0x1A, 0xB8, 0x09, 0x02, 0x00, 0x09,
    0x02, 0x16, 0x05, 0x02, 0x26, 0x03, 0x05, 0x00, 0x1D, 0x10, 0x02, 0x82, 0x1D, 0x00, 0x14, 0x0B,
    0x05, 0x00, 0x09, 0x06, 0x2A, 0x0D, 0x4C, 0x19, 0x80, 0x02, 0x19, 0xC8, 0x37, 0x02, 0x80, 0x55,
    0x00, 0x01, 0xCE, 0x01, 0x00, 0x04, 0x01, 0x02, 0x50, 0x73, 0x00, 0x10, 0x03, 0x0A, 0xD8, 0x01,
    0x00, 0xB0, 0x29, 0x02, 0x80, 0x07, 0x05, 0x00, 0x17, 0x00, 0x00, 0x80, 0x45, 0x02, 0x80, 0x3D,
    0x02, 0x00, 0x0D, 0x19, 0x0C, 0x05, 0x14, 0x00, 0x25, 0x05, 0x00, 0x3F, 0x07, 0x86, 0x07, 0x05,
    0x00, 0x6B, 0x00, 0x06, 0x02, 0x03, 0x05, 0x00, 0x4B, 0x00, 0x10, 0x29, 0x00, 0x80, 0x23, 0x05,
    0xB0, 0x2F, 0x05, 0x00, 0x25, 0x00, 0x80, 0x43, 0x02, 0x80, 0x37, 0x00, 0x00, 0x80, 0x03, 0x02,
    0x00, 0x0D, 0x02, 0x16, 0x05, 0x0A, 0x00, 0x1B, 0x11, 0x72, 0x0F, 0x14, 0x00, 0x21, 0x00, 0x40,
    0x09, 0x1B, 0xE0, 0x05, 0xBC, 0x03, 0x00, 0x0D, 0x00, 0xD8, 0x35, 0xDF, 0x67, 0xDF, 0x67, 0x00,
    0x04, 0x01, 0x3F, 0x7F, 0x0A, 0x1F, 0x06, 0x3F, 0x06, 0x1F, 0x06, 0x01, 0x18, 0x35, 0x00, 0x00,
    0x04, 0x0D, 0x05, 0x00, 0x05, 0x00, 0x50, 0x45, 0x00, 0x04, 0x5D, 0x05, 0x00, 0x0D, 0x00, 0x58,
    0x45, 0x01, 0x60, 0x06, 0x01, 0x5C, 0x00, 0x00, 0x01, 0x62, 0x01, 0x00, 0x50, 0x3D, 0x02, 0xC8,
    0x05, 0x02, 0x00, 0x0D, 0x04, 0xF8, 0x1B, 0x13, 0xFC, 0x1B, 0x02, 0x7E, 0x1F, 0x16, 0xAC, 0x07,
    0x00, 0x00, 0x68, 0x03, 0x0F, 0x08, 0x09, 0x0D, 0x50, 0x3B, 0x01, 0x20, 0x05, 0x02, 0x7E, 0x03,
    0x01, 0x20, 0x3F, 0x00, 0x04, 0x05, 0x02, 0x7E, 0x03, 0x00, 0x01, 0xC8, 0x47, 0x00, 0x04, 0x5D,
    0x05, 0x00, 0x0D, 0x02, 0x80, 0x4D, 0x01, 0x5C, 0x01, 0x03, 0xE0, 0x41, 0x15, 0xB0, 0x11, 0x04,
    0xF8, 0x07, 0x00, 0x02, 0x80, 0x11, 0x09, 0xFC, 0x1B, 0x05, 0x00, 0x15, 0x11, 0x9C, 0x15, 0x00,
    0x68, 0x05, 0x00, 0x78, 0x05, 0x05, 0x00, 0x46, 0x01, 0x1E, 0x00, 0x00, 0x05, 0x00, 0x49, 0x04,
    0x46, 0x03, 0x05, 0x00, 0xB5, 0x02, 0x80, 0x4F, 0x05, 0x00, 0x49, 0x0A, 0x58, 0x01, 0x02, 0x00,
    0x0D, 0x04, 0x98, 0x05, 0x00, 0x02, 0x80, 0x0F, 0x0C, 0x7E, 0x17, 0x05, 0x00, 0x8C, 0x07, 0x82,
    0x02, 0x05, 0x00, 0xFF, 0x00, 0x04, 0x03, 0x05, 0x00, 0xB1, 0x07, 0x80, 0x13, 0x80, 0x0E, 0xFC,
    0x29, 0x00, 0x2E, 0x17, 0x00, 0x0C, 0x05, 0x0A, 0x00, 0x15, 0x0A, 0x82, 0x05, 0x02, 0x88, 0x2D,
    0x03, 0x96, 0x03, 0x1F, 0x01, 0x06, 0x01, 0x28, 0x05, 0x05, 0x00, 0xFF, 0x00, 0x04, 0x03, 0x00,
    0x58, 0x45, 0x0B, 0x58, 0x05, 0x01, 0x60, 0x3D, 0x1F, 0xA8, 0x09, 0x00, 0x11, 0x00, 0x11, 0x04,
    0x98, 0x05, 0x18, 0xEE, 0x19, 0x1D, 0xF0, 0x25, 0x00, 0x2A, 0x07, 0x00, 0x22, 0x0F, 0x05, 0x00,
    0x07, 0x14, 0x08, 0x07, 0x10, 0x00, 0x8C, 0x05, 0x00, 0x12, 0x01, 0x02, 0x80, 0x2D, 0x03, 0x96,
    0x03, 0x3F, 0x02, 0x80, 0x52, 0x01, 0xC8, 0x49, 0x05, 0x00, 0x5F, 0x00, 0x03, 0x32, 0x05, 0x02,
    0x8A, 0x03, 0x00, 0x58, 0x45, 0x0B, 0x58, 0x05, 0x02, 0x80, 0x45, 0x01, 0xEA, 0x07, 0x02, 0x00,
    0x0B, 0x0A, 0x00, 0x0D, 0x00, 0x02, 0x60, 0x05, 0x11, 0x76, 0x1B, 0x00, 0x0C, 0x15, 0x00, 0x04,
    0x07, 0x00, 0x16, 0x0D, 0x00, 0x68, 0x05, 0x00, 0x82, 0x07, 0x19, 0x0E, 0x09, 0x00, 0x0A, 0x08,
    0x2F, 0x05, 0x00, 0x59, 0x02, 0x80, 0xAD, 0x02, 0x7E, 0x07, 0x05, 0x00, 0x48, 0x01, 0x5E, 0x00,
    0x05, 0x00, 0x49, 0x04, 0x6C, 0x09, 0x00, 0x02, 0x00, 0x09, 0x1D, 0xF8, 0x03, 0x0A, 0x00, 0x05,
    0x02, 0x7E, 0x11, 0x04, 0xD6, 0x19, 0x00, 0x04, 0x0B, 0x05, 0x00, 0xFF, 0x00, 0x04, 0x6F, 0x00,
    0x00, 0xB0, 0x03, 0x05, 0x00, 0x52, 0x07, 0x82, 0x02, 0x05, 0x00, 0x75, 0x02, 0x40, 0x0B, 0x0E,
    0xD6, 0x15, 0x05, 0x2A, 0x17, 0x0F, 0x20, 0x15, 0x00, 0x0A, 0x08, 0x07, 0x05, 0x00, 0x0B, 0x00,
    0x0C, 0x05, 0x02, 0x78, 0x2D, 0x00, 0x0E, 0x03, 0x0F, 0x00, 0x4B, 0x05, 0x00, 0xFF, 0x0F, 0x00,
    0x47, 0x00, 0x06, 0xEA, 0x0F, 0x02, 0x78, 0x05, 0x02, 0x0A, 0x05, 0x0F, 0x00, 0x11, 0x1B, 0x76,
    0x3D, 0x16, 0x9E, 0x17, 0x05, 0x08, 0x07, 0x00, 0x94, 0x0B, 0x08, 0x05, 0x94, 0x05, 0x06, 0x18,
    0x2D, 0x08, 0xA8, 0x04, 0x0A, 0x05, 0x00, 0xFF, 0x00, 0xBA, 0x03, 0x0F, 0x00, 0x8D, 0x04, 0xEA,
    0x07, 0x00, 0x01, 0xEA, 0x09, 0x0C, 0x78, 0x01, 0x16, 0x7A, 0x05, 0x14, 0x00, 0x0F, 0x05, 0x04,
    0x27, 0x05, 0x00, 0x1F, 0x14, 0x2E, 0x0D, 0x05, 0x00, 0x0B, 0x00, 0x19, 0x86, 0x0D, 0x05, 0x00,
    0x1F, 0x0B, 0x18, 0x0D, 0x00, 0x0E, 0x03, 0x11, 0x80, 0x49, 0x01, 0xCA, 0x03, 0x05, 0x00, 0xB1,
    0x0F, 0xB8, 0x49, 0x00, 0x05, 0x00, 0x51, 0x1B, 0x70, 0x0B, 0x05, 0x00, 0x19, 0x00, 0x04, 0x0F,
    0x02, 0x94, 0x11, 0x02, 0xA8, 0x17, 0x05, 0x00, 0x6E, 0x02, 0x80, 0xFA, 0x00, 0x05, 0x00, 0xA3,
    0x0A, 0x00, 0x0B, 0x04, 0xF8, 0x05, 0x19, 0x00, 0x11, 0x16, 0x7A, 0x27, 0x00, 0x04, 0x13, 0x00,
    0x40, 0x19, 0x0F, 0x08, 0x07, 0x00, 0x05, 0x00, 0x13, 0x0A, 0xB0, 0x05, 0x01, 0x18, 0x1F, 0x09,
    0xF8, 0x4B, 0x05, 0x00, 0xFF, 0x00, 0x04, 0x0B, 0x0B, 0x58, 0x05, 0x0C, 0x80, 0x35, 0x00, 0x0E,
    0x50, 0x05, 0x05, 0x00, 0x1B, 0x16, 0x78, 0x0D, 0x0C, 0x3E, 0x1B, 0x0F, 0x08, 0x1F, 0x07, 0x7A,
    0x0F, 0x00, 0x1A, 0x0D, 0x05, 0x00, 0x09, 0x0C, 0x03, 0x1A, 0x09, 0x00, 0x9C, 0x03, 0x4C, 0x3D,
    0x02, 0x80, 0x25, 0x0C, 0x88, 0x05, 0x02, 0x80, 0xFF, 0x00, 0xB2, 0x05, 0x02, 0x14, 0x00, 0x52,
    0x0A, 0x02, 0x80, 0x3D, 0x02, 0x70, 0x01, 0x02, 0x7E, 0x0F, 0x0A, 0x00, 0x07, 0x1B, 0x76, 0x2F,
    0x05, 0x08, 0x1B, 0x00, 0x0F, 0x1A, 0x13, 0x0A, 0x00, 0x0F, 0x05, 0x00, 0x03, 0x03, 0x1A, 0x0D,
    0x05, 0x00, 0xFF, 0x05, 0x00, 0x35, 0x19, 0xB8, 0x4D, 0x0B, 0x58, 0x05, 0x00, 0x05, 0x00, 0x3F,
    0x06, 0xEA, 0x0B, 0x01, 0xEA, 0x05, 0x0A, 0x00, 0x05, 0x02, 0x40, 0x0B, 0x16, 0x7E, 0x23, 0x00,
    0x04, 0x17, 0x0A, 0x12, 0x1B, 0x00, 0x05, 0x00, 0xFF, 0x00, 0x04, 0x4F, 0x1B, 0x7C, 0x07, 0x19,
    0x00, 0x8B, 0x05, 0x00, 0x0B, 0x01, 0xEA, 0x0F, 0x05, 0x00, 0x01, 0x1D, 0xF8, 0x11, 0xC0, 0x09,
    0xFC, 0x27, 0x04, 0xEA, 0x17, 0x00, 0x40, 0x21, 0x03, 0x00, 0x05, 0x05, 0x00, 0x0D, 0x05, 0x16,
    0x0D, 0xBD, 0x7B, 0x00, 0x00, 0xCA, 0x03, 0x01, 0x18, 0x09, 0x03, 0x98, 0x39, 0x05, 0x00, 0xFF,
    0x00, 0x04, 0x23, 0x03, 0xE8, 0x06, 0x16, 0x86, 0x00, 0x03, 0xE8, 0x21, 0x00, 0x16, 0x68, 0x07,
    0x0C, 0x70, 0x0F, 0x01, 0xD0, 0x09, 0x0C, 0x70, 0x11, 0x00, 0x04, 0x0B, 0x1B, 0x50, 0x17, 0x0F,
    0x00, 0x41, 0x0F, 0x08, 0x07, 0x00, 0x11, 0x88, 0x05, 0x05, 0x00, 0x0B, 0x03, 0x28, 0x0D, 0x19,
    0x18, 0x0D, 0x06, 0x18, 0x3D, 0x19, 0x00, 0xFF, 0x00, 0x04, 0x23, 0x0F, 0x00, 0x2D, 0x00, 0x02,
    0x80, 0x09, 0x09, 0x56, 0x0F, 0x00, 0x12, 0x07, 0x11, 0x70, 0x0F, 0x0C, 0x6C, 0x1B, 0x00, 0x04,
    0x07, 0x1E, 0x04, 0x11, 0x07, 0xAC, 0x25, 0x00, 0x05, 0x00, 0x11, 0x02, 0x82, 0x03, 0x00, 0xAA,
    0x0D, 0x1B, 0x98, 0x1D, 0x05, 0x00, 0xFF, 0x00, 0x04, 0x0B, 0x07, 0x7E, 0x09, 0x14, 0x00, 0x53,
    0x04, 0x08, 0xE8, 0x23, 0x02, 0x7C, 0x01, 0xBB, 0x1B, 0x68, 0x06, 0x05, 0x00, 0x27, 0x0E, 0xCC,
    0x1B, 0x00, 0x10, 0x07, 0x05, 0x00, 0x19, 0x18, 0x07, 0x7E, 0x0F, 0x05, 0x00, 0x35, 0x03, 0x3E,
    0x0F, 0x9C, 0x77, 0x07, 0x82, 0x03, 0x05, 0x00, 0xFF, 0x00, 0x04, 0x13, 0x04, 0x00, 0xB0, 0x03,
    0x05, 0x00, 0x5A, 0x0A, 0x05, 0x00, 0x5B, 0x00, 0x04, 0x0B, 0x05, 0x00, 0x27, 0x00, 0x04, 0x13,
    0x0A, 0x16, 0x2D, 0x00, 0x0C, 0x90, 0x07, 0x0A, 0x00, 0x13, 0x00, 0x16, 0x05, 0x05, 0x08, 0x05,
    0x00, 0xE8, 0x05, 0x1D, 0xF8, 0x4D, 0x05, 0x00, 0xFF, 0x00, 0x04, 0x0B, 0x00, 0x14, 0x00, 0x1D,
    0x01, 0x90, 0x0D, 0x16, 0x5A, 0x05, 0x05, 0x00, 0x11, 0x00, 0x16, 0x01, 0x16, 0x68, 0x15, 0x02,
    0x14, 0x0B, 0x07, 0x54, 0x1F, 0x00, 0x05, 0x30, 0x2D, 0x02, 0xB2, 0x1D, 0x02, 0x80, 0x07, 0x0F,
    0xA6, 0x03, 0x12, 0x22, 0x05, 0x00, 0x04, 0x09, 0x0A, 0x08, 0x09, 0x00, 0xF0, 0x05, 0x00, 0x17,
    0x98, 0x3D, 0x00, 0x04, 0x15, 0x01, 0xC8, 0x4D, 0x00, 0x04, 0x5D, 0x18, 0xFA, 0x07, 0x02, 0x86,
    0x03, 0x02, 0x80, 0x75, 0x01, 0xBE, 0x07, 0x00, 0x01, 0xC2, 0x0D, 0x11, 0x70, 0x05, 0x0C, 0x78,
    0x1B, 0x02, 0x2C, 0x17, 0x11, 0x8C, 0x23, 0x1E, 0x0A, 0x1F, 0x00, 0x04, 0x0B, 0x00, 0x16, 0x05,
    0x00, 0x1E, 0x10, 0x07, 0x00, 0xAE, 0x01, 0x00, 0xC0, 0x17, 0x05, 0x00, 0x0F, 0x02, 0x80, 0x01,
    0x11, 0x80, 0x51, 0x06, 0xC8, 0x4B, 0x11, 0x80, 0x67, 0x00, 0x00, 0x04, 0x03, 0x11, 0x80, 0x65,
    0x01, 0x90, 0x0D, 0x01, 0xAC, 0x09, 0x01, 0xC2, 0x11, 0x07, 0x78, 0x0D, 0x1B, 0x60, 0x25, 0x07,
    0x88, 0x27, 0x00, 0x14, 0x34, 0x33, 0x05, 0x00, 0xFF, 0x00, 0x04, 0x3B, 0x05, 0x00, 0x9F, 0x04,
    0x56, 0x03, 0x05, 0x00, 0x2B, 0x18, 0xF0, 0x17, 0x0C, 0x88, 0x15, 0x04, 0x02, 0xC2, 0x2D, 0x00,
    0x14, 0x0B, 0x04, 0x05, 0x08, 0x04, 0x0A, 0x08, 0x05, 0x05, 0x00, 0x0F, 0x00, 0xD6, 0x13, 0x0A,
    0x18, 0x0F, 0x00, 0x14, 0x30, 0x05, 0x00, 0x10, 0x05, 0x00, 0x20, 0x0D, 0x00, 0x10, 0x1D, 0x05,
    0x00, 0x05, 0x00, 0x40, 0x35, 0x00, 0x80, 0x3D, 0x00, 0xB0, 0x2F, 0x00, 0x05, 0x02, 0x0B, 0x00,
    0x80, 0x5D, 0x01, 0x80, 0x0D, 0x01, 0xAC, 0x11, 0x0E, 0xF0, 0x0D, 0x0C, 0x70, 0x0D, 0x02, 0x12,
    0x23, 0x1E, 0x0A, 0x1B, 0x00, 0x04, 0xEE, 0x25, 0x05, 0x40, 0x25, 0x03, 0x1E, 0x03, 0x1B, 0x98,
    0x01, 0x00, 0xD2, 0x0D, 0x05, 0x16, 0x19, 0x07, 0x98, 0x0F, 0x00, 0x10, 0x3D, 0x0C, 0x04, 0x50,
    0x05, 0x00, 0x20, 0x0B, 0xBD, 0x7B, 0x02, 0x50, 0x65, 0x00, 0x10, 0x13, 0x00, 0x80, 0x17, 0x02,
    0x80, 0x0B, 0x03, 0x64, 0x7F, 0x00, 0x80, 0x5D, 0x02, 0x6C, 0x19, 0x09, 0x40, 0x07, 0x00, 0x1A,
    0x07, 0x04, 0x56, 0x03, 0x04, 0xF8, 0x09, 0x00, 0x07, 0x1A, 0x25, 0x09, 0xC0, 0x17, 0x14, 0x06,
    0x11, 0x00, 0x4A, 0x17, 0x02, 0xAA, 0x23, 0x05, 0x00, 0x13, 0x0D, 0x50, 0x03, 0x00, 0xD6, 0x0F,
    0x10, 0x05, 0x00, 0x17, 0x00, 0x10, 0x29, 0x12, 0xB0, 0x01, 0x05, 0x00, 0x13, 0x64, 0x05, 0x00,
    0x36, 0x00, 0x80, 0x3D, 0x05, 0xB0, 0x35, 0x00, 0x00, 0x04, 0x05, 0x00, 0x80, 0x5D, 0x05, 0x00,
    0x17, 0x04, 0x2C, 0x03, 0x05, 0x00, 0x1D, 0x1D, 0xCC, 0x27, 0x13, 0xCA, 0x1B, 0x05, 0x00, 0x37,
    0x00, 0x00, 0x3E, 0x13, 0x05, 0x00, 0x47, 0x06, 0x82, 0x03, 0x05, 0x00, 0x4B, 0x00, 0x50, 0x29,
    0x00, 0x80, 0x3B, 0x07, 0x80, 0x3B, 0x05, 0x00, 0x01, 0x00, 0x00, 0x80, 0x5B, 0x05, 0x00, 0x23,
    0x00, 0x24, 0x07, 0x05, 0x00, 0x0F, 0x18, 0xF4, 0x17, 0x00, 0x04, 0x0B, 0x05, 0x00, 0x23, 0x0F,
    0x00, 0x1F, 0x00, 0x02, 0xDE, 0x13, 0x00, 0x56, 0x15, 0x0C, 0x90, 0x05, 0x02, 0x90, 0x05, 0x00,
    0xD6, 0x13, 0x03, 0x80, 0x1F, 0x00, 0x30, 0x0B, 0x08, 0xAC, 0x23, 0x00, 0x00, 0x6A, 0x19, 0x00,
    0x80, 0xFF, 0x00, 0x80, 0x23, 0x01, 0xBE, 0x09, 0x0C, 0x70, 0x1D, 0x00, 0x14, 0x0B, 0x0C, 0x7E,
    0x21, 0x1E, 0x0A, 0x2F, 0x00, 0x00, 0x14, 0x0B, 0x02, 0x90, 0x1B, 0x00, 0x04, 0x01, 0x00, 0xC0,
    0x0D, 0x00, 0xDA, 0x03, 0x01, 0x52, 0x09, 0x00, 0x10, 0x05, 0x00, 0x16, 0x11, 0x02, 0x01, 0x7E,
    0x11, 0x4C, 0x1A, 0x00, 0x06, 0x00, 0x16, 0x0F, 0x01, 0x5A, 0x0F, 0x15, 0x36, 0x0B, 0x00, 0x6A,
    0x17, 0x00, 0x80, 0xFF, 0x00, 0x00, 0x80, 0x13, 0x01, 0xBE, 0x0B, 0x18, 0xE8, 0x0D, 0x02, 0x00,
    0x1F, 0x0E, 0xCE, 0x0F, 0x14, 0x00, 0x3D, 0x00, 0x72, 0x13, 0x00, 0x1A, 0x15, 0x00, 0x00, 0xC0,
    0x0D, 0x01, 0x56, 0x1B, 0x01, 0x2A, 0x17, 0x01, 0x56, 0x13, 0x01, 0x40, 0x1D, 0x01, 0xAA, 0x13,
    0x00, 0x80, 0xFF, 0x00, 0x80, 0x27, 0x00, 0x05, 0x00, 0x37, 0x00, 0x04, 0x0F, 0x02, 0x94, 0x0F,
    0x05, 0x00, 0x6B, 0x07, 0x80, 0x01, 0x01, 0x2A, 0x0F, 0x01, 0x56, 0x19, 0x03, 0xEA, 0x17, 0x00,
    0x01, 0x56, 0x13, 0x01, 0xC0, 0x1B, 0x01, 0xAA, 0x13, 0x00, 0x80, 0xFF, 0x00, 0x80, 0x19, 0x05,
    0x00, 0x3F, 0x00, 0x1A, 0x0F, 0x02, 0x7E, 0x33, 0x00, 0x0C, 0xAA, 0x29, 0x11, 0x90, 0x15, 0x0F,
    0x16, 0x05, 0x07, 0x90, 0x0B, 0x03, 0x80, 0x19, 0x01, 0x56, 0x1B, 0x04, 0x00, 0x17, 0x06, 0xAA,
    0x1D, 0x00, 0x04, 0x00, 0x25, 0x00, 0x80, 0xED, 0x04, 0x2A, 0x07, 0x00, 0x08, 0x03, 0x02, 0x02,
    0x0F, 0x02, 0x00, 0x33, 0x18, 0xFC, 0x35, 0x16, 0x9C, 0x15, 0x00, 0x00, 0x04, 0x07, 0x00, 0x7E,
    0x23, 0x05, 0x08, 0x0B, 0x07, 0x90, 0x0B, 0x01, 0x40, 0x0D, 0x1E, 0xF6, 0x07, 0x01, 0x2A, 0x09,
    0x00, 0x16, 0x21, 0x00, 0x09, 0x00, 0x1B, 0x17, 0x02, 0x1B, 0x00, 0x80, 0xFF, 0x11, 0x60, 0x05,
    0x04, 0x2A, 0x09, 0x02, 0x00, 0x45, 0x0E, 0xFC, 0x3B, 0x0A, 0x40, 0x2D, 0x00, 0x05, 0x00, 0x11,
    0x02, 0x78, 0x07, 0x00, 0xE4, 0x09, 0x01, 0x40, 0x33, 0x01, 0x7E, 0x0F, 0x01, 0x56, 0x13, 0x01,
    0xC0, 0x55, 0x00, 0x80, 0xD7, 0x00, 0x10, 0xB0, 0x0D, 0x01, 0xC4, 0x07, 0x02, 0x00, 0x3B, 0x09,
    0xC0, 0x2B, 0x11, 0x68, 0x2D, 0x12, 0x00, 0x1F, 0x05, 0x00, 0x37, 0x01, 0x56, 0x29, 0x00, 0x01,
    0xC0, 0x3B, 0x00, 0x80, 0xFF, 0x16, 0x60, 0x05, 0x04, 0x2A, 0x07, 0x02, 0x00, 0x45, 0x05, 0x00,
    0x31, 0x0A, 0x2A, 0x1F, 0x19, 0x28, 0x1F, 0x00, 0x05, 0xC0, 0x13, 0x03, 0x4C, 0x07, 0x0A, 0x16,
    0x13, 0x02, 0xAA, 0x11, 0x00, 0x16, 0x11, 0x00, 0x0C, 0x0B, 0x00, 0x2C, 0x0F, 0x00, 0x3E, 0x11,
    0x00, 0x00, 0x16, 0x29, 0x00, 0x80, 0xEF, 0x02, 0x00, 0x6D, 0x00, 0x58, 0x0F, 0x05, 0x68, 0x17,
    0x00, 0x62, 0x0B, 0x07, 0xF8, 0x35, 0x00, 0xD6, 0x07, 0x00, 0x19, 0x28, 0x07, 0x01, 0xC0, 0x5F,
    0x01, 0xAA, 0x1D, 0x00, 0x80, 0xFF, 0x11, 0x60, 0x05, 0x02, 0x00, 0x6B, 0x02, 0xC2, 0x1B, 0x0F,
    0x60, 0x29, 0x00, 0x05, 0x60, 0x17, 0x05, 0xA2, 0x19, 0x01, 0x40, 0x0F, 0x01, 0xAA, 0x33, 0x01,
    0xC0, 0x47, 0x00, 0x80, 0xFB, 0x02, 0x00, 0x6D, 0x00, 0x04, 0x0F, 0x00, 0x0A, 0x3C, 0x37, 0x05,
    0x00, 0x6D, 0x00, 0x34, 0x0B, 0x01, 0xAA, 0x3B, 0x00, 0x80, 0xFF, 0x05, 0x00, 0x0D, 0x00, 0x04,
    0x0B, 0x05, 0x00, 0x65, 0x00, 0x0A, 0x60, 0x37, 0x11, 0xE6, 0x2D, 0x16, 0xCE, 0x29, 0x00, 0x04,
    0x13, 0x00, 0x6A, 0x51, 0x01, 0x2A, 0x25, 0x00, 0x6A, 0x29, 0x01, 0x42, 0x29, 0x00, 0x00, 0x6A,
    0x29, 0x00, 0xAC, 0x0F, 0x15, 0xF6, 0x19, 0x13, 0xA4, 0x47, 0x02, 0x00, 0x55, 0x05, 0x56, 0x21,
    0x0A, 0x56, 0x13, 0x00, 0x04, 0x07, 0x00, 0x00, 0x9C, 0x25, 0x1B, 0xE0, 0x3F, 0x01, 0x40, 0x5D,
    0x00, 0xAC, 0x19, 0x03, 0x2E, 0x29, 0x01, 0xC0, 0x3B, 0x02, 0x52, 0x2D, 0x02, 0x2A, 0x4D, 0x00,
    0x02, 0x00, 0x67, 0x00, 0x04, 0x03, 0x05, 0x00, 0x8B, 0x01, 0xE4, 0x23, 0x02, 0xD6, 0x37, 0x00,
    0x04, 0x0F, 0x04, 0xA8, 0x29, 0x09, 0x00, 0x31, 0x00, 0x01, 0xC0, 0x07, 0x02, 0x56, 0x25, 0x02,
    0x2A, 0x35, 0x00, 0x04, 0x0B, 0x05, 0x00, 0xC5, 0x00, 0x04, 0x03, 0x03, 0x00, 0x2D, 0x04, 0x54,
    0x21, 0x00, 0x01, 0x40, 0x55, 0x02, 0x56, 0x29, 0x07, 0xD6, 0x51, 0x07, 0x7E, 0x2D, 0x05, 0x00,
    0x9B, 0x00, 0x04, 0x03, 0x02, 0x00, 0x51, 0x00, 0x04, 0x03, 0x00, 0x00, 0xC0, 0x1B, 0x00, 0x1E,
    0x19, 0x04, 0x00, 0xFF, 0x00, 0x04, 0x03, 0x06, 0x00, 0x67, 0x03, 0xD6, 0x37, 0x1F, 0xDE, 0x29,
    0x02, 0x00, 0x6B, 0x00, 0x08, 0xC6, 0x39, 0x0B, 0x7E, 0x29, 0x01, 0x02, 0x35, 0x00, 0x04, 0x03,
    0x0C, 0x68, 0x43, 0x00, 0x6A, 0x13, 0x00, 0x1A, 0x0B, 0x09, 0xFC, 0x3B, 0x00, 0x1A, 0xB8, 0x29,
    0x03, 0x40, 0x2D, 0x09, 0x54, 0x25, 0x03, 0x40, 0x2D, 0x00, 0x04, 0x13, 0x02, 0x00, 0x67, 0x00,
    0x04, 0x03, 0x04, 0xA8, 0x21, 0x00, 0x19, 0x76, 0x4B, 0x00, 0x04, 0x03, 0x02, 0xD6, 0x63, 0x00,
    0x04, 0x13, 0x01, 0xC0, 0x43, 0x02, 0xD6, 0x49, 0x01, 0x28, 0x31, 0x01, 0x96, 0x25, 0x00, 0x01,
    0x0E, 0x1B, 0x02, 0x00, 0x75, 0x01, 0x9C, 0x23, 0x06, 0xBC, 0x2D, 0x05, 0x00, 0x55, 0x03, 0x92,
    0x2F, 0x05, 0x00, 0x77, 0x00, 0x04, 0x07, 0x00, 0x03, 0x40, 0x9B, 0x00, 0x04, 0x13, 0x02, 0x00,
    0x61, 0x00, 0x2E, 0x0F, 0x16, 0xBE, 0x2F, 0x04, 0x00, 0x77, 0x01, 0x2A, 0x17, 0x02, 0x40, 0x31,
    0x00, 0x04, 0x00, 0x87, 0x01, 0xC0, 0x17, 0x02, 0xC0, 0x55, 0x02, 0x00, 0x73, 0x08, 0xA8, 0x25,
    0x06, 0x18, 0x3F, 0x08, 0x16, 0x37, 0x00, 0x04, 0x1F, 0x00, 0x16, 0xE8, 0x4D, 0x16, 0x82, 0x1B,
    0x00, 0x14, 0x0B, 0x16, 0x7E, 0x31, 0x00, 0x46, 0x1D, 0x1A, 0xD6, 0x3B, 0x07, 0xC0, 0x43, 0x02,
    0x00, 0x63, 0x00, 0x03, 0x00, 0x45, 0x00, 0x04, 0x0B, 0x01, 0xC0, 0x3F, 0x00, 0x5A, 0x13, 0x00,
    0xD6, 0x13, 0x01, 0x40, 0x3F, 0x00, 0x04, 0x0B, 0x02, 0x2A, 0x17, 0x00, 0x18, 0xA8, 0x35, 0x00,
    0x04, 0x03, 0x0B, 0x00, 0x81, 0x00, 0x58, 0x21, 0x02, 0x00, 0x69, 0x09, 0x00, 0x43, 0x05, 0x00,
    0x79, 0x03, 0x40, 0x93, 0x00, 0x00, 0x80, 0x3F, 0x05, 0x00, 0x6F, 0x02, 0x00, 0x71, 0x09, 0x66,
    0x39, 0x04, 0x00, 0x9F, 0x00, 0x04, 0x0F, 0x04, 0x00, 0x6F, 0x00, 0x58, 0x2F, 0x00, 0x06, 0x00,
    0x89, 0x00, 0x04, 0x0B, 0x02, 0x00, 0x55, 0x15, 0xE0, 0x81, 0x00, 0x04, 0x1B, 0x0D, 0x86, 0x13,
    0x09, 0xF8, 0x45, 0x15, 0x2C, 0x0F, 0x00, 0x1D, 0xA0, 0x35, 0x00, 0x04, 0x0B, 0x02, 0xCA, 0x2D,
    0x0D, 0xA2, 0x29, 0x04, 0xB2, 0x21, 0x17, 0xE0, 0xA9, 0x00, 0x04, 0x03, 0x0A, 0x88, 0x3F, 0x00,
    0x03, 0x9C, 0x13, 0x0D, 0xCC, 0x25, 0x00, 0x5A, 0x13, 0x01, 0x68, 0x13, 0x01, 0x40, 0x49, 0x06,
    0x1E, 0x1B, 0x03, 0x40, 0x37, 0x00, 0x58, 0x31, 0x00, 0x16, 0x1A, 0x45, 0x02, 0x2A, 0x3F, 0x02,
    0x00, 0x5D, 0x03, 0x00, 0x59, 0x04, 0xA8, 0x1F, 0x01, 0x40, 0x33, 0x00, 0xD6, 0x17, 0x01, 0xD2,
    0x3F, 0x00, 0x05, 0x6A, 0x4D, 0x00, 0xA4, 0x1B, 0x1B, 0xB4, 0x3B, 0x03, 0xC0, 0x33, 0x05, 0x00,
    0x67, 0x02, 0x00, 0x21, 0x0E, 0xA0, 0x3B, 0x04, 0x16, 0x29, 0x00, 0x13, 0xF8, 0x55, 0x00, 0x04,
    0x0B, 0x05, 0x6A, 0x21, 0x02, 0xC0, 0x0F, 0x07, 0x7A, 0x1B, 0x03, 0x40, 0x2D, 0x0A, 0xF8, 0x49,
    0x05, 0x3E, 0x17, 0x00, 0x0A, 0xF8, 0x3B, 0x00, 0x58, 0x1B, 0x00, 0x14, 0x0B, 0x02, 0x00, 0x67,
    0x00, 0x04, 0x03, 0x03, 0x00, 0x25, 0x05, 0x9C, 0x29, 0x00, 0xAA, 0x1D, 0x00, 0x03, 0x66, 0x1F,
    0x02, 0xD6, 0x3B, 0x00, 0x6A, 0x25, 0x00, 0x04, 0x17, 0x0B, 0x76, 0x37, 0x00, 0x04, 0x0F, 0x0B,
    0xE0, 0x31, 0x0D, 0x76, 0x55, 0x00, 0x00, 0x2E, 0x0F, 0x02, 0x00, 0x69, 0x0B, 0xAE, 0x37, 0x00,
    0x1C, 0x13, 0x00, 0xD6, 0x3B, 0x19, 0xEE, 0x17, 0x05, 0x00, 0x3F, 0x00, 0x2E, 0x0F, 0x00, 0x05,
    0x00, 0x0F, 0x00, 0x04, 0x17, 0x02, 0xD6, 0x37, 0x13, 0xA0, 0x47, 0x00, 0x40, 0x0F, 0x18, 0xA0,
    0x3B, 0x0F, 0x24, 0x37, 0x02, 0x00, 0x55, 0x00, 0x00, 0x04, 0x03, 0x01, 0xC0, 0x3B, 0x1E, 0xFA,
    0x29, 0x0E, 0x16, 0x3B, 0x01, 0xC0, 0x37, 0x1F, 0xB4, 0x29, 0x05, 0x00, 0xFF, 0x02, 0x00, 0x59,
    0x00, 0x04, 0x00, 0x51, 0x13, 0xF8, 0x55, 0x00, 0x40, 0x0F, 0x02, 0xC0, 0x37, 0x04, 0x00, 0x93,
    0x06, 0x00, 0x25, 0x03, 0x2A, 0x3F, 0x06, 0x00, 0x59, 0x00, 0x01, 0x54, 0x2D, 0x0B, 0x7E, 0x1F,
    0x0F, 0x98, 0x3B, 0x0F, 0xC0, 0x37, 0x00, 0x6A, 0x3F, 0x15, 0x22, 0x31, 0x01, 0xEC, 0x51, 0x00,
    0x04, 0x0F, 0x00, 0x00, 0xEA, 0x1D, 0x01, 0x96, 0x0D, 0x0D, 0xD6, 0x49, 0x00, 0x6A, 0x1B, 0x00,
    0x04, 0x13, 0x02, 0x00, 0x53, 0x0A, 0x02, 0x0B, 0x0E, 0x00, 0x3F, 0x00, 0x02, 0xFC, 0x35, 0x00,
    0x04, 0x07, 0x02, 0xD6, 0x51, 0x02, 0x2A, 0x3F, 0x00, 0x14, 0x0B, 0x09, 0xEE, 0x31, 0x02, 0xD6,
    0x21, 0x04, 0xA8, 0x25, 0x00, 0x03, 0xC0, 0x37, 0x02, 0xD6, 0x0F, 0x02, 0x00, 0x7B, 0x05, 0x00,
    0xEB, 0x01, 0x6C, 0x0D, 0x05, 0x00, 0x99, 0x09, 0x2C, 0x15, 0x00, 0x04, 0x0B, 0x00, 0x08, 0x2E,
    0x33, 0x05, 0x00, 0x87, 0x04, 0x00, 0x41, 0x01, 0xD6, 0x0F, 0x19, 0x58, 0x4B, 0x04, 0x00, 0x5B,
    0x1D, 0xE2, 0x39, 0x06, 0x00, 0x4D, 0x00, 0x01, 0x16, 0x33, 0x06, 0x00, 0x7D, 0x02, 0x00, 0x47,
    0x17, 0xC2, 0x31, 0x00, 0x1C, 0x0D, 0x16, 0x7E, 0x4D, 0x00, 0x6A, 0x17, 0x00, 0x04, 0x13, 0x00,
    0x18, 0x96, 0x3F, 0x00, 0x04, 0x13, 0x06, 0x00, 0x8F, 0x18, 0x7C, 0x25, 0x16, 0x7E, 0x3F, 0x02,
    0x00, 0x63, 0x00, 0x04, 0x03, 0x02, 0x2A, 0x3B, 0x00, 0x03, 0x00, 0x17, 0x00, 0x04, 0x0B, 0x01,
    0x40, 0x3F, 0x00, 0x5A, 0x13, 0x01, 0x40, 0x3B, 0x0B, 0x00, 0xD1, 0x05, 0xEA, 0x17, 0x04, 0x2A,
    0x51, 0x00, 0x02, 0x00, 0x3B, 0x1C, 0xC2, 0x45, 0x00, 0x72, 0x0F, 0x09, 0x6A, 0x37, 0x05, 0x00,
    0x5F, 0x09, 0x00, 0x23, 0x00, 0x04, 0x0B, 0x05, 0x00, 0x51, 0x00, 0x01, 0xC0, 0x13, 0x05, 0x00,
    0x33, 0x1B, 0x7E, 0x4B, 0x02, 0x00, 0x57, 0x04, 0x00, 0x33, 0x15, 0x14, 0x29, 0x15, 0x2A, 0x43,
    0x00, 0x2A, 0x0F, 0x00, 0x04, 0x6A, 0x2F, 0x01, 0xD6, 0x1F, 0x06, 0x00, 0x9D, 0x0B, 0x00, 0x3F,
    0x06, 0x00, 0x43, 0x02, 0x00, 0x4B, 0x00, 0x38, 0x2D, 0x00, 0x16, 0x3B, 0x00, 0x00, 0x12, 0x1F,
    0x01, 0x14, 0x07, 0x1F, 0x60, 0x4D, 0x00, 0x12, 0x0D, 0x1E, 0x08, 0x2F, 0x00, 0x42, 0x0F, 0x00,
    0x6A, 0x0D, 0x02, 0x44, 0x17, 0x00, 0x11, 0xE4, 0x3B, 0x00, 0x6A, 0x0F, 0x00, 0x04, 0x07, 0x17,
    0xE0, 0x51, 0x02, 0x00, 0x63, 0x00, 0xD6, 0x2B, 0x00, 0xE8, 0x29, 0x00, 0x04, 0x13, 0x00, 0x18,
    0x8A, 0x29, 0x00, 0x58, 0x2D, 0x00, 0x14, 0x0B, 0x01, 0xC0, 0x13, 0x19, 0xA0, 0x55, 0x01, 0x54,
    0x25, 0x00, 0x04, 0x17, 0x1B, 0x76, 0x49, 0x00, 0x05, 0x20, 0x27, 0x02, 0x00, 0x7F, 0x13, 0x0A,
    0x2F, 0x05, 0x00, 0xA9, 0x00, 0x26, 0x0B, 0x0D, 0xAC, 0x23, 0x03, 0x40, 0x45, 0x02, 0xE8, 0x3F,
    0x00, 0x03, 0x40, 0x67, 0x02, 0x00, 0x79, 0x00, 0xC0, 0x4D, 0x04, 0x00, 0x7F, 0x06, 0xD6, 0x55,
    0x04, 0x00, 0x53, 0x0B, 0x3A, 0x41, 0x02, 0x40, 0x3B, 0x00, 0x02, 0x00, 0x81, 0x00, 0x04, 0x23,
    0x04, 0x00, 0x1F, 0x0B, 0x2A, 0x07, 0x02, 0x2A, 0x4B, 0x0D, 0x74, 0x33, 0x04, 0x00, 0x51, 0x00,
    0x04, 0x13, 0x00, 0x11, 0x26, 0x43, 0x00, 0x04, 0x03, 0x05, 0xA8, 0x31, 0x0A, 0xEA, 0x21, 0x02,
    0x14, 0x3F, 0x02, 0x00, 0x53, 0x05, 0xC0, 0x4D, 0x0C, 0x40, 0x4F, 0x00, 0x00, 0xD6, 0x2B, 0x0E,
    0x20, 0x31, 0x13, 0x20, 0x37, 0x0B, 0x00, 0x43, 0x00, 0x2E, 0x0F, 0x05, 0x00, 0x55, 0x0F, 0x6E,
    0x1F, 0x00, 0x04, 0x07, 0x00, 0x02, 0x00, 0x67, 0x00, 0x04, 0x23, 0x01, 0xC0, 0x3F, 0x00, 0x04,
    0x13, 0x05, 0x00, 0x8F, 0x16, 0xF6, 0x2D, 0x0B, 0x00, 0x3B, 0x00, 0xEA, 0x1B, 0x00, 0x05, 0x00,
    0x3F, 0x00, 0x04, 0x03, 0x05, 0x00, 0x61, 0x00, 0x04, 0x03, 0x00, 0x6A, 0x27, 0x11, 0xCC, 0x43,
    0x0C, 0x2A, 0x4D, 0x09, 0x00, 0x61, 0x00, 0x04, 0x00, 0x8B, 0x06, 0x00, 0x59, 0x00, 0xEA, 0x0B,
    0x13, 0xCC, 0x51, 0x04, 0x6C, 0x39, 0x1E, 0xE0, 0x29, 0x04, 0x04, 0x2D, 0x00, 0x12, 0x37, 0x00,
    0x01, 0xC4, 0x2D, 0x0F, 0x00, 0x2D, 0x02, 0x7E, 0x19, 0x15, 0xE0, 0x47, 0x00, 0x04, 0x0B, 0x1B,
    0xE0, 0x43, 0x0A, 0x96, 0x2D, 0x00, 0x30, 0x1D, 0x00, 0x02, 0x00, 0x7B, 0x00, 0xD6, 0x29, 0x14,
    0x00, 0x55, 0x00, 0x2A, 0x0F, 0x02, 0x7E, 0x09, 0x04, 0xA8, 0x37, 0x1D, 0xA0, 0x6F, 0x04, 0xA8,
    0x19, 0x00, 0x00, 0x6A, 0x29, 0x1B, 0xE0, 0x3F, 0x02, 0x56, 0x2D, 0x02, 0x00, 0x75, 0x03, 0x00,
    0x6D, 0x00, 0x04, 0x0F, 0x1C, 0xDE, 0x3F, 0x01, 0xC0, 0x51, 0x00, 0x00, 0x68, 0x13, 0x05, 0x00,
    0xBB, 0x02, 0x6C, 0x2D, 0x02, 0x00, 0x63, 0x04, 0x00, 0x57, 0x01, 0x2A, 0x3F, 0x00, 0x26, 0x0B,
    0x04, 0x00, 0x6B, 0x00, 0x02, 0x98, 0x37, 0x02, 0xC0, 0x2D, 0x00, 0x2A, 0x0F, 0x06, 0x00, 0x2D,
    0x00, 0x04, 0x0F, 0x0E, 0x14, 0x3F, 0x02, 0x00, 0x6B, 0x04, 0x00, 0x4F, 0x00, 0x18, 0x00, 0x4B,
    0x02, 0x94, 0x33, 0x00, 0x58, 0x49, 0x1E, 0x3A, 0x1B, 0x0D, 0x2A, 0x3B, 0x00, 0x14, 0x0B, 0x1E,
    0x50, 0x31, 0x08, 0x6C, 0x3F, 0x00, 0x00, 0x04, 0x07, 0x02, 0x00, 0x69, 0x09, 0x00, 0x4B, 0x00,
    0x04, 0x03, 0x07, 0x40, 0x59, 0x02, 0x2A, 0x3B, 0x03, 0x40, 0x59, 0x0A, 0xA8, 0x45, 0x00, 0x0F,
    0x42, 0x31, 0x03, 0x68, 0x2D, 0x02, 0xD6, 0x33, 0x02, 0x00, 0x53, 0x09, 0x00, 0x55, 0x01, 0xC0,
    0x3B, 0x05, 0x00, 0x81, 0x0E, 0x6A, 0x3B, 0x00, 0x00, 0x04, 0x13, 0x05, 0x00, 0x55, 0x00, 0x04,
    0x0B, 0x0B, 0x00, 0x81, 0x05, 0x00, 0x27, 0x04, 0x00, 0x6B, 0x02, 0x56, 0x29, 0x0F, 0x00, 0x55,
    0x00, 0x01, 0xD6, 0x33, 0x10, 0xD2, 0x29, 0x06, 0x00, 0x85, 0x00, 0x04, 0x0B, 0x06, 0x00, 0x81,
    0x08, 0xC8, 0x1B, 0x00, 0x04, 0x13, 0x00, 0xA2, 0x1D, 0x00, 0x13, 0xB2, 0x1B, 0x15, 0xE0, 0x37,
    0x1E, 0xCA, 0x1B, 0x15, 0xE0, 0x47, 0x00, 0x04, 0x07, 0x01, 0xE0, 0x4D, 0x08, 0x08, 0x3B, 0x1B,
    0xE0, 0x51, 0x00, 0x02, 0x00, 0x89, 0x00, 0x04, 0x27, 0x01, 0xC0, 0x1D, 0x02, 0x2A, 0x1B, 0x00,
    0x04, 0x0B, 0x1D, 0xA0, 0x3F, 0x02, 0xE8, 0x43, 0x07, 0x9E, 0x37, 0x00, 0x15, 0xCE, 0x31, 0x00,
    0x14, 0x0B, 0x16, 0x1A, 0x29, 0x1B, 0xE0, 0x37, 0x06, 0x06, 0x25, 0x00, 0x04, 0x1F, 0x02, 0x00,
    0x53, 0x1C, 0xE2, 0x29, 0x00, 0x00, 0x14, 0x0B, 0x1D, 0xA0, 0x3F, 0x01, 0x40, 0x33, 0x1D, 0xA0,
    0x29, 0x0C, 0x88, 0x1F, 0x05, 0x00, 0x3B, 0x1A, 0xA2, 0x3B, 0x00, 0xFC, 0x21, 0x00, 0x05, 0x00,
    0x59, 0x0A, 0xE2, 0x29, 0x02, 0x00, 0x55, 0x07, 0xF8, 0x31, 0x00, 0xC0, 0x0F, 0x01, 0x2A, 0x1F,
    0x1D, 0x36, 0x3F, 0x04, 0x00, 0x3B, 0x00, 0x1D, 0xA0, 0x5D, 0x00, 0x04, 0x03, 0x08, 0x26, 0x43,
    0x06, 0x00, 0x8B, 0x02, 0x00, 0x67, 0x00, 0x04, 0x03, 0x01, 0x2E, 0x1D, 0x17, 0x06, 0x31, 0x00,
    0x0B, 0x60, 0x3B, 0x05, 0xA8, 0x29, 0x04, 0xEA, 0x2D, 0x09, 0x00, 0x51, 0x00, 0x04, 0x0B, 0x07,
    0xC0, 0x3F, 0x00, 0xBE, 0x43, 0x06, 0x58, 0x25, 0x00, 0x02, 0x00, 0x79, 0x00, 0xAA, 0x2F, 0x03,
    0x00, 0x37, 0x08, 0x08, 0x0F, 0x12, 0x8A, 0x2D, 0x01, 0xC0, 0x37, 0x01, 0x7A, 0x31, 0x19, 0x36,
    0x37, 0x00, 0x0F, 0x5E, 0x3F, 0x02, 0x7E, 0x33, 0x17, 0x30, 0x1F, 0x0B, 0x00, 0x3B, 0x02, 0x00,
    0x49, 0x00, 0x04, 0x07, 0x0A, 0x40, 0x29, 0x04, 0xC2, 0x3B, 0x00, 0x05, 0x00, 0x87, 0x00, 0xF4,
    0x1F, 0x02, 0xD6, 0x3B, 0x05, 0x00, 0x51, 0x0B, 0xBE, 0x2D, 0x05, 0x00, 0x45, 0x02, 0x00, 0x57,
    0x04, 0x00, 0x67, 0x00, 0x12, 0xA0, 0x55, 0x00, 0x04, 0x0B, 0x04, 0x00, 0x31, 0x0E, 0xD4, 0x2D,
    0x06, 0x00, 0x51, 0x0C, 0xD6, 0x51, 0x06, 0x00, 0x8B, 0x0F, 0x00, 0x2F, 0x00, 0x00, 0x04, 0x0F,
    0x1F, 0xB4, 0x3F, 0x1C, 0xB6, 0x3B, 0x01, 0x56, 0x1D, 0x01, 0xCE, 0x0D, 0x04, 0x00, 0x37, 0x09,
    0xFC, 0x21, 0x04, 0xAC, 0x43, 0x00, 0x00, 0xEA, 0x33, 0x12, 0x40, 0x47, 0x02, 0x00, 0x6F, 0x02,
    0x2A, 0x65, 0x00, 0x14, 0x0B, 0x19, 0x20, 0x47, 0x00, 0x04, 0x0B, 0x04, 0xA8, 0x2D, 0x00, 0x04,
    0x2C, 0x2F, 0x02, 0xD6, 0x0F, 0x06, 0x46, 0x23, 0x07, 0x68, 0x3B, 0x0F, 0x5C, 0x3B, 0x19, 0xA0,
    0x6B, 0x00, 0x3C, 0x0F, 0x00, 0x28, 0x19, 0x00, 0x05, 0x00, 0xD7, 0x00, 0x30, 0x0F, 0x04, 0xA8,
    0x23, 0x00, 0x04, 0x0F, 0x05, 0x00, 0x87, 0x12, 0x38, 0x1F, 0x05, 0x00, 0xB9, 0x06, 0xD6, 0x59,
    0x00, 0x00, 0x04, 0x0F, 0x1A, 0x82, 0x43, 0x04, 0x00, 0x41, 0x14, 0x0E, 0x23, 0x06, 0x00, 0x69,
    0x05, 0xA8, 0x31, 0x06, 0x00, 0x75, 0x02, 0x00, 0x47, 0x00, 0x00, 0x04, 0x03, 0x0D, 0x92, 0x3F,
    0x0F, 0x00, 0x3B, 0x00, 0x0C, 0x03, 0x06, 0xD6, 0x1B, 0x15, 0x68, 0x43, 0x05, 0x16, 0x13, 0x00,
    0x5A, 0x13, 0x00, 0x16, 0x7E, 0x3B, 0x16, 0xE8, 0x37, 0x02, 0xD6, 0x3F, 0x00, 0xEA, 0x17, 0x08,
    0x2A, 0x51, 0x14, 0x00, 0x41, 0x00, 0x14, 0x0B, 0x00, 0xD6, 0x29, 0x00, 0x09, 0x00, 0x51, 0x19,
    0x16, 0x2D, 0x18, 0x28, 0x37, 0x06, 0x7E, 0x3B, 0x02, 0x2A, 0x43, 0x05, 0x00, 0x45, 0x01, 0x96,
    0x1F, 0x19, 0x54, 0x3B, 0x00, 0x02, 0x00, 0x51, 0x00, 0x04, 0x03, 0x0E, 0x00, 0x37, 0x01, 0x40,
    0x13, 0x00, 0x04, 0x13, 0x08, 0x2C, 0x2D, 0x05, 0x00, 0x57, 0x00, 0x80, 0x35, 0x00, 0x05, 0x00,
    0x81, 0x0A, 0x54, 0x29, 0x05, 0x00, 0x57, 0x02, 0x00, 0x45, 0x04, 0x00, 0xDF, 0x01, 0x2A, 0x0F,
    0x0B, 0x56, 0x3D, 0x0F, 0x00, 0x69, 0x00, 0x01, 0xA0, 0x23, 0x06, 0x00, 0xAB, 0x00, 0xD6, 0x03,
    0x00, 0x4E, 0x35, 0x01, 0xF0, 0x17, 0x00, 0xB8, 0x2F, 0x04, 0x92, 0x2D, 0x00, 0x04, 0x0B, 0x00,
    0x01, 0xCE, 0x1F, 0x01, 0xC0, 0x07, 0x04, 0x8E, 0x4D, 0x02, 0x82, 0x0F, 0x01, 0x54, 0x17, 0x00,
    0x04, 0x17, 0x15, 0xE0, 0x37, 0x06, 0x0E, 0x39, 0x00, 0x02, 0x00, 0x81, 0x1B, 0x0C, 0x3B, 0x18,
    0x4C, 0x43, 0x03, 0xEA, 0x31, 0x00, 0x04, 0x0B, 0x07, 0x22, 0x37, 0x00, 0x04, 0x0F, 0x10, 0xE0,
    0x27, 0x00, 0x01, 0xC0, 0x2B, 0x02, 0x2A, 0x51, 0x1B, 0xE0, 0x55, 0x02, 0x00, 0x65, 0x01, 0x40,
    0x39, 0x03, 0x00, 0x2F, 0x00, 0xC0, 0x3F, 0x00, 0x04, 0x13, 0x00, 0x05, 0x00, 0xA1, 0x11, 0xE0,
    0x43, 0x02, 0xD6, 0x4B, 0x02, 0x00, 0x83, 0x00, 0x04, 0x27, 0x04, 0x00, 0x77, 0x01, 0x2A, 0x2B,
    0x0D, 0xE2, 0x2D, 0x00, 0x06, 0x00, 0x7D, 0x03, 0x2A, 0x4D, 0x06, 0x00, 0x3B, 0x00, 0x04, 0x17,
    0x02, 0x00, 0x55, 0x05, 0xC0, 0x4B, 0x04, 0x00, 0x4F, 0x0C, 0x40, 0x07, 0x00, 0x07, 0x9C, 0x3B,
    0x00, 0xAC, 0x29, 0x18, 0xA4, 0x2D, 0x06, 0x00, 0x43, 0x00, 0xAC, 0x19, 0x00, 0x04, 0x17, 0x16,
    0x4A, 0x2F, 0x00, 0x04, 0x23, 0x00, 0x02, 0x00, 0x67, 0x1D, 0xA0, 0x4F, 0x07, 0x94, 0x4D, 0x02,
    0x2A, 0x31, 0x15, 0x4E, 0x3F, 0x00, 0xB6, 0x17, 0x02, 0x2A, 0x21, 0x0E, 0x24, 0x33, 0x00, 0x0B,
    0x00, 0x4F, 0x03, 0xC0, 0x2B, 0x02, 0x00, 0x6D, 0x0A, 0xC0, 0x4D, 0x0E, 0xCC, 0x31, 0x09, 0x00,
    0x59, 0x05, 0x00, 0xA9, 0x00, 0x04, 0x07, 0x00, 0x05, 0x00, 0x67, 0x02, 0x00, 0x7B, 0x01, 0x6C,
    0x35, 0x04, 0x00, 0x67, 0x03, 0xB4, 0x2F, 0x04, 0x00, 0x93, 0x0B, 0x00, 0x3F, 0x1D, 0x74, 0x29,
    0x00, 0x06, 0x00, 0x55, 0x02, 0x00, 0x4B, 0x17, 0xCC, 0x2D, 0x06, 0x7E, 0x29, 0x00, 0x04, 0x0F,
    0x0A, 0x16, 0x31, 0x0B, 0x36, 0x33, 0x10, 0xAA, 0x2D, 0x00, 0x00, 0x04, 0x13, 0x1B, 0xE0, 0x37,
    0x00, 0xEA, 0x3B, 0x02, 0xD6, 0x3B, 0x15, 0x50, 0x1B, 0x19, 0xCC, 0x3B, 0x02, 0x00, 0x4D, 0x0E,
    0x28, 0x41, 0x00, 0x06, 0x98, 0x3B, 0x0C, 0x68, 0x43, 0x15, 0xAA, 0x3B, 0x00, 0x04, 0x0B, 0x05,
    0x00, 0x43, 0x00, 0x40, 0x0F, 0x10, 0x00, 0x51, 0x04, 0xA4, 0x1F, 0x00, 0x02, 0xD6, 0x51, 0x00,
    0x04, 0x07, 0x02, 0x00, 0x3D, 0x03, 0x00, 0x35, 0x00, 0x04, 0x07, 0x05, 0x00, 0x67, 0x1A, 0x22,
    0x3B, 0x05, 0x00, 0x47, 0x00, 0x00, 0xC2, 0x1D, 0x05, 0x00, 0x59, 0x00, 0x3C, 0x0F, 0x0A, 0x50,
    0x2D, 0x05, 0x00, 0x43, 0x00, 0x04, 0x07, 0x05, 0x00, 0x3D, 0x00, 0x04, 0x0F, 0x00, 0x09, 0x00,
    0x73, 0x01, 0x7E, 0x0F, 0x04, 0x00, 0x67, 0x00, 0x44, 0x0F, 0x18, 0x6A, 0x31, 0x05, 0x72, 0x33,
    0x06, 0x00, 0xD5, 0x14, 0x00, 0x41, 0x00, 0x00, 0x04, 0x0F, 0x04, 0x00, 0x29, 0x00, 0x18, 0x0B,
    0x0F, 0x00, 0x67, 0x13, 0x50, 0x1B, 0x1D, 0x6A, 0x63, 0x00, 0x04, 0x13, 0x04, 0xD4, 0x2D, 0x00,
    0x0F, 0x00, 0x55, 0x02, 0x0A, 0x37, 0x02, 0x00, 0x55, 0x05, 0x00, 0xA7, 0x00, 0x3C, 0x0B, 0x08,
    0x96, 0x2D, 0x02, 0xD6, 0x51, 0x07, 0x1C, 0x2D, 0x00, 0x00, 0x14, 0x0B, 0x00, 0x12, 0x1B, 0x0D,
    0x7E, 0x45, 0x05, 0x00, 0xF1, 0x0E, 0x00, 0x8B, 0x02, 0xD6, 0x47, 0x00, 0x04, 0x0B, 0x00, 0x58,
    0x0F, 0x00, 0x13, 0x50, 0x3B, 0x05, 0x00, 0x61, 0x00, 0x04, 0x37, 0x02, 0x00, 0x4B,
];

/// The 16 level-palette core reference colours in code order 0..=15.
pub static CLUT_RGB: [(u8, u8, u8); 16] = [
    (0, 0, 0),
    (60, 62, 68),
    (74, 76, 84),
    (232, 232, 240),
    (216, 40, 60),
    (46, 90, 52),
    (107, 84, 50),
    (122, 96, 144),
    (138, 31, 176),
    (255, 138, 16),
    (242, 242, 242),
    (0, 210, 255),
    (42, 46, 56),
    (90, 70, 50),
    (58, 90, 122),
    (255, 46, 136),
];

/// Streams and decompresses 16-bit BGR555 pixels on-the-fly using an 8192-byte ring buffer.
/// Emits each 16-bit halfword directly to the consumer callback with zero heap allocations.
pub fn decompress_stream<F: FnMut(u16)>(
    src: &[u8],
    total_halfwords: usize,
    ring: &mut [u8; STREAM_WINDOW],
    mut emit: F,
) {
    let total_bytes = total_halfwords * 2;
    let mut in_pos = 0;
    let mut out_pos = 0;
    let mut lo_byte: u8 = 0;
    let mut has_lo = false;

    while out_pos < total_bytes && in_pos < src.len() {
        let flag = src[in_pos];
        in_pos += 1;
        for bit in 0..8 {
            if out_pos >= total_bytes || in_pos >= src.len() {
                break;
            }
            if (flag & (1 << bit)) != 0 {
                let b = src[in_pos];
                in_pos += 1;
                ring[out_pos % STREAM_WINDOW] = b;
                out_pos += 1;
                if !has_lo {
                    lo_byte = b;
                    has_lo = true;
                } else {
                    emit((lo_byte as u16) | ((b as u16) << 8));
                    has_lo = false;
                }
            } else {
                if in_pos + 3 > src.len() {
                    return;
                }
                let b0 = src[in_pos] as usize;
                let b1 = src[in_pos + 1] as usize;
                let mlen = (src[in_pos + 2] as usize) + 3;
                in_pos += 3;
                let dist = (b0 << 8) | b1;
                for _ in 0..mlen {
                    if out_pos >= total_bytes {
                        break;
                    }
                    let b = ring[(out_pos.wrapping_sub(dist)) % STREAM_WINDOW];
                    ring[out_pos % STREAM_WINDOW] = b;
                    out_pos += 1;
                    if !has_lo {
                        lo_byte = b;
                        has_lo = true;
                    } else {
                        emit((lo_byte as u16) | ((b as u16) << 8));
                        has_lo = false;
                    }
                }
            }
        }
    }
}

/// Decompresses a 15-bit texture stream into a destination slice of halfwords.
pub fn decompress_to_slice(src: &[u8], dst: &mut [u16]) {
    let mut ring = [0u8; STREAM_WINDOW];
    let mut idx = 0;
    let max_len = dst.len();
    decompress_stream(src, max_len, &mut ring, |halfword| {
        if idx < max_len {
            dst[idx] = halfword;
            idx += 1;
        }
    });
}
